Timestamp,Relative Time (s),CPU Usage (%),Memory Usage (Mo),Memory Usage (%),Disk Read (Mo/s),Disk Write (Mo/s),Network (Ko/s),CPU Temperature (°C),Encrypted Files,Encrypted Disk Usage (%),Encryption Speed (o/s)
19:55:44.000,0.0,0.5,629.86,21.3,0.0,0.0,0.0,57.9,0,0.0,0
19:55:45.100,1.1,0.0,631.61,21.3,0.0,0.0,0.0,57.9,0,0.0,0
19:55:46.190,2.19,0.0,631.55,21.3,0.0,0.02,0.0,58.9,0,0.0,0
19:55:47.290,3.29,0.0,631.77,21.3,0.0,0.0,0.0,58.4,0,0.0,0
19:55:48.380,4.38,0.0,632.01,21.4,0.0,0.03,0.0,59.9,0,0.0,0
19:55:49.540,5.54,0.0,632.01,21.3,0.0,0.0,0.0,58.9,0,0.0,0
19:55:50.630,6.63,0.0,632.01,21.3,0.0,0.0,0.0,58.4,0,0.0,0
19:55:51.720,7.72,0.0,632.01,21.3,0.0,0.03,0.0,59.4,0,0.0,0
19:55:52.820,8.82,0.0,632.01,21.3,0.0,0.0,0.0,59.4,0,0.0,0
19:55:53.910,9.91,0.0,632.26,21.4,0.0,0.0,0.0,59.4,0,0.0,0
19:55:55.080,11.08,0.0,632.0,21.3,0.0,0.01,0.0,59.4,0,0.0,0
19:55:56.170,12.17,0.0,632.0,21.3,0.0,0.0,0.0,58.9,0,0.0,0
19:55:57.270,13.27,0.0,632.25,21.4,0.0,0.0,0.0,59.4,0,0.0,0
19:55:58.360,14.36,0.5,632.25,21.4,0.0,0.0,0.0,59.4,0,0.0,0
19:55:59.460,15.46,0.0,632.25,21.4,0.0,0.01,0.0,58.9,0,0.0,0
19:56:00.620,16.62,0.0,632.25,21.4,0.0,0.0,0.0,60.3,0,0.0,0
19:56:01.710,17.71,0.0,632.5,21.4,0.0,0.0,0.0,59.4,0,0.0,0
19:56:02.810,18.81,0.0,632.25,21.4,0.0,0.0,0.0,59.4,0,0.0,0
19:56:03.900,19.9,0.0,632.5,21.4,0.0,0.0,0.0,59.4,0,0.0,0
19:56:05.000,21.0,0.5,632.5,21.4,0.0,0.02,0.0,59.4,0,0.0,0
19:56:06.160,22.16,0.0,632.24,21.4,0.0,0.0,0.0,59.4,0,0.0,0
19:56:07.260,23.26,0.0,632.49,21.4,0.0,0.0,0.0,59.4,0,0.0,0
19:56:08.350,24.35,0.5,632.24,21.4,0.0,0.0,0.0,59.4,0,0.0,0
19:56:09.450,25.45,0.0,632.24,21.4,0.0,0.0,0.0,59.4,0,0.0,0
19:56:10.540,26.54,1.0,632.1,21.4,0.0,0.01,0.0,58.9,0,0.0,0
19:56:11.710,27.71,0.0,631.99,21.3,0.0,0.01,0.0,59.9,0,0.0,0
19:56:12.800,28.8,0.0,631.99,21.3,0.0,0.0,0.0,59.4,0,0.0,0
19:56:13.900,29.9,0.0,631.99,21.3,0.0,0.0,0.0,59.4,0,0.0,0
19:56:14.990,30.99,0.0,629.23,21.3,0.0,0.09,0.0,59.4,0,0.0,0
19:56:16.090,32.09,0.0,629.96,21.3,0.0,0.0,0.0,60.3,0,0.0,0
19:56:17.250,33.25,0.0,630.18,21.3,0.0,0.0,0.0,60.8,0,0.0,0
19:56:18.340,34.34,0.0,630.43,21.3,0.0,0.0,0.0,59.4,0,0.0,0
19:56:19.440,35.44,14.1,630.39,21.3,0.0,0.0,0.0,60.8,0,0.0,0
19:56:20.540,36.54,0.0,630.39,21.3,0.0,0.01,0.0,59.9,0,0.0,0
19:56:21.630,37.63,0.0,630.39,21.3,0.0,0.0,0.0,59.4,0,0.0,0
19:56:22.790,38.79,0.0,630.65,21.3,0.0,0.0,0.0,59.9,0,0.0,0
19:56:23.890,39.89,0.0,630.65,21.3,0.0,0.0,0.0,59.4,0,0.0,0
19:56:24.980,40.98,0.0,630.65,21.3,0.0,0.0,0.0,59.9,0,0.0,0
19:56:26.080,42.08,0.0,630.65,21.3,0.0,0.0,0.0,60.8,0,0.0,0
19:56:27.170,43.17,0.0,630.65,21.3,0.0,0.0,0.0,60.8,0,0.0,0
19:56:28.340,44.34,0.0,630.41,21.3,0.0,0.0,0.0,59.9,0,0.0,0
19:56:29.430,45.43,0.0,630.41,21.3,0.0,0.0,0.0,59.9,0,0.0,0
19:56:30.530,46.53,0.0,630.41,21.3,0.0,0.0,0.0,59.4,0,0.0,0
19:56:31.620,47.62,0.0,630.41,21.3,0.0,0.0,0.0,59.4,0,0.0,0
19:56:32.720,48.72,0.0,630.41,21.3,0.0,0.0,0.0,58.4,0,0.0,0
19:56:33.880,49.88,0.0,630.41,21.3,0.0,0.0,0.0,59.4,0,0.0,0
19:56:34.970,50.97,0.5,630.41,21.3,0.0,0.0,0.0,59.9,0,0.0,0
19:56:36.070,52.07,0.0,630.41,21.3,0.0,0.0,0.0,59.4,0,0.0,0
19:56:37.160,53.16,0.0,630.41,21.3,0.0,0.0,0.0,59.9,0,0.0,0
19:56:38.250,54.25,0.0,630.41,21.3,0.0,0.0,0.0,60.3,0,0.0,0
19:56:39.410,55.41,0.0,630.41,21.3,0.0,0.0,0.0,59.9,0,0.0,0
19:56:40.510,56.51,0.0,630.41,21.3,0.0,0.0,0.0,59.4,0,0.0,0
19:56:41.600,57.6,0.0,630.41,21.3,0.0,0.0,0.0,60.3,0,0.0,0
19:56:42.700,58.7,0.0,630.16,21.3,0.0,0.0,0.0,60.3,0,0.0,0
19:56:43.790,59.79,0.0,630.16,21.3,0.0,0.0,0.0,58.9,0,0.0,0
19:56:44.960,60.96,0.0,630.16,21.3,0.0,0.0,0.0,59.9,0,0.0,0
19:56:46.050,62.05,0.5,630.16,21.3,0.0,0.01,0.0,59.9,0,0.0,0
19:56:47.150,63.15,0.0,630.16,21.3,0.0,0.0,0.0,59.4,0,0.0,0
19:56:48.240,64.24,0.0,630.16,21.3,0.0,0.0,0.0,59.4,0,0.0,0
19:56:49.340,65.34,0.0,630.16,21.3,0.0,0.04,0.0,59.9,0,0.0,0
19:56:50.500,66.5,0.0,630.16,21.3,0.0,0.0,0.0,59.9,0,0.0,0
19:56:51.600,67.6,0.5,630.16,21.3,0.0,0.0,0.0,59.9,0,0.0,0
19:56:52.690,68.69,0.0,630.15,21.3,0.0,0.02,0.0,60.3,0,0.0,0
19:56:53.790,69.79,0.0,630.15,21.3,0.0,0.0,0.0,60.3,0,0.0,0
19:56:54.880,70.88,25.1,637.03,21.5,0.0,0.01,0.0,61.8,0,0.0,0
19:56:55.980,71.98,24.6,637.03,21.5,0.0,0.0,0.0,61.8,0,0.0,0
19:56:57.070,73.07,25.0,636.79,21.5,0.0,0.0,0.0,62.8,0,0.0,0
19:56:58.170,74.17,25.0,636.54,21.5,0.0,0.0,0.0,61.8,0,0.0,0
19:56:59.270,75.27,25.4,636.54,21.5,0.0,0.0,0.0,62.8,0,0.0,0
19:57:00.370,76.37,25.4,636.29,21.5,0.0,0.02,0.0,62.8,0,0.0,0
19:57:01.460,77.46,25.0,636.29,21.5,0.0,0.0,0.0,63.3,0,0.0,0
19:57:02.560,78.56,25.0,636.53,21.5,0.0,0.0,0.0,63.7,0,0.0,0
19:57:03.660,79.66,25.0,637.02,21.5,0.0,0.0,0.0,64.2,0,0.0,0
19:57:04.750,80.75,25.0,636.77,21.5,0.0,0.01,0.0,63.7,0,0.0,0
19:57:05.850,81.85,25.0,636.71,21.5,0.0,0.0,0.0,62.8,0,0.0,0
19:57:06.950,82.95,25.0,636.71,21.5,0.0,0.0,0.0,64.2,0,0.0,0
19:57:08.040,84.04,25.0,636.95,21.5,0.0,0.0,0.0,64.7,0,0.0,0
19:57:09.140,85.14,25.0,636.95,21.5,0.0,0.0,0.0,64.7,0,0.0,0
19:57:10.230,86.23,26.6,636.7,21.5,0.0,0.03,0.0,64.7,76,4.94,25538497
19:57:11.330,87.33,25.4,636.95,21.5,0.0,0.0,0.0,64.2,78,5.34,2097152
19:57:12.430,88.43,25.5,637.19,21.5,0.0,0.0,0.0,63.3,80,5.75,2097152
19:57:13.530,89.53,25.4,636.7,21.5,0.0,0.0,0.0,64.7,82,6.16,2097152
19:57:14.630,90.63,25.0,637.43,21.5,0.0,0.14,0.0,64.2,84,6.56,2097152
19:57:15.730,91.73,25.0,637.53,21.5,0.0,0.0,0.0,64.2,86,6.97,2097152
19:57:16.840,92.84,25.1,637.18,21.5,0.0,0.0,0.0,65.2,87,7.17,1048576
19:57:17.940,93.94,25.1,637.18,21.5,0.0,0.0,0.0,63.7,89,7.57,2097152
19:57:19.040,95.04,25.0,637.18,21.5,0.0,0.0,0.0,65.2,91,7.98,2097152
19:57:20.140,96.14,25.1,636.93,21.5,0.0,0.03,0.0,64.7,93,8.39,2097152
19:57:21.240,97.24,25.1,636.93,21.5,0.0,0.0,0.0,65.2,95,8.79,2097152
19:57:22.340,98.34,25.5,636.93,21.5,0.0,0.0,0.0,64.2,97,9.2,2097152
19:57:23.440,99.44,25.0,636.93,21.5,0.0,0.0,0.0,64.7,99,9.6,2097152
19:57:24.540,100.54,25.5,637.16,21.5,0.0,0.03,0.0,63.7,101,10.01,2097152
19:57:25.640,101.64,25.5,636.92,21.5,0.0,15.04,0.0,64.7,103,10.41,2097152
19:57:26.740,102.74,25.9,637.16,21.5,0.0,9.19,0.0,64.7,105,10.82,2097152
19:57:27.840,103.84,25.0,637.02,21.5,0.0,0.0,0.0,66.2,106,11.22,2097152
19:57:28.950,104.95,25.5,636.92,21.5,0.0,0.0,0.0,65.2,108,11.43,1048576
19:57:30.050,106.05,25.4,636.91,21.5,0.0,0.05,0.0,65.2,110,11.83,2097152
19:57:31.150,107.15,25.1,636.66,21.5,0.0,0.0,0.0,65.2,112,12.24,2097152
19:57:32.250,108.25,25.1,636.66,21.5,0.0,0.18,0.0,65.7,114,12.64,2097152
19:57:33.350,109.35,25.0,636.9,21.5,0.0,0.0,0.0,65.2,116,13.05,2097152
19:57:34.450,110.45,25.5,636.66,21.5,0.0,0.0,0.0,65.7,118,13.45,2097152
19:57:35.550,111.55,25.5,636.66,21.5,0.0,0.0,0.0,66.2,120,13.86,2097152
19:57:36.650,112.65,25.5,636.66,21.5,0.0,0.0,0.0,66.2,122,14.27,2097152
19:57:37.750,113.75,25.9,636.89,21.5,0.0,0.04,0.0,66.7,124,14.67,2097152
19:57:38.850,114.85,25.0,636.89,21.5,0.0,0.0,0.0,66.7,126,15.08,2097152
19:57:39.950,115.95,24.6,636.89,21.5,0.0,0.0,0.0,65.7,127,15.28,1048576
19:57:41.060,117.06,25.9,636.89,21.5,0.0,0.0,0.0,65.7,129,15.69,2097152
19:57:42.160,118.16,25.4,636.64,21.5,0.0,4.36,0.0,65.7,131,16.09,2097152
19:57:43.260,119.26,25.9,636.63,21.5,0.0,0.0,0.0,65.7,133,16.5,2097152
19:57:44.360,120.36,25.4,636.39,21.5,0.0,0.0,0.0,65.7,135,16.9,2097152
19:57:45.460,121.46,25.5,636.39,21.5,0.0,0.0,0.0,66.2,137,17.31,2097152
19:57:46.560,122.56,25.9,636.39,21.5,0.0,0.0,0.0,65.7,139,17.71,2097152
19:57:47.660,123.66,25.1,636.14,21.5,0.0,9.05,0.0,65.7,141,18.12,2097152
19:57:48.760,124.76,25.1,636.38,21.5,0.0,0.0,0.0,65.7,143,18.52,2097152
19:57:49.870,125.87,25.0,636.62,21.5,0.0,0.0,0.0,65.7,145,18.93,2097152
19:57:50.970,126.97,25.1,636.38,21.5,0.0,0.0,0.0,65.7,146,19.34,2097152
19:57:52.070,128.07,25.4,636.61,21.5,0.0,0.04,0.0,66.2,148,19.54,1048576
19:57:53.180,129.18,25.6,636.61,21.5,0.0,10.06,0.0,65.7,150,19.94,2097152
19:57:54.280,130.28,25.9,636.36,21.5,0.0,0.0,0.0,67.2,152,20.35,2097152
19:57:55.380,131.38,25.1,636.61,21.5,0.0,0.0,0.0,65.7,154,20.75,2097152
19:57:56.480,132.48,25.1,636.36,21.5,0.0,0.0,0.0,66.7,156,21.16,2097152
19:57:57.580,133.58,25.5,636.61,21.5,0.0,0.0,0.0,66.2,158,21.57,2097152
19:57:58.680,134.68,25.6,636.35,21.5,0.0,10.1,0.0,66.2,160,21.97,2097152
19:57:59.780,135.78,25.7,636.6,21.5,0.0,0.0,0.0,67.2,162,22.38,2097152
19:58:00.890,136.89,25.1,636.35,21.5,0.0,0.0,0.0,66.2,164,22.78,2097152
19:58:01.990,137.99,25.0,636.35,21.5,0.0,0.0,0.0,66.2,166,23.19,2097152
19:58:03.090,139.09,25.5,636.11,21.5,0.0,0.0,0.0,66.7,167,23.39,1048576
19:58:04.200,140.2,25.5,636.34,21.5,0.0,8.11,0.0,66.7,169,23.8,2097152
19:58:05.300,141.3,25.1,636.59,21.5,0.0,1.0,0.0,65.2,171,24.2,2097152
19:58:06.410,142.41,25.5,636.34,21.5,0.0,0.0,0.0,66.2,173,24.61,2097152
19:58:07.510,143.51,25.0,636.1,21.5,0.0,0.0,0.0,67.6,175,25.01,2097152
19:58:08.610,144.61,25.0,636.88,21.5,0.0,0.49,0.0,67.2,388,25.47,2373188
19:58:09.720,145.72,31.7,636.87,21.5,0.0,6.0,0.0,66.2,428,25.85,1971384
19:58:10.840,146.84,30.7,636.63,21.5,0.0,4.0,0.0,67.6,468,26.23,1941368
19:58:11.960,147.96,31.2,636.62,21.5,0.0,0.0,0.0,68.1,569,26.6,1944063
19:58:13.080,149.08,27.3,636.37,21.5,0.0,0.0,0.0,67.6,654,26.89,1490327
19:58:14.190,150.19,25.1,636.6,21.5,0.0,0.66,0.0,68.6,655,27.16,1402218
19:58:15.300,151.3,25.9,636.6,21.5,0.0,5.01,0.0,67.2,662,27.56,2071507
19:58:16.410,152.41,29.8,636.3,21.5,0.0,5.0,0.0,67.6,1033,27.98,2170094
19:58:17.530,153.53,25.0,636.59,21.5,0.0,0.0,0.0,67.2,1033,27.98,0
19:58:18.640,154.64,24.0,636.58,21.5,0.0,0.44,0.0,67.6,1033,27.98,0
19:58:19.760,155.76,25.0,636.58,21.5,0.0,0.0,0.0,68.1,1033,27.98,0
19:58:20.880,156.88,25.1,636.58,21.5,0.0,4.01,0.0,66.7,1033,27.98,0
19:58:21.990,157.99,25.0,636.82,21.5,0.0,6.0,0.0,66.7,1033,27.98,0
19:58:23.110,159.11,25.0,637.17,21.5,0.0,0.0,0.0,68.1,1033,27.98,0
19:58:24.220,160.22,24.6,637.31,21.5,0.0,0.02,0.0,67.6,1033,27.98,0
19:58:25.330,161.33,24.6,637.31,21.5,0.0,0.0,0.0,68.1,1033,27.98,0
19:58:26.440,162.44,25.4,637.31,21.5,0.0,3.0,0.0,68.1,1033,27.98,0
19:58:27.560,163.56,24.6,637.31,21.5,0.0,6.0,0.0,67.6,1033,27.98,0
19:58:28.670,164.67,24.5,637.3,21.5,0.0,0.01,0.0,68.1,1033,27.98,0
19:58:29.780,165.78,25.0,637.3,21.5,0.0,0.0,0.0,67.6,1033,27.98,0
19:58:30.900,166.9,25.4,637.3,21.5,0.0,0.0,0.0,66.7,1033,27.98,0
19:58:32.020,168.02,25.0,637.3,21.5,0.0,2.0,0.0,68.1,1033,27.98,0
19:58:33.140,169.14,25.0,637.79,21.5,0.0,8.09,0.0,67.2,1033,27.98,0
19:58:34.250,170.25,25.0,637.79,21.5,0.0,0.01,0.0,67.6,1033,27.98,0
19:58:35.360,171.36,25.0,637.79,21.5,0.0,0.0,0.0,67.6,1033,27.98,0
19:58:36.480,172.48,25.5,637.54,21.5,0.0,0.0,0.0,67.6,1033,27.98,0
19:58:37.590,173.59,25.0,638.77,21.5,0.0,0.0,0.0,66.7,1033,27.98,0
19:58:38.710,174.71,25.0,638.76,21.5,0.0,10.04,0.0,67.6,1033,27.98,0
19:58:39.820,175.82,25.4,638.52,21.5,0.0,0.0,0.0,66.7,1033,27.98,0
19:58:40.940,176.94,25.0,639.01,21.5,0.0,0.0,0.0,66.7,1033,27.98,0
19:58:42.060,178.06,25.4,638.76,21.5,0.0,0.0,0.0,66.2,1033,27.98,0
19:58:43.170,179.17,25.0,639.0,21.5,0.0,0.02,0.0,66.7,1033,27.98,0
19:58:44.280,180.28,25.1,639.25,21.5,0.0,9.56,0.0,67.2,1033,27.98,0
19:58:45.400,181.4,24.6,639.49,21.5,0.0,3.13,0.0,67.6,1033,27.98,0
19:58:46.520,182.52,25.1,639.49,21.5,0.0,0.0,0.0,67.2,1033,27.98,0
19:58:47.630,183.63,25.0,639.49,21.5,0.0,0.0,0.0,68.6,1033,27.98,0
19:58:48.740,184.74,20.7,628.38,21.3,0.0,0.2,0.0,66.7,1417,39.27,58371524
19:58:49.860,185.86,0.0,628.63,21.3,0.0,2.59,0.0,66.7,1417,39.27,0
19:58:50.970,186.97,0.5,628.7,21.3,0.0,15.6,0.0,65.7,1417,39.27,0
19:58:52.090,188.09,1.0,628.6,21.3,0.0,24.02,0.0,65.2,1417,39.27,0
19:58:53.200,189.2,0.0,628.6,21.3,0.0,16.3,0.0,65.2,1417,39.27,0
19:58:54.310,190.31,0.0,628.59,21.3,0.0,0.19,0.0,64.7,1417,39.27,0
19:58:55.430,191.43,0.5,628.84,21.3,0.0,0.0,0.0,63.7,1417,39.27,0
19:58:56.610,192.61,1.0,628.84,21.3,0.0,0.0,0.0,63.7,1417,39.27,0
19:58:57.720,193.72,0.0,628.84,21.3,0.0,0.0,0.0,65.2,1417,39.27,0
19:58:58.840,194.84,0.5,628.84,21.3,0.0,0.0,0.0,64.7,1417,39.27,0
19:58:59.950,195.95,1.5,628.57,21.3,0.0,0.0,0.0,64.2,1417,39.27,0
19:59:01.070,197.07,0.5,628.57,21.3,0.0,0.0,0.0,64.7,1417,39.27,0
19:59:02.250,198.25,0.0,628.82,21.3,0.0,0.0,0.0,63.7,1417,39.27,0
19:59:03.360,199.36,0.0,629.34,21.3,0.0,0.01,0.0,64.2,1417,39.27,0
19:59:04.480,200.48,0.0,629.59,21.3,0.0,0.0,0.0,64.2,1417,39.27,0
19:59:05.590,201.59,0.0,629.59,21.3,0.0,0.0,0.0,64.2,1417,39.27,0
19:59:06.710,202.71,0.0,629.59,21.3,0.0,0.0,0.0,63.7,1417,39.27,0
19:59:07.890,203.89,0.0,629.83,21.3,0.0,0.0,0.0,64.2,1417,39.27,0
19:59:09.000,205.0,0.0,630.08,21.3,0.0,0.09,0.0,64.2,1417,39.27,0
19:59:10.120,206.12,0.0,630.32,21.3,0.0,0.0,0.0,64.7,1417,39.27,0
19:59:11.230,207.23,0.5,630.57,21.3,0.0,0.0,0.0,64.2,1417,39.27,0
19:59:12.340,208.34,0.0,630.56,21.3,0.0,0.02,0.0,63.3,1417,39.27,0
19:59:13.520,209.52,0.0,630.56,21.3,0.0,0.0,0.0,63.7,1417,39.27,0
19:59:14.640,210.64,0.0,630.81,21.3,0.0,0.0,0.0,64.7,1417,39.27,0
19:59:15.750,211.75,0.0,630.81,21.3,0.0,0.0,0.0,64.2,1417,39.27,0
19:59:16.870,212.87,0.0,630.81,21.3,0.0,0.0,0.0,63.3,1417,39.27,0
19:59:17.980,213.98,0.0,631.3,21.3,0.0,0.0,0.0,63.3,1417,39.27,0
19:59:19.150,215.15,1.0,631.3,21.3,0.0,1.79,0.0,62.8,1417,39.27,0
19:59:20.260,216.26,0.0,631.29,21.3,0.0,0.01,0.0,63.7,1417,39.27,0
19:59:21.380,217.38,0.0,631.29,21.3,0.0,0.0,0.0,63.7,1417,39.27,0
19:59:22.490,218.49,0.5,631.29,21.3,0.0,0.0,0.0,64.2,1417,39.27,0
19:59:23.610,219.61,0.0,631.29,21.3,0.0,0.0,0.0,63.7,1417,39.27,0
19:59:24.790,220.79,0.0,631.05,21.3,0.0,0.0,0.0,63.3,1417,39.27,0
19:59:25.900,221.9,0.0,631.05,21.3,0.0,0.0,0.0,63.3,1417,39.27,0
19:59:27.020,223.02,0.5,631.05,21.3,0.0,0.0,0.0,62.8,1417,39.27,0
19:59:28.130,224.13,0.0,631.05,21.3,0.0,0.0,0.0,62.8,1417,39.27,0
19:59:29.250,225.25,0.0,631.05,21.3,0.0,0.0,0.0,62.8,1417,39.27,0
19:59:30.430,226.43,0.0,631.05,21.3,0.0,0.0,0.0,63.3,1417,39.27,0
19:59:31.540,227.54,0.0,631.05,21.3,0.0,0.0,0.0,62.8,1417,39.27,0
19:59:32.650,228.65,0.0,631.05,21.3,0.0,0.0,0.0,62.3,1417,39.27,0
19:59:33.770,229.77,0.0,631.04,21.3,0.0,0.0,0.0,62.8,1417,39.27,0
19:59:34.880,230.88,0.0,631.04,21.3,0.0,0.04,0.0,63.3,1417,39.27,0
19:59:36.060,232.06,0.0,631.04,21.3,0.0,0.0,0.0,63.3,1417,39.27,0
19:59:37.180,233.18,0.0,631.04,21.3,0.0,0.0,0.0,63.7,1417,39.27,0
19:59:38.290,234.29,0.0,631.03,21.3,0.0,0.02,0.0,62.3,1417,39.27,0
19:59:39.410,235.41,0.0,631.03,21.3,0.0,0.0,0.0,62.8,1417,39.27,0
19:59:40.520,236.52,0.0,631.03,21.3,0.0,0.0,0.0,61.3,1417,39.27,0
19:59:41.710,237.71,0.5,631.03,21.3,0.0,0.0,0.0,63.3,1417,39.27,0
19:59:42.820,238.82,0.0,630.54,21.3,0.0,0.0,0.0,63.7,1417,39.27,0
19:59:43.940,239.94,0.0,630.54,21.3,0.0,0.04,0.0,62.8,1417,39.27,0
19:59:45.050,241.05,0.0,630.53,21.3,0.0,0.01,0.0,62.8,1417,39.27,0
19:59:46.170,242.17,0.0,630.53,21.3,0.0,0.0,0.0,63.7,1417,39.27,0
19:59:47.370,243.37,0.0,630.53,21.3,0.0,0.0,0.0,61.8,1417,39.27,0
19:59:48.530,244.53,0.0,630.53,21.3,0.0,0.0,0.0,62.3,1417,39.27,0
19:59:49.640,245.64,0.0,630.29,21.3,0.0,0.0,0.0,62.3,1417,39.27,0
19:59:50.760,246.76,0.0,630.29,21.3,0.0,0.0,0.0,62.3,1417,39.27,0
19:59:51.870,247.87,0.0,630.29,21.3,0.0,0.01,0.0,62.8,1417,39.27,0
