Relative Time (s),Current (A),Power (W),Mode,Attack Type,Attack,Host,Measurement,Run
0.0,0.442,2.21,Idle,Denial of Service,MHDDoS (ICMP),Raspberry Pi 4B 4GB,ACS712,1
1.0,0.633,3.165,Idle,Denial of Service,MHDDoS (ICMP),Raspberry Pi 4B 4GB,ACS712,1
2.0,0.633,3.165,Idle,Denial of Service,MHDDoS (ICMP),Raspberry Pi 4B 4GB,ACS712,1
3.0,0.462,2.31,Idle,Denial of Service,MHDDoS (ICMP),Raspberry Pi 4B 4GB,ACS712,1
4.0,0.541,2.705,Idle,Denial of Service,MHDDoS (ICMP),Raspberry Pi 4B 4GB,ACS712,1
5.0,0.336,1.6800000000000002,Idle,Denial of Service,MHDDoS (ICMP),Raspberry Pi 4B 4GB,ACS712,1
6.0,0.435,2.175,Idle,Denial of Service,MHDDoS (ICMP),Raspberry Pi 4B 4GB,ACS712,1
7.0,0.442,2.21,Idle,Denial of Service,MHDDoS (ICMP),Raspberry Pi 4B 4GB,ACS712,1
8.0,0.448,2.24,Idle,Denial of Service,MHDDoS (ICMP),Raspberry Pi 4B 4GB,ACS712,1
9.0,0.514,2.5700000000000003,Idle,Denial of Service,MHDDoS (ICMP),Raspberry Pi 4B 4GB,ACS712,1
10.0,0.402,2.0100000000000002,Idle,Denial of Service,MHDDoS (ICMP),Raspberry Pi 4B 4GB,ACS712,1
11.0,0.389,1.945,Idle,Denial of Service,MHDDoS (ICMP),Raspberry Pi 4B 4GB,ACS712,1
12.0,0.462,2.31,Idle,Denial of Service,MHDDoS (ICMP),Raspberry Pi 4B 4GB,ACS712,1
13.0,0.369,1.845,Idle,Denial of Service,MHDDoS (ICMP),Raspberry Pi 4B 4GB,ACS712,1
14.0,0.514,2.5700000000000003,Idle,Denial of Service,MHDDoS (ICMP),Raspberry Pi 4B 4GB,ACS712,1
15.0,0.257,1.2850000000000001,Idle,Denial of Service,MHDDoS (ICMP),Raspberry Pi 4B 4GB,ACS712,1
16.0,0.422,2.11,Idle,Denial of Service,MHDDoS (ICMP),Raspberry Pi 4B 4GB,ACS712,1
17.0,0.455,2.275,Idle,Denial of Service,MHDDoS (ICMP),Raspberry Pi 4B 4GB,ACS712,1
18.0,0.468,2.3400000000000003,Idle,Denial of Service,MHDDoS (ICMP),Raspberry Pi 4B 4GB,ACS712,1
19.0,0.521,2.605,Idle,Denial of Service,MHDDoS (ICMP),Raspberry Pi 4B 4GB,ACS712,1
20.0,0.343,1.715,Idle,Denial of Service,MHDDoS (ICMP),Raspberry Pi 4B 4GB,ACS712,1
21.0,0.475,2.375,Idle,Denial of Service,MHDDoS (ICMP),Raspberry Pi 4B 4GB,ACS712,1
22.0,0.409,2.045,Idle,Denial of Service,MHDDoS (ICMP),Raspberry Pi 4B 4GB,ACS712,1
23.0,0.442,2.21,Idle,Denial of Service,MHDDoS (ICMP),Raspberry Pi 4B 4GB,ACS712,1
24.0,0.514,2.5700000000000003,Idle,Denial of Service,MHDDoS (ICMP),Raspberry Pi 4B 4GB,ACS712,1
25.0,0.409,2.045,Idle,Denial of Service,MHDDoS (ICMP),Raspberry Pi 4B 4GB,ACS712,1
26.0,0.508,2.54,Idle,Denial of Service,MHDDoS (ICMP),Raspberry Pi 4B 4GB,ACS712,1
27.0,0.455,2.275,Idle,Denial of Service,MHDDoS (ICMP),Raspberry Pi 4B 4GB,ACS712,1
28.0,0.475,2.375,Idle,Denial of Service,MHDDoS (ICMP),Raspberry Pi 4B 4GB,ACS712,1
29.0,0.415,2.0749999999999997,Idle,Denial of Service,MHDDoS (ICMP),Raspberry Pi 4B 4GB,ACS712,1
30.0,0.448,2.24,Idle,Denial of Service,MHDDoS (ICMP),Raspberry Pi 4B 4GB,ACS712,1
31.0,0.521,2.605,Idle,Denial of Service,MHDDoS (ICMP),Raspberry Pi 4B 4GB,ACS712,1
32.0,0.382,1.9100000000000001,Idle,Denial of Service,MHDDoS (ICMP),Raspberry Pi 4B 4GB,ACS712,1
33.0,0.521,2.605,Idle,Denial of Service,MHDDoS (ICMP),Raspberry Pi 4B 4GB,ACS712,1
34.0,0.488,2.44,Idle,Denial of Service,MHDDoS (ICMP),Raspberry Pi 4B 4GB,ACS712,1
35.0,0.501,2.505,Idle,Denial of Service,MHDDoS (ICMP),Raspberry Pi 4B 4GB,ACS712,1
36.0,0.488,2.44,Idle,Denial of Service,MHDDoS (ICMP),Raspberry Pi 4B 4GB,ACS712,1
37.0,0.541,2.705,Idle,Denial of Service,MHDDoS (ICMP),Raspberry Pi 4B 4GB,ACS712,1
38.0,0.448,2.24,Idle,Denial of Service,MHDDoS (ICMP),Raspberry Pi 4B 4GB,ACS712,1
39.0,0.633,3.165,Idle,Denial of Service,MHDDoS (ICMP),Raspberry Pi 4B 4GB,ACS712,1
40.0,0.508,2.54,Idle,Denial of Service,MHDDoS (ICMP),Raspberry Pi 4B 4GB,ACS712,1
41.0,0.448,2.24,Idle,Denial of Service,MHDDoS (ICMP),Raspberry Pi 4B 4GB,ACS712,1
42.0,0.422,2.11,Idle,Denial of Service,MHDDoS (ICMP),Raspberry Pi 4B 4GB,ACS712,1
43.0,0.462,2.31,Idle,Denial of Service,MHDDoS (ICMP),Raspberry Pi 4B 4GB,ACS712,1
44.0,0.402,2.0100000000000002,Idle,Denial of Service,MHDDoS (ICMP),Raspberry Pi 4B 4GB,ACS712,1
45.0,0.382,1.9100000000000001,Idle,Denial of Service,MHDDoS (ICMP),Raspberry Pi 4B 4GB,ACS712,1
46.0,0.429,2.145,Idle,Denial of Service,MHDDoS (ICMP),Raspberry Pi 4B 4GB,ACS712,1
47.0,0.547,2.7350000000000003,Idle,Denial of Service,MHDDoS (ICMP),Raspberry Pi 4B 4GB,ACS712,1
48.0,0.508,2.54,Idle,Denial of Service,MHDDoS (ICMP),Raspberry Pi 4B 4GB,ACS712,1
49.0,0.349,1.7449999999999999,Idle,Denial of Service,MHDDoS (ICMP),Raspberry Pi 4B 4GB,ACS712,1
50.0,0.422,2.11,Idle,Denial of Service,MHDDoS (ICMP),Raspberry Pi 4B 4GB,ACS712,1
51.0,0.442,2.21,Idle,Denial of Service,MHDDoS (ICMP),Raspberry Pi 4B 4GB,ACS712,1
52.0,0.468,2.3400000000000003,Idle,Denial of Service,MHDDoS (ICMP),Raspberry Pi 4B 4GB,ACS712,1
53.0,0.64,3.2,Idle,Denial of Service,MHDDoS (ICMP),Raspberry Pi 4B 4GB,ACS712,1
54.0,0.475,2.375,Idle,Denial of Service,MHDDoS (ICMP),Raspberry Pi 4B 4GB,ACS712,1
55.0,0.514,2.5700000000000003,Idle,Denial of Service,MHDDoS (ICMP),Raspberry Pi 4B 4GB,ACS712,1
56.0,0.349,1.7449999999999999,Idle,Denial of Service,MHDDoS (ICMP),Raspberry Pi 4B 4GB,ACS712,1
57.0,0.455,2.275,Idle,Denial of Service,MHDDoS (ICMP),Raspberry Pi 4B 4GB,ACS712,1
58.0,0.363,1.815,Idle,Denial of Service,MHDDoS (ICMP),Raspberry Pi 4B 4GB,ACS712,1
59.0,0.415,2.0749999999999997,Idle,Denial of Service,MHDDoS (ICMP),Raspberry Pi 4B 4GB,ACS712,1
60.0,0.627,3.135,Idle,Denial of Service,MHDDoS (ICMP),Raspberry Pi 4B 4GB,ACS712,1
61.0,0.429,2.145,Idle,Denial of Service,MHDDoS (ICMP),Raspberry Pi 4B 4GB,ACS712,1
62.0,0.547,2.7350000000000003,Idle,Denial of Service,MHDDoS (ICMP),Raspberry Pi 4B 4GB,ACS712,1
63.0,0.521,2.605,Idle,Denial of Service,MHDDoS (ICMP),Raspberry Pi 4B 4GB,ACS712,1
64.0,0.488,2.44,Idle,Denial of Service,MHDDoS (ICMP),Raspberry Pi 4B 4GB,ACS712,1
65.0,0.521,2.605,Idle,Denial of Service,MHDDoS (ICMP),Raspberry Pi 4B 4GB,ACS712,1
66.0,0.528,2.64,Idle,Denial of Service,MHDDoS (ICMP),Raspberry Pi 4B 4GB,ACS712,1
67.0,0.468,2.3400000000000003,Idle,Denial of Service,MHDDoS (ICMP),Raspberry Pi 4B 4GB,ACS712,1
68.0,0.336,1.6800000000000002,Idle,Denial of Service,MHDDoS (ICMP),Raspberry Pi 4B 4GB,ACS712,1
69.0,0.528,2.64,Idle,Denial of Service,MHDDoS (ICMP),Raspberry Pi 4B 4GB,ACS712,1
70.0,0.389,1.945,Idle,Denial of Service,MHDDoS (ICMP),Raspberry Pi 4B 4GB,ACS712,1
71.0,0.429,2.145,Idle,Denial of Service,MHDDoS (ICMP),Raspberry Pi 4B 4GB,ACS712,1
72.0,0.376,1.88,Idle,Denial of Service,MHDDoS (ICMP),Raspberry Pi 4B 4GB,ACS712,1
73.0,0.58,2.9,Idle,Denial of Service,MHDDoS (ICMP),Raspberry Pi 4B 4GB,ACS712,1
74.0,0.488,2.44,Idle,Denial of Service,MHDDoS (ICMP),Raspberry Pi 4B 4GB,ACS712,1
75.0,0.528,2.64,Idle,Denial of Service,MHDDoS (ICMP),Raspberry Pi 4B 4GB,ACS712,1
76.0,0.481,2.405,Idle,Denial of Service,MHDDoS (ICMP),Raspberry Pi 4B 4GB,ACS712,1
77.0,0.396,1.98,Idle,Denial of Service,MHDDoS (ICMP),Raspberry Pi 4B 4GB,ACS712,1
78.0,0.462,2.31,Idle,Denial of Service,MHDDoS (ICMP),Raspberry Pi 4B 4GB,ACS712,1
79.0,0.33,1.6500000000000001,Idle,Denial of Service,MHDDoS (ICMP),Raspberry Pi 4B 4GB,ACS712,1
80.0,0.514,2.5700000000000003,Idle,Denial of Service,MHDDoS (ICMP),Raspberry Pi 4B 4GB,ACS712,1
81.0,0.402,2.0100000000000002,Idle,Denial of Service,MHDDoS (ICMP),Raspberry Pi 4B 4GB,ACS712,1
82.0,0.541,2.705,Idle,Denial of Service,MHDDoS (ICMP),Raspberry Pi 4B 4GB,ACS712,1
83.0,0.468,2.3400000000000003,Idle,Denial of Service,MHDDoS (ICMP),Raspberry Pi 4B 4GB,ACS712,1
84.0,0.6,3.0,Idle,Denial of Service,MHDDoS (ICMP),Raspberry Pi 4B 4GB,ACS712,1
85.0,0.33,1.6500000000000001,Idle,Denial of Service,MHDDoS (ICMP),Raspberry Pi 4B 4GB,ACS712,1
86.0,0.455,2.275,Idle,Denial of Service,MHDDoS (ICMP),Raspberry Pi 4B 4GB,ACS712,1
87.0,0.528,2.64,Idle,Denial of Service,MHDDoS (ICMP),Raspberry Pi 4B 4GB,ACS712,1
88.0,0.653,3.265,Idle,Denial of Service,MHDDoS (ICMP),Raspberry Pi 4B 4GB,ACS712,1
89.0,0.481,2.405,Idle,Denial of Service,MHDDoS (ICMP),Raspberry Pi 4B 4GB,ACS712,1
90.0,0.448,2.24,Idle,Denial of Service,MHDDoS (ICMP),Raspberry Pi 4B 4GB,ACS712,1
91.0,0.448,2.24,Idle,Denial of Service,MHDDoS (ICMP),Raspberry Pi 4B 4GB,ACS712,1
92.0,0.376,1.88,Idle,Denial of Service,MHDDoS (ICMP),Raspberry Pi 4B 4GB,ACS712,1
93.0,0.475,2.375,Idle,Denial of Service,MHDDoS (ICMP),Raspberry Pi 4B 4GB,ACS712,1
94.0,0.547,2.7350000000000003,Idle,Denial of Service,MHDDoS (ICMP),Raspberry Pi 4B 4GB,ACS712,1
95.0,0.488,2.44,Idle,Denial of Service,MHDDoS (ICMP),Raspberry Pi 4B 4GB,ACS712,1
96.0,0.396,1.98,Idle,Denial of Service,MHDDoS (ICMP),Raspberry Pi 4B 4GB,ACS712,1
97.0,0.521,2.605,Idle,Denial of Service,MHDDoS (ICMP),Raspberry Pi 4B 4GB,ACS712,1
98.0,0.462,2.31,Idle,Denial of Service,MHDDoS (ICMP),Raspberry Pi 4B 4GB,ACS712,1
99.0,0.448,2.24,Idle,Denial of Service,MHDDoS (ICMP),Raspberry Pi 4B 4GB,ACS712,1
100.0,0.528,2.64,Idle,Denial of Service,MHDDoS (ICMP),Raspberry Pi 4B 4GB,ACS712,1
101.0,0.409,2.045,Idle,Denial of Service,MHDDoS (ICMP),Raspberry Pi 4B 4GB,ACS712,1
102.0,0.514,2.5700000000000003,Idle,Denial of Service,MHDDoS (ICMP),Raspberry Pi 4B 4GB,ACS712,1
103.0,0.455,2.275,Idle,Denial of Service,MHDDoS (ICMP),Raspberry Pi 4B 4GB,ACS712,1
104.0,0.653,3.265,Idle,Denial of Service,MHDDoS (ICMP),Raspberry Pi 4B 4GB,ACS712,1
105.0,0.349,1.7449999999999999,Idle,Denial of Service,MHDDoS (ICMP),Raspberry Pi 4B 4GB,ACS712,1
106.0,0.587,2.9349999999999996,Idle,Denial of Service,MHDDoS (ICMP),Raspberry Pi 4B 4GB,ACS712,1
107.0,0.455,2.275,Idle,Denial of Service,MHDDoS (ICMP),Raspberry Pi 4B 4GB,ACS712,1
108.0,0.435,2.175,Idle,Denial of Service,MHDDoS (ICMP),Raspberry Pi 4B 4GB,ACS712,1
109.0,0.567,2.835,Idle,Denial of Service,MHDDoS (ICMP),Raspberry Pi 4B 4GB,ACS712,1
110.0,0.409,2.045,Idle,Denial of Service,MHDDoS (ICMP),Raspberry Pi 4B 4GB,ACS712,1
111.0,0.501,2.505,Idle,Denial of Service,MHDDoS (ICMP),Raspberry Pi 4B 4GB,ACS712,1
112.0,0.415,2.0749999999999997,Idle,Denial of Service,MHDDoS (ICMP),Raspberry Pi 4B 4GB,ACS712,1
113.0,0.481,2.405,Idle,Denial of Service,MHDDoS (ICMP),Raspberry Pi 4B 4GB,ACS712,1
114.0,0.528,2.64,Idle,Denial of Service,MHDDoS (ICMP),Raspberry Pi 4B 4GB,ACS712,1
115.0,0.462,2.31,Idle,Denial of Service,MHDDoS (ICMP),Raspberry Pi 4B 4GB,ACS712,1
116.0,0.475,2.375,Idle,Denial of Service,MHDDoS (ICMP),Raspberry Pi 4B 4GB,ACS712,1
117.0,0.323,1.615,Idle,Denial of Service,MHDDoS (ICMP),Raspberry Pi 4B 4GB,ACS712,1
118.0,0.435,2.175,Idle,Denial of Service,MHDDoS (ICMP),Raspberry Pi 4B 4GB,ACS712,1
119.0,0.389,1.945,Idle,Denial of Service,MHDDoS (ICMP),Raspberry Pi 4B 4GB,ACS712,1
120.0,0.613,3.065,Idle,Denial of Service,MHDDoS (ICMP),Raspberry Pi 4B 4GB,ACS712,1
121.0,0.435,2.175,Idle,Denial of Service,MHDDoS (ICMP),Raspberry Pi 4B 4GB,ACS712,1
122.0,0.455,2.275,Idle,Denial of Service,MHDDoS (ICMP),Raspberry Pi 4B 4GB,ACS712,1
123.0,0.488,2.44,Idle,Denial of Service,MHDDoS (ICMP),Raspberry Pi 4B 4GB,ACS712,1
124.0,0.488,2.44,Idle,Denial of Service,MHDDoS (ICMP),Raspberry Pi 4B 4GB,ACS712,1
125.0,0.541,2.705,Idle,Denial of Service,MHDDoS (ICMP),Raspberry Pi 4B 4GB,ACS712,1
126.0,0.488,2.44,Idle,Denial of Service,MHDDoS (ICMP),Raspberry Pi 4B 4GB,ACS712,1
127.0,0.554,2.7700000000000005,Idle,Denial of Service,MHDDoS (ICMP),Raspberry Pi 4B 4GB,ACS712,1
128.0,0.547,2.7350000000000003,Idle,Denial of Service,MHDDoS (ICMP),Raspberry Pi 4B 4GB,ACS712,1
129.0,0.429,2.145,Idle,Denial of Service,MHDDoS (ICMP),Raspberry Pi 4B 4GB,ACS712,1
130.0,0.369,1.845,Idle,Denial of Service,MHDDoS (ICMP),Raspberry Pi 4B 4GB,ACS712,1
131.0,0.442,2.21,Idle,Denial of Service,MHDDoS (ICMP),Raspberry Pi 4B 4GB,ACS712,1
132.0,0.343,1.715,Idle,Denial of Service,MHDDoS (ICMP),Raspberry Pi 4B 4GB,ACS712,1
133.0,0.336,1.6800000000000002,Idle,Denial of Service,MHDDoS (ICMP),Raspberry Pi 4B 4GB,ACS712,1
134.0,0.554,2.7700000000000005,Idle,Denial of Service,MHDDoS (ICMP),Raspberry Pi 4B 4GB,ACS712,1
135.0,0.468,2.3400000000000003,Idle,Denial of Service,MHDDoS (ICMP),Raspberry Pi 4B 4GB,ACS712,1
136.0,0.495,2.475,Idle,Denial of Service,MHDDoS (ICMP),Raspberry Pi 4B 4GB,ACS712,1
137.0,0.462,2.31,Idle,Denial of Service,MHDDoS (ICMP),Raspberry Pi 4B 4GB,ACS712,1
138.0,0.448,2.24,Idle,Denial of Service,MHDDoS (ICMP),Raspberry Pi 4B 4GB,ACS712,1
139.0,0.415,2.0749999999999997,Idle,Denial of Service,MHDDoS (ICMP),Raspberry Pi 4B 4GB,ACS712,1
140.0,0.442,2.21,Idle,Denial of Service,MHDDoS (ICMP),Raspberry Pi 4B 4GB,ACS712,1
141.0,0.336,1.6800000000000002,Idle,Denial of Service,MHDDoS (ICMP),Raspberry Pi 4B 4GB,ACS712,1
142.0,0.455,2.275,Idle,Denial of Service,MHDDoS (ICMP),Raspberry Pi 4B 4GB,ACS712,1
143.0,0.448,2.24,Idle,Denial of Service,MHDDoS (ICMP),Raspberry Pi 4B 4GB,ACS712,1
144.0,0.561,2.805,Idle,Denial of Service,MHDDoS (ICMP),Raspberry Pi 4B 4GB,ACS712,1
145.0,0.462,2.31,Idle,Denial of Service,MHDDoS (ICMP),Raspberry Pi 4B 4GB,ACS712,1
146.0,0.31,1.55,Idle,Denial of Service,MHDDoS (ICMP),Raspberry Pi 4B 4GB,ACS712,1
147.0,0.468,2.3400000000000003,Idle,Denial of Service,MHDDoS (ICMP),Raspberry Pi 4B 4GB,ACS712,1
148.0,0.495,2.475,Idle,Denial of Service,MHDDoS (ICMP),Raspberry Pi 4B 4GB,ACS712,1
149.0,0.514,2.5700000000000003,Idle,Denial of Service,MHDDoS (ICMP),Raspberry Pi 4B 4GB,ACS712,1
150.0,0.501,2.505,Idle,Denial of Service,MHDDoS (ICMP),Raspberry Pi 4B 4GB,ACS712,1
151.0,0.693,3.465,Idle,Denial of Service,MHDDoS (ICMP),Raspberry Pi 4B 4GB,ACS712,1
152.0,0.448,2.24,Idle,Denial of Service,MHDDoS (ICMP),Raspberry Pi 4B 4GB,ACS712,1
153.0,0.363,1.815,Idle,Denial of Service,MHDDoS (ICMP),Raspberry Pi 4B 4GB,ACS712,1
154.0,0.422,2.11,Idle,Denial of Service,MHDDoS (ICMP),Raspberry Pi 4B 4GB,ACS712,1
155.0,0.567,2.835,Idle,Denial of Service,MHDDoS (ICMP),Raspberry Pi 4B 4GB,ACS712,1
156.0,0.58,2.9,Idle,Denial of Service,MHDDoS (ICMP),Raspberry Pi 4B 4GB,ACS712,1
157.0,0.534,2.67,Idle,Denial of Service,MHDDoS (ICMP),Raspberry Pi 4B 4GB,ACS712,1
158.0,0.422,2.11,Idle,Denial of Service,MHDDoS (ICMP),Raspberry Pi 4B 4GB,ACS712,1
159.0,0.442,2.21,Idle,Denial of Service,MHDDoS (ICMP),Raspberry Pi 4B 4GB,ACS712,1
160.0,0.415,2.0749999999999997,Idle,Denial of Service,MHDDoS (ICMP),Raspberry Pi 4B 4GB,ACS712,1
161.0,0.363,1.815,Idle,Denial of Service,MHDDoS (ICMP),Raspberry Pi 4B 4GB,ACS712,1
162.0,0.455,2.275,Idle,Denial of Service,MHDDoS (ICMP),Raspberry Pi 4B 4GB,ACS712,1
163.0,0.429,2.145,Idle,Denial of Service,MHDDoS (ICMP),Raspberry Pi 4B 4GB,ACS712,1
164.0,0.303,1.515,Idle,Denial of Service,MHDDoS (ICMP),Raspberry Pi 4B 4GB,ACS712,1
165.0,0.567,2.835,Idle,Denial of Service,MHDDoS (ICMP),Raspberry Pi 4B 4GB,ACS712,1
166.0,0.528,2.64,Idle,Denial of Service,MHDDoS (ICMP),Raspberry Pi 4B 4GB,ACS712,1
167.0,0.382,1.9100000000000001,Idle,Denial of Service,MHDDoS (ICMP),Raspberry Pi 4B 4GB,ACS712,1
168.0,0.534,2.67,Idle,Denial of Service,MHDDoS (ICMP),Raspberry Pi 4B 4GB,ACS712,1
169.0,0.508,2.54,Idle,Denial of Service,MHDDoS (ICMP),Raspberry Pi 4B 4GB,ACS712,1
170.0,0.462,2.31,Idle,Denial of Service,MHDDoS (ICMP),Raspberry Pi 4B 4GB,ACS712,1
171.0,0.462,2.31,Idle,Denial of Service,MHDDoS (ICMP),Raspberry Pi 4B 4GB,ACS712,1
172.0,0.495,2.475,Idle,Denial of Service,MHDDoS (ICMP),Raspberry Pi 4B 4GB,ACS712,1
173.0,0.415,2.0749999999999997,Idle,Denial of Service,MHDDoS (ICMP),Raspberry Pi 4B 4GB,ACS712,1
174.0,0.442,2.21,Idle,Denial of Service,MHDDoS (ICMP),Raspberry Pi 4B 4GB,ACS712,1
175.0,0.376,1.88,Idle,Denial of Service,MHDDoS (ICMP),Raspberry Pi 4B 4GB,ACS712,1
176.0,0.376,1.88,Idle,Denial of Service,MHDDoS (ICMP),Raspberry Pi 4B 4GB,ACS712,1
177.0,0.376,1.88,Idle,Denial of Service,MHDDoS (ICMP),Raspberry Pi 4B 4GB,ACS712,1
178.0,0.356,1.7799999999999998,Idle,Denial of Service,MHDDoS (ICMP),Raspberry Pi 4B 4GB,ACS712,1
179.0,0.6,3.0,Idle,Denial of Service,MHDDoS (ICMP),Raspberry Pi 4B 4GB,ACS712,1
180.0,0.409,2.045,Idle,Denial of Service,MHDDoS (ICMP),Raspberry Pi 4B 4GB,ACS712,1
181.0,0.468,2.3400000000000003,Idle,Denial of Service,MHDDoS (ICMP),Raspberry Pi 4B 4GB,ACS712,1
182.0,0.514,2.5700000000000003,Idle,Denial of Service,MHDDoS (ICMP),Raspberry Pi 4B 4GB,ACS712,1
183.0,0.448,2.24,Idle,Denial of Service,MHDDoS (ICMP),Raspberry Pi 4B 4GB,ACS712,1
184.0,0.475,2.375,Idle,Denial of Service,MHDDoS (ICMP),Raspberry Pi 4B 4GB,ACS712,1
185.0,0.547,2.7350000000000003,Idle,Denial of Service,MHDDoS (ICMP),Raspberry Pi 4B 4GB,ACS712,1
186.0,0.369,1.845,Idle,Denial of Service,MHDDoS (ICMP),Raspberry Pi 4B 4GB,ACS712,1
187.0,0.521,2.605,Idle,Denial of Service,MHDDoS (ICMP),Raspberry Pi 4B 4GB,ACS712,1
188.0,0.303,1.515,Idle,Denial of Service,MHDDoS (ICMP),Raspberry Pi 4B 4GB,ACS712,1
189.0,0.501,2.505,Idle,Denial of Service,MHDDoS (ICMP),Raspberry Pi 4B 4GB,ACS712,1
190.0,0.382,1.9100000000000001,Idle,Denial of Service,MHDDoS (ICMP),Raspberry Pi 4B 4GB,ACS712,1
191.0,0.514,2.5700000000000003,Idle,Denial of Service,MHDDoS (ICMP),Raspberry Pi 4B 4GB,ACS712,1
192.0,0.481,2.405,Idle,Denial of Service,MHDDoS (ICMP),Raspberry Pi 4B 4GB,ACS712,1
193.0,0.396,1.98,Idle,Denial of Service,MHDDoS (ICMP),Raspberry Pi 4B 4GB,ACS712,1
194.0,0.501,2.505,Idle,Denial of Service,MHDDoS (ICMP),Raspberry Pi 4B 4GB,ACS712,1
195.0,0.554,2.7700000000000005,Idle,Denial of Service,MHDDoS (ICMP),Raspberry Pi 4B 4GB,ACS712,1
196.0,0.488,2.44,Idle,Denial of Service,MHDDoS (ICMP),Raspberry Pi 4B 4GB,ACS712,1
197.0,0.508,2.54,Idle,Denial of Service,MHDDoS (ICMP),Raspberry Pi 4B 4GB,ACS712,1
198.0,0.382,1.9100000000000001,Idle,Denial of Service,MHDDoS (ICMP),Raspberry Pi 4B 4GB,ACS712,1
199.0,0.528,2.64,Idle,Denial of Service,MHDDoS (ICMP),Raspberry Pi 4B 4GB,ACS712,1
200.0,0.686,3.43,Attack,Denial of Service,MHDDoS (ICMP),Raspberry Pi 4B 4GB,ACS712,1
201.0,0.904,4.5200000000000005,Attack,Denial of Service,MHDDoS (ICMP),Raspberry Pi 4B 4GB,ACS712,1
202.0,1.056,5.28,Attack,Denial of Service,MHDDoS (ICMP),Raspberry Pi 4B 4GB,ACS712,1
203.0,0.811,4.055000000000001,Attack,Denial of Service,MHDDoS (ICMP),Raspberry Pi 4B 4GB,ACS712,1
204.0,1.254,6.27,Attack,Denial of Service,MHDDoS (ICMP),Raspberry Pi 4B 4GB,ACS712,1
205.0,0.97,4.85,Attack,Denial of Service,MHDDoS (ICMP),Raspberry Pi 4B 4GB,ACS712,1
206.0,0.95,4.75,Attack,Denial of Service,MHDDoS (ICMP),Raspberry Pi 4B 4GB,ACS712,1
207.0,0.99,4.95,Attack,Denial of Service,MHDDoS (ICMP),Raspberry Pi 4B 4GB,ACS712,1
208.0,0.937,4.6850000000000005,Attack,Denial of Service,MHDDoS (ICMP),Raspberry Pi 4B 4GB,ACS712,1
209.0,0.93,4.65,Attack,Denial of Service,MHDDoS (ICMP),Raspberry Pi 4B 4GB,ACS712,1
210.0,0.752,3.76,Attack,Denial of Service,MHDDoS (ICMP),Raspberry Pi 4B 4GB,ACS712,1
211.0,0.897,4.485,Attack,Denial of Service,MHDDoS (ICMP),Raspberry Pi 4B 4GB,ACS712,1
212.0,0.924,4.62,Attack,Denial of Service,MHDDoS (ICMP),Raspberry Pi 4B 4GB,ACS712,1
213.0,1.023,5.114999999999999,Attack,Denial of Service,MHDDoS (ICMP),Raspberry Pi 4B 4GB,ACS712,1
214.0,1.036,5.18,Attack,Denial of Service,MHDDoS (ICMP),Raspberry Pi 4B 4GB,ACS712,1
215.0,0.884,4.42,Attack,Denial of Service,MHDDoS (ICMP),Raspberry Pi 4B 4GB,ACS712,1
216.0,0.957,4.785,Attack,Denial of Service,MHDDoS (ICMP),Raspberry Pi 4B 4GB,ACS712,1
217.0,0.897,4.485,Attack,Denial of Service,MHDDoS (ICMP),Raspberry Pi 4B 4GB,ACS712,1
218.0,1.056,5.28,Attack,Denial of Service,MHDDoS (ICMP),Raspberry Pi 4B 4GB,ACS712,1
219.0,0.739,3.695,Attack,Denial of Service,MHDDoS (ICMP),Raspberry Pi 4B 4GB,ACS712,1
220.0,0.97,4.85,Attack,Denial of Service,MHDDoS (ICMP),Raspberry Pi 4B 4GB,ACS712,1
221.0,1.227,6.135000000000001,Attack,Denial of Service,MHDDoS (ICMP),Raspberry Pi 4B 4GB,ACS712,1
222.0,1.062,5.3100000000000005,Attack,Denial of Service,MHDDoS (ICMP),Raspberry Pi 4B 4GB,ACS712,1
223.0,0.851,4.255,Attack,Denial of Service,MHDDoS (ICMP),Raspberry Pi 4B 4GB,ACS712,1
224.0,1.102,5.510000000000001,Attack,Denial of Service,MHDDoS (ICMP),Raspberry Pi 4B 4GB,ACS712,1
225.0,1.214,6.07,Attack,Denial of Service,MHDDoS (ICMP),Raspberry Pi 4B 4GB,ACS712,1
226.0,1.122,5.61,Attack,Denial of Service,MHDDoS (ICMP),Raspberry Pi 4B 4GB,ACS712,1
227.0,0.917,4.585,Attack,Denial of Service,MHDDoS (ICMP),Raspberry Pi 4B 4GB,ACS712,1
228.0,1.267,6.334999999999999,Attack,Denial of Service,MHDDoS (ICMP),Raspberry Pi 4B 4GB,ACS712,1
229.0,0.943,4.715,Attack,Denial of Service,MHDDoS (ICMP),Raspberry Pi 4B 4GB,ACS712,1
230.0,0.937,4.6850000000000005,Attack,Denial of Service,MHDDoS (ICMP),Raspberry Pi 4B 4GB,ACS712,1
231.0,1.293,6.465,Attack,Denial of Service,MHDDoS (ICMP),Raspberry Pi 4B 4GB,ACS712,1
232.0,1.141,5.705,Attack,Denial of Service,MHDDoS (ICMP),Raspberry Pi 4B 4GB,ACS712,1
233.0,0.818,4.09,Attack,Denial of Service,MHDDoS (ICMP),Raspberry Pi 4B 4GB,ACS712,1
234.0,0.963,4.8149999999999995,Attack,Denial of Service,MHDDoS (ICMP),Raspberry Pi 4B 4GB,ACS712,1
235.0,1.188,5.9399999999999995,Attack,Denial of Service,MHDDoS (ICMP),Raspberry Pi 4B 4GB,ACS712,1
236.0,1.201,6.005000000000001,Attack,Denial of Service,MHDDoS (ICMP),Raspberry Pi 4B 4GB,ACS712,1
237.0,1.108,5.540000000000001,Attack,Denial of Service,MHDDoS (ICMP),Raspberry Pi 4B 4GB,ACS712,1
238.0,1.062,5.3100000000000005,Attack,Denial of Service,MHDDoS (ICMP),Raspberry Pi 4B 4GB,ACS712,1
239.0,0.838,4.1899999999999995,Attack,Denial of Service,MHDDoS (ICMP),Raspberry Pi 4B 4GB,ACS712,1
240.0,0.897,4.485,Attack,Denial of Service,MHDDoS (ICMP),Raspberry Pi 4B 4GB,ACS712,1
241.0,0.976,4.88,Attack,Denial of Service,MHDDoS (ICMP),Raspberry Pi 4B 4GB,ACS712,1
242.0,0.897,4.485,Attack,Denial of Service,MHDDoS (ICMP),Raspberry Pi 4B 4GB,ACS712,1
243.0,1.042,5.21,Attack,Denial of Service,MHDDoS (ICMP),Raspberry Pi 4B 4GB,ACS712,1
244.0,0.739,3.695,Attack,Denial of Service,MHDDoS (ICMP),Raspberry Pi 4B 4GB,ACS712,1
245.0,1.056,5.28,Attack,Denial of Service,MHDDoS (ICMP),Raspberry Pi 4B 4GB,ACS712,1
246.0,1.095,5.475,Attack,Denial of Service,MHDDoS (ICMP),Raspberry Pi 4B 4GB,ACS712,1
247.0,1.108,5.540000000000001,Attack,Denial of Service,MHDDoS (ICMP),Raspberry Pi 4B 4GB,ACS712,1
248.0,1.042,5.21,Attack,Denial of Service,MHDDoS (ICMP),Raspberry Pi 4B 4GB,ACS712,1
249.0,1.029,5.145,Attack,Denial of Service,MHDDoS (ICMP),Raspberry Pi 4B 4GB,ACS712,1
250.0,0.739,3.695,Attack,Denial of Service,MHDDoS (ICMP),Raspberry Pi 4B 4GB,ACS712,1
251.0,0.957,4.785,Attack,Denial of Service,MHDDoS (ICMP),Raspberry Pi 4B 4GB,ACS712,1
252.0,1.115,5.575,Attack,Denial of Service,MHDDoS (ICMP),Raspberry Pi 4B 4GB,ACS712,1
253.0,0.712,3.5599999999999996,Attack,Denial of Service,MHDDoS (ICMP),Raspberry Pi 4B 4GB,ACS712,1
254.0,0.778,3.89,Attack,Denial of Service,MHDDoS (ICMP),Raspberry Pi 4B 4GB,ACS712,1
255.0,1.003,5.015,Attack,Denial of Service,MHDDoS (ICMP),Raspberry Pi 4B 4GB,ACS712,1
256.0,1.254,6.27,Attack,Denial of Service,MHDDoS (ICMP),Raspberry Pi 4B 4GB,ACS712,1
257.0,0.864,4.32,Attack,Denial of Service,MHDDoS (ICMP),Raspberry Pi 4B 4GB,ACS712,1
258.0,1.108,5.540000000000001,Attack,Denial of Service,MHDDoS (ICMP),Raspberry Pi 4B 4GB,ACS712,1
259.0,0.858,4.29,Attack,Denial of Service,MHDDoS (ICMP),Raspberry Pi 4B 4GB,ACS712,1
260.0,0.963,4.8149999999999995,Attack,Denial of Service,MHDDoS (ICMP),Raspberry Pi 4B 4GB,ACS712,1
261.0,1.082,5.41,Attack,Denial of Service,MHDDoS (ICMP),Raspberry Pi 4B 4GB,ACS712,1
262.0,1.161,5.805,Attack,Denial of Service,MHDDoS (ICMP),Raspberry Pi 4B 4GB,ACS712,1
263.0,0.996,4.98,Attack,Denial of Service,MHDDoS (ICMP),Raspberry Pi 4B 4GB,ACS712,1
264.0,1.042,5.21,Attack,Denial of Service,MHDDoS (ICMP),Raspberry Pi 4B 4GB,ACS712,1
265.0,1.141,5.705,Attack,Denial of Service,MHDDoS (ICMP),Raspberry Pi 4B 4GB,ACS712,1
266.0,0.897,4.485,Attack,Denial of Service,MHDDoS (ICMP),Raspberry Pi 4B 4GB,ACS712,1
267.0,0.864,4.32,Attack,Denial of Service,MHDDoS (ICMP),Raspberry Pi 4B 4GB,ACS712,1
268.0,0.983,4.915,Attack,Denial of Service,MHDDoS (ICMP),Raspberry Pi 4B 4GB,ACS712,1
269.0,0.937,4.6850000000000005,Attack,Denial of Service,MHDDoS (ICMP),Raspberry Pi 4B 4GB,ACS712,1
270.0,1.306,6.53,Attack,Denial of Service,MHDDoS (ICMP),Raspberry Pi 4B 4GB,ACS712,1
271.0,1.036,5.18,Attack,Denial of Service,MHDDoS (ICMP),Raspberry Pi 4B 4GB,ACS712,1
272.0,0.897,4.485,Attack,Denial of Service,MHDDoS (ICMP),Raspberry Pi 4B 4GB,ACS712,1
273.0,0.996,4.98,Attack,Denial of Service,MHDDoS (ICMP),Raspberry Pi 4B 4GB,ACS712,1
274.0,1.082,5.41,Attack,Denial of Service,MHDDoS (ICMP),Raspberry Pi 4B 4GB,ACS712,1
275.0,0.99,4.95,Attack,Denial of Service,MHDDoS (ICMP),Raspberry Pi 4B 4GB,ACS712,1
276.0,0.891,4.455,Attack,Denial of Service,MHDDoS (ICMP),Raspberry Pi 4B 4GB,ACS712,1
277.0,0.937,4.6850000000000005,Attack,Denial of Service,MHDDoS (ICMP),Raspberry Pi 4B 4GB,ACS712,1
278.0,0.778,3.89,Attack,Denial of Service,MHDDoS (ICMP),Raspberry Pi 4B 4GB,ACS712,1
279.0,1.095,5.475,Attack,Denial of Service,MHDDoS (ICMP),Raspberry Pi 4B 4GB,ACS712,1
280.0,1.009,5.045,Attack,Denial of Service,MHDDoS (ICMP),Raspberry Pi 4B 4GB,ACS712,1
281.0,0.897,4.485,Attack,Denial of Service,MHDDoS (ICMP),Raspberry Pi 4B 4GB,ACS712,1
282.0,0.983,4.915,Attack,Denial of Service,MHDDoS (ICMP),Raspberry Pi 4B 4GB,ACS712,1
283.0,0.858,4.29,Attack,Denial of Service,MHDDoS (ICMP),Raspberry Pi 4B 4GB,ACS712,1
284.0,0.891,4.455,Attack,Denial of Service,MHDDoS (ICMP),Raspberry Pi 4B 4GB,ACS712,1
285.0,1.069,5.345,Attack,Denial of Service,MHDDoS (ICMP),Raspberry Pi 4B 4GB,ACS712,1
286.0,1.108,5.540000000000001,Attack,Denial of Service,MHDDoS (ICMP),Raspberry Pi 4B 4GB,ACS712,1
287.0,0.778,3.89,Attack,Denial of Service,MHDDoS (ICMP),Raspberry Pi 4B 4GB,ACS712,1
288.0,1.003,5.015,Attack,Denial of Service,MHDDoS (ICMP),Raspberry Pi 4B 4GB,ACS712,1
289.0,1.181,5.905,Attack,Denial of Service,MHDDoS (ICMP),Raspberry Pi 4B 4GB,ACS712,1
290.0,0.937,4.6850000000000005,Attack,Denial of Service,MHDDoS (ICMP),Raspberry Pi 4B 4GB,ACS712,1
291.0,0.91,4.55,Attack,Denial of Service,MHDDoS (ICMP),Raspberry Pi 4B 4GB,ACS712,1
292.0,0.95,4.75,Attack,Denial of Service,MHDDoS (ICMP),Raspberry Pi 4B 4GB,ACS712,1
293.0,1.135,5.675,Attack,Denial of Service,MHDDoS (ICMP),Raspberry Pi 4B 4GB,ACS712,1
294.0,0.858,4.29,Attack,Denial of Service,MHDDoS (ICMP),Raspberry Pi 4B 4GB,ACS712,1
295.0,0.97,4.85,Attack,Denial of Service,MHDDoS (ICMP),Raspberry Pi 4B 4GB,ACS712,1
296.0,1.155,5.775,Attack,Denial of Service,MHDDoS (ICMP),Raspberry Pi 4B 4GB,ACS712,1
297.0,0.943,4.715,Attack,Denial of Service,MHDDoS (ICMP),Raspberry Pi 4B 4GB,ACS712,1
298.0,1.168,5.84,Attack,Denial of Service,MHDDoS (ICMP),Raspberry Pi 4B 4GB,ACS712,1
299.0,0.99,4.95,Attack,Denial of Service,MHDDoS (ICMP),Raspberry Pi 4B 4GB,ACS712,1
300.0,1.029,5.145,Attack,Denial of Service,MHDDoS (ICMP),Raspberry Pi 4B 4GB,ACS712,1
301.0,1.029,5.145,Attack,Denial of Service,MHDDoS (ICMP),Raspberry Pi 4B 4GB,ACS712,1
302.0,0.785,3.9250000000000003,Attack,Denial of Service,MHDDoS (ICMP),Raspberry Pi 4B 4GB,ACS712,1
303.0,1.095,5.475,Attack,Denial of Service,MHDDoS (ICMP),Raspberry Pi 4B 4GB,ACS712,1
304.0,1.128,5.64,Attack,Denial of Service,MHDDoS (ICMP),Raspberry Pi 4B 4GB,ACS712,1
305.0,1.082,5.41,Attack,Denial of Service,MHDDoS (ICMP),Raspberry Pi 4B 4GB,ACS712,1
306.0,0.996,4.98,Attack,Denial of Service,MHDDoS (ICMP),Raspberry Pi 4B 4GB,ACS712,1
307.0,0.957,4.785,Attack,Denial of Service,MHDDoS (ICMP),Raspberry Pi 4B 4GB,ACS712,1
308.0,1.062,5.3100000000000005,Attack,Denial of Service,MHDDoS (ICMP),Raspberry Pi 4B 4GB,ACS712,1
309.0,0.798,3.99,Attack,Denial of Service,MHDDoS (ICMP),Raspberry Pi 4B 4GB,ACS712,1
310.0,1.016,5.08,Attack,Denial of Service,MHDDoS (ICMP),Raspberry Pi 4B 4GB,ACS712,1
311.0,1.234,6.17,Attack,Denial of Service,MHDDoS (ICMP),Raspberry Pi 4B 4GB,ACS712,1
312.0,0.983,4.915,Attack,Denial of Service,MHDDoS (ICMP),Raspberry Pi 4B 4GB,ACS712,1
313.0,0.983,4.915,Attack,Denial of Service,MHDDoS (ICMP),Raspberry Pi 4B 4GB,ACS712,1
314.0,1.108,5.540000000000001,Attack,Denial of Service,MHDDoS (ICMP),Raspberry Pi 4B 4GB,ACS712,1
315.0,0.917,4.585,Attack,Denial of Service,MHDDoS (ICMP),Raspberry Pi 4B 4GB,ACS712,1
316.0,1.036,5.18,Attack,Denial of Service,MHDDoS (ICMP),Raspberry Pi 4B 4GB,ACS712,1
317.0,1.108,5.540000000000001,Attack,Denial of Service,MHDDoS (ICMP),Raspberry Pi 4B 4GB,ACS712,1
318.0,0.937,4.6850000000000005,Attack,Denial of Service,MHDDoS (ICMP),Raspberry Pi 4B 4GB,ACS712,1
319.0,0.726,3.63,Attack,Denial of Service,MHDDoS (ICMP),Raspberry Pi 4B 4GB,ACS712,1
320.0,1.168,5.84,Attack,Denial of Service,MHDDoS (ICMP),Raspberry Pi 4B 4GB,ACS712,1
321.0,0.871,4.355,Attack,Denial of Service,MHDDoS (ICMP),Raspberry Pi 4B 4GB,ACS712,1
322.0,0.811,4.055000000000001,Attack,Denial of Service,MHDDoS (ICMP),Raspberry Pi 4B 4GB,ACS712,1
323.0,0.97,4.85,Attack,Denial of Service,MHDDoS (ICMP),Raspberry Pi 4B 4GB,ACS712,1
324.0,1.056,5.28,Attack,Denial of Service,MHDDoS (ICMP),Raspberry Pi 4B 4GB,ACS712,1
325.0,0.778,3.89,Attack,Denial of Service,MHDDoS (ICMP),Raspberry Pi 4B 4GB,ACS712,1
326.0,1.016,5.08,Attack,Denial of Service,MHDDoS (ICMP),Raspberry Pi 4B 4GB,ACS712,1
327.0,1.102,5.510000000000001,Attack,Denial of Service,MHDDoS (ICMP),Raspberry Pi 4B 4GB,ACS712,1
328.0,0.924,4.62,Attack,Denial of Service,MHDDoS (ICMP),Raspberry Pi 4B 4GB,ACS712,1
329.0,0.976,4.88,Attack,Denial of Service,MHDDoS (ICMP),Raspberry Pi 4B 4GB,ACS712,1
330.0,0.924,4.62,Attack,Denial of Service,MHDDoS (ICMP),Raspberry Pi 4B 4GB,ACS712,1
331.0,0.838,4.1899999999999995,Attack,Denial of Service,MHDDoS (ICMP),Raspberry Pi 4B 4GB,ACS712,1
332.0,1.049,5.244999999999999,Attack,Denial of Service,MHDDoS (ICMP),Raspberry Pi 4B 4GB,ACS712,1
333.0,0.99,4.95,Attack,Denial of Service,MHDDoS (ICMP),Raspberry Pi 4B 4GB,ACS712,1
334.0,0.745,3.725,Attack,Denial of Service,MHDDoS (ICMP),Raspberry Pi 4B 4GB,ACS712,1
335.0,0.99,4.95,Attack,Denial of Service,MHDDoS (ICMP),Raspberry Pi 4B 4GB,ACS712,1
336.0,0.95,4.75,Attack,Denial of Service,MHDDoS (ICMP),Raspberry Pi 4B 4GB,ACS712,1
337.0,0.97,4.85,Attack,Denial of Service,MHDDoS (ICMP),Raspberry Pi 4B 4GB,ACS712,1
338.0,0.996,4.98,Attack,Denial of Service,MHDDoS (ICMP),Raspberry Pi 4B 4GB,ACS712,1
339.0,0.97,4.85,Attack,Denial of Service,MHDDoS (ICMP),Raspberry Pi 4B 4GB,ACS712,1
340.0,0.897,4.485,Attack,Denial of Service,MHDDoS (ICMP),Raspberry Pi 4B 4GB,ACS712,1
341.0,1.029,5.145,Attack,Denial of Service,MHDDoS (ICMP),Raspberry Pi 4B 4GB,ACS712,1
342.0,1.115,5.575,Attack,Denial of Service,MHDDoS (ICMP),Raspberry Pi 4B 4GB,ACS712,1
343.0,0.871,4.355,Attack,Denial of Service,MHDDoS (ICMP),Raspberry Pi 4B 4GB,ACS712,1
344.0,1.273,6.364999999999999,Attack,Denial of Service,MHDDoS (ICMP),Raspberry Pi 4B 4GB,ACS712,1
345.0,0.937,4.6850000000000005,Attack,Denial of Service,MHDDoS (ICMP),Raspberry Pi 4B 4GB,ACS712,1
346.0,0.805,4.025,Attack,Denial of Service,MHDDoS (ICMP),Raspberry Pi 4B 4GB,ACS712,1
347.0,0.91,4.55,Attack,Denial of Service,MHDDoS (ICMP),Raspberry Pi 4B 4GB,ACS712,1
348.0,0.97,4.85,Attack,Denial of Service,MHDDoS (ICMP),Raspberry Pi 4B 4GB,ACS712,1
349.0,1.075,5.375,Attack,Denial of Service,MHDDoS (ICMP),Raspberry Pi 4B 4GB,ACS712,1
350.0,0.858,4.29,Attack,Denial of Service,MHDDoS (ICMP),Raspberry Pi 4B 4GB,ACS712,1
351.0,1.227,6.135000000000001,Attack,Denial of Service,MHDDoS (ICMP),Raspberry Pi 4B 4GB,ACS712,1
352.0,1.082,5.41,Attack,Denial of Service,MHDDoS (ICMP),Raspberry Pi 4B 4GB,ACS712,1
353.0,0.924,4.62,Attack,Denial of Service,MHDDoS (ICMP),Raspberry Pi 4B 4GB,ACS712,1
354.0,1.155,5.775,Attack,Denial of Service,MHDDoS (ICMP),Raspberry Pi 4B 4GB,ACS712,1
355.0,0.838,4.1899999999999995,Attack,Denial of Service,MHDDoS (ICMP),Raspberry Pi 4B 4GB,ACS712,1
356.0,0.785,3.9250000000000003,Attack,Denial of Service,MHDDoS (ICMP),Raspberry Pi 4B 4GB,ACS712,1
357.0,0.891,4.455,Attack,Denial of Service,MHDDoS (ICMP),Raspberry Pi 4B 4GB,ACS712,1
358.0,0.745,3.725,Attack,Denial of Service,MHDDoS (ICMP),Raspberry Pi 4B 4GB,ACS712,1
359.0,0.805,4.025,Attack,Denial of Service,MHDDoS (ICMP),Raspberry Pi 4B 4GB,ACS712,1
360.0,0.825,4.125,Attack,Denial of Service,MHDDoS (ICMP),Raspberry Pi 4B 4GB,ACS712,1
361.0,0.838,4.1899999999999995,Attack,Denial of Service,MHDDoS (ICMP),Raspberry Pi 4B 4GB,ACS712,1
362.0,0.917,4.585,Attack,Denial of Service,MHDDoS (ICMP),Raspberry Pi 4B 4GB,ACS712,1
363.0,0.825,4.125,Attack,Denial of Service,MHDDoS (ICMP),Raspberry Pi 4B 4GB,ACS712,1
364.0,1.102,5.510000000000001,Attack,Denial of Service,MHDDoS (ICMP),Raspberry Pi 4B 4GB,ACS712,1
365.0,0.996,4.98,Attack,Denial of Service,MHDDoS (ICMP),Raspberry Pi 4B 4GB,ACS712,1
366.0,1.207,6.035,Attack,Denial of Service,MHDDoS (ICMP),Raspberry Pi 4B 4GB,ACS712,1
367.0,1.141,5.705,Attack,Denial of Service,MHDDoS (ICMP),Raspberry Pi 4B 4GB,ACS712,1
368.0,0.851,4.255,Attack,Denial of Service,MHDDoS (ICMP),Raspberry Pi 4B 4GB,ACS712,1
369.0,0.976,4.88,Attack,Denial of Service,MHDDoS (ICMP),Raspberry Pi 4B 4GB,ACS712,1
370.0,0.976,4.88,Attack,Denial of Service,MHDDoS (ICMP),Raspberry Pi 4B 4GB,ACS712,1
371.0,1.042,5.21,Attack,Denial of Service,MHDDoS (ICMP),Raspberry Pi 4B 4GB,ACS712,1
372.0,0.884,4.42,Attack,Denial of Service,MHDDoS (ICMP),Raspberry Pi 4B 4GB,ACS712,1
373.0,0.976,4.88,Attack,Denial of Service,MHDDoS (ICMP),Raspberry Pi 4B 4GB,ACS712,1
374.0,0.95,4.75,Attack,Denial of Service,MHDDoS (ICMP),Raspberry Pi 4B 4GB,ACS712,1
375.0,0.844,4.22,Attack,Denial of Service,MHDDoS (ICMP),Raspberry Pi 4B 4GB,ACS712,1
376.0,0.943,4.715,Attack,Denial of Service,MHDDoS (ICMP),Raspberry Pi 4B 4GB,ACS712,1
377.0,0.891,4.455,Attack,Denial of Service,MHDDoS (ICMP),Raspberry Pi 4B 4GB,ACS712,1
378.0,1.016,5.08,Attack,Denial of Service,MHDDoS (ICMP),Raspberry Pi 4B 4GB,ACS712,1
379.0,0.904,4.5200000000000005,Attack,Denial of Service,MHDDoS (ICMP),Raspberry Pi 4B 4GB,ACS712,1
380.0,0.897,4.485,Attack,Denial of Service,MHDDoS (ICMP),Raspberry Pi 4B 4GB,ACS712,1
381.0,0.943,4.715,Attack,Denial of Service,MHDDoS (ICMP),Raspberry Pi 4B 4GB,ACS712,1
382.0,0.712,3.5599999999999996,Attack,Denial of Service,MHDDoS (ICMP),Raspberry Pi 4B 4GB,ACS712,1
383.0,1.089,5.445,Attack,Denial of Service,MHDDoS (ICMP),Raspberry Pi 4B 4GB,ACS712,1
384.0,1.016,5.08,Attack,Denial of Service,MHDDoS (ICMP),Raspberry Pi 4B 4GB,ACS712,1
385.0,0.891,4.455,Attack,Denial of Service,MHDDoS (ICMP),Raspberry Pi 4B 4GB,ACS712,1
386.0,1.036,5.18,Attack,Denial of Service,MHDDoS (ICMP),Raspberry Pi 4B 4GB,ACS712,1
387.0,0.864,4.32,Attack,Denial of Service,MHDDoS (ICMP),Raspberry Pi 4B 4GB,ACS712,1
388.0,0.864,4.32,Attack,Denial of Service,MHDDoS (ICMP),Raspberry Pi 4B 4GB,ACS712,1
389.0,0.983,4.915,Attack,Denial of Service,MHDDoS (ICMP),Raspberry Pi 4B 4GB,ACS712,1
390.0,1.069,5.345,Attack,Denial of Service,MHDDoS (ICMP),Raspberry Pi 4B 4GB,ACS712,1
391.0,0.91,4.55,Attack,Denial of Service,MHDDoS (ICMP),Raspberry Pi 4B 4GB,ACS712,1
392.0,0.884,4.42,Attack,Denial of Service,MHDDoS (ICMP),Raspberry Pi 4B 4GB,ACS712,1
393.0,0.957,4.785,Attack,Denial of Service,MHDDoS (ICMP),Raspberry Pi 4B 4GB,ACS712,1
394.0,1.141,5.705,Attack,Denial of Service,MHDDoS (ICMP),Raspberry Pi 4B 4GB,ACS712,1
395.0,0.811,4.055000000000001,Attack,Denial of Service,MHDDoS (ICMP),Raspberry Pi 4B 4GB,ACS712,1
396.0,1.042,5.21,Attack,Denial of Service,MHDDoS (ICMP),Raspberry Pi 4B 4GB,ACS712,1
397.0,1.029,5.145,Attack,Denial of Service,MHDDoS (ICMP),Raspberry Pi 4B 4GB,ACS712,1
398.0,0.891,4.455,Attack,Denial of Service,MHDDoS (ICMP),Raspberry Pi 4B 4GB,ACS712,1
399.0,0.897,4.485,Attack,Denial of Service,MHDDoS (ICMP),Raspberry Pi 4B 4GB,ACS712,1
400.0,1.062,5.3100000000000005,Recovery,Denial of Service,MHDDoS (ICMP),Raspberry Pi 4B 4GB,ACS712,1
401.0,0.772,3.8600000000000003,Recovery,Denial of Service,MHDDoS (ICMP),Raspberry Pi 4B 4GB,ACS712,1
402.0,0.693,3.465,Recovery,Denial of Service,MHDDoS (ICMP),Raspberry Pi 4B 4GB,ACS712,1
403.0,0.574,2.8699999999999997,Recovery,Denial of Service,MHDDoS (ICMP),Raspberry Pi 4B 4GB,ACS712,1
404.0,0.567,2.835,Recovery,Denial of Service,MHDDoS (ICMP),Raspberry Pi 4B 4GB,ACS712,1
405.0,0.607,3.035,Recovery,Denial of Service,MHDDoS (ICMP),Raspberry Pi 4B 4GB,ACS712,1
406.0,0.415,2.0749999999999997,Recovery,Denial of Service,MHDDoS (ICMP),Raspberry Pi 4B 4GB,ACS712,1
407.0,0.508,2.54,Recovery,Denial of Service,MHDDoS (ICMP),Raspberry Pi 4B 4GB,ACS712,1
408.0,0.488,2.44,Recovery,Denial of Service,MHDDoS (ICMP),Raspberry Pi 4B 4GB,ACS712,1
409.0,0.448,2.24,Recovery,Denial of Service,MHDDoS (ICMP),Raspberry Pi 4B 4GB,ACS712,1
410.0,0.409,2.045,Recovery,Denial of Service,MHDDoS (ICMP),Raspberry Pi 4B 4GB,ACS712,1
411.0,0.495,2.475,Recovery,Denial of Service,MHDDoS (ICMP),Raspberry Pi 4B 4GB,ACS712,1
412.0,0.475,2.375,Recovery,Denial of Service,MHDDoS (ICMP),Raspberry Pi 4B 4GB,ACS712,1
413.0,0.613,3.065,Recovery,Denial of Service,MHDDoS (ICMP),Raspberry Pi 4B 4GB,ACS712,1
414.0,0.363,1.815,Recovery,Denial of Service,MHDDoS (ICMP),Raspberry Pi 4B 4GB,ACS712,1
415.0,0.376,1.88,Recovery,Denial of Service,MHDDoS (ICMP),Raspberry Pi 4B 4GB,ACS712,1
416.0,0.528,2.64,Recovery,Denial of Service,MHDDoS (ICMP),Raspberry Pi 4B 4GB,ACS712,1
417.0,0.58,2.9,Recovery,Denial of Service,MHDDoS (ICMP),Raspberry Pi 4B 4GB,ACS712,1
418.0,0.514,2.5700000000000003,Recovery,Denial of Service,MHDDoS (ICMP),Raspberry Pi 4B 4GB,ACS712,1
419.0,0.528,2.64,Recovery,Denial of Service,MHDDoS (ICMP),Raspberry Pi 4B 4GB,ACS712,1
420.0,0.554,2.7700000000000005,Recovery,Denial of Service,MHDDoS (ICMP),Raspberry Pi 4B 4GB,ACS712,1
421.0,0.435,2.175,Recovery,Denial of Service,MHDDoS (ICMP),Raspberry Pi 4B 4GB,ACS712,1
422.0,0.594,2.9699999999999998,Recovery,Denial of Service,MHDDoS (ICMP),Raspberry Pi 4B 4GB,ACS712,1
423.0,0.389,1.945,Recovery,Denial of Service,MHDDoS (ICMP),Raspberry Pi 4B 4GB,ACS712,1
424.0,0.574,2.8699999999999997,Recovery,Denial of Service,MHDDoS (ICMP),Raspberry Pi 4B 4GB,ACS712,1
425.0,0.501,2.505,Recovery,Denial of Service,MHDDoS (ICMP),Raspberry Pi 4B 4GB,ACS712,1
426.0,0.501,2.505,Recovery,Denial of Service,MHDDoS (ICMP),Raspberry Pi 4B 4GB,ACS712,1
427.0,0.495,2.475,Recovery,Denial of Service,MHDDoS (ICMP),Raspberry Pi 4B 4GB,ACS712,1
428.0,0.422,2.11,Recovery,Denial of Service,MHDDoS (ICMP),Raspberry Pi 4B 4GB,ACS712,1
429.0,0.554,2.7700000000000005,Recovery,Denial of Service,MHDDoS (ICMP),Raspberry Pi 4B 4GB,ACS712,1
430.0,0.541,2.705,Recovery,Denial of Service,MHDDoS (ICMP),Raspberry Pi 4B 4GB,ACS712,1
431.0,0.495,2.475,Recovery,Denial of Service,MHDDoS (ICMP),Raspberry Pi 4B 4GB,ACS712,1
432.0,0.521,2.605,Recovery,Denial of Service,MHDDoS (ICMP),Raspberry Pi 4B 4GB,ACS712,1
433.0,0.528,2.64,Recovery,Denial of Service,MHDDoS (ICMP),Raspberry Pi 4B 4GB,ACS712,1
434.0,0.693,3.465,Recovery,Denial of Service,MHDDoS (ICMP),Raspberry Pi 4B 4GB,ACS712,1
435.0,0.567,2.835,Recovery,Denial of Service,MHDDoS (ICMP),Raspberry Pi 4B 4GB,ACS712,1
436.0,0.488,2.44,Recovery,Denial of Service,MHDDoS (ICMP),Raspberry Pi 4B 4GB,ACS712,1
437.0,0.514,2.5700000000000003,Recovery,Denial of Service,MHDDoS (ICMP),Raspberry Pi 4B 4GB,ACS712,1
438.0,0.429,2.145,Recovery,Denial of Service,MHDDoS (ICMP),Raspberry Pi 4B 4GB,ACS712,1
439.0,0.442,2.21,Recovery,Denial of Service,MHDDoS (ICMP),Raspberry Pi 4B 4GB,ACS712,1
440.0,0.429,2.145,Recovery,Denial of Service,MHDDoS (ICMP),Raspberry Pi 4B 4GB,ACS712,1
441.0,0.475,2.375,Recovery,Denial of Service,MHDDoS (ICMP),Raspberry Pi 4B 4GB,ACS712,1
442.0,0.468,2.3400000000000003,Recovery,Denial of Service,MHDDoS (ICMP),Raspberry Pi 4B 4GB,ACS712,1
443.0,0.613,3.065,Recovery,Denial of Service,MHDDoS (ICMP),Raspberry Pi 4B 4GB,ACS712,1
444.0,0.435,2.175,Recovery,Denial of Service,MHDDoS (ICMP),Raspberry Pi 4B 4GB,ACS712,1
445.0,0.508,2.54,Recovery,Denial of Service,MHDDoS (ICMP),Raspberry Pi 4B 4GB,ACS712,1
446.0,0.607,3.035,Recovery,Denial of Service,MHDDoS (ICMP),Raspberry Pi 4B 4GB,ACS712,1
447.0,0.495,2.475,Recovery,Denial of Service,MHDDoS (ICMP),Raspberry Pi 4B 4GB,ACS712,1
448.0,0.455,2.275,Recovery,Denial of Service,MHDDoS (ICMP),Raspberry Pi 4B 4GB,ACS712,1
449.0,0.422,2.11,Recovery,Denial of Service,MHDDoS (ICMP),Raspberry Pi 4B 4GB,ACS712,1
450.0,0.62,3.1,Recovery,Denial of Service,MHDDoS (ICMP),Raspberry Pi 4B 4GB,ACS712,1
451.0,0.514,2.5700000000000003,Recovery,Denial of Service,MHDDoS (ICMP),Raspberry Pi 4B 4GB,ACS712,1
452.0,0.521,2.605,Recovery,Denial of Service,MHDDoS (ICMP),Raspberry Pi 4B 4GB,ACS712,1
453.0,0.475,2.375,Recovery,Denial of Service,MHDDoS (ICMP),Raspberry Pi 4B 4GB,ACS712,1
454.0,0.475,2.375,Recovery,Denial of Service,MHDDoS (ICMP),Raspberry Pi 4B 4GB,ACS712,1
455.0,0.633,3.165,Recovery,Denial of Service,MHDDoS (ICMP),Raspberry Pi 4B 4GB,ACS712,1
456.0,0.627,3.135,Recovery,Denial of Service,MHDDoS (ICMP),Raspberry Pi 4B 4GB,ACS712,1
457.0,0.462,2.31,Recovery,Denial of Service,MHDDoS (ICMP),Raspberry Pi 4B 4GB,ACS712,1
458.0,0.811,4.055000000000001,Recovery,Denial of Service,MHDDoS (ICMP),Raspberry Pi 4B 4GB,ACS712,1
459.0,0.627,3.135,Recovery,Denial of Service,MHDDoS (ICMP),Raspberry Pi 4B 4GB,ACS712,1
460.0,0.567,2.835,Recovery,Denial of Service,MHDDoS (ICMP),Raspberry Pi 4B 4GB,ACS712,1
461.0,0.462,2.31,Recovery,Denial of Service,MHDDoS (ICMP),Raspberry Pi 4B 4GB,ACS712,1
462.0,0.435,2.175,Recovery,Denial of Service,MHDDoS (ICMP),Raspberry Pi 4B 4GB,ACS712,1
463.0,0.382,1.9100000000000001,Recovery,Denial of Service,MHDDoS (ICMP),Raspberry Pi 4B 4GB,ACS712,1
464.0,0.448,2.24,Recovery,Denial of Service,MHDDoS (ICMP),Raspberry Pi 4B 4GB,ACS712,1
465.0,0.468,2.3400000000000003,Recovery,Denial of Service,MHDDoS (ICMP),Raspberry Pi 4B 4GB,ACS712,1
466.0,0.475,2.375,Recovery,Denial of Service,MHDDoS (ICMP),Raspberry Pi 4B 4GB,ACS712,1
467.0,0.343,1.715,Recovery,Denial of Service,MHDDoS (ICMP),Raspberry Pi 4B 4GB,ACS712,1
468.0,0.435,2.175,Recovery,Denial of Service,MHDDoS (ICMP),Raspberry Pi 4B 4GB,ACS712,1
469.0,0.534,2.67,Recovery,Denial of Service,MHDDoS (ICMP),Raspberry Pi 4B 4GB,ACS712,1
470.0,0.58,2.9,Recovery,Denial of Service,MHDDoS (ICMP),Raspberry Pi 4B 4GB,ACS712,1
471.0,0.429,2.145,Recovery,Denial of Service,MHDDoS (ICMP),Raspberry Pi 4B 4GB,ACS712,1
472.0,0.442,2.21,Recovery,Denial of Service,MHDDoS (ICMP),Raspberry Pi 4B 4GB,ACS712,1
473.0,0.409,2.045,Recovery,Denial of Service,MHDDoS (ICMP),Raspberry Pi 4B 4GB,ACS712,1
474.0,0.567,2.835,Recovery,Denial of Service,MHDDoS (ICMP),Raspberry Pi 4B 4GB,ACS712,1
475.0,0.27,1.35,Recovery,Denial of Service,MHDDoS (ICMP),Raspberry Pi 4B 4GB,ACS712,1
476.0,0.448,2.24,Recovery,Denial of Service,MHDDoS (ICMP),Raspberry Pi 4B 4GB,ACS712,1
477.0,0.627,3.135,Recovery,Denial of Service,MHDDoS (ICMP),Raspberry Pi 4B 4GB,ACS712,1
478.0,0.554,2.7700000000000005,Recovery,Denial of Service,MHDDoS (ICMP),Raspberry Pi 4B 4GB,ACS712,1
479.0,0.448,2.24,Recovery,Denial of Service,MHDDoS (ICMP),Raspberry Pi 4B 4GB,ACS712,1
480.0,0.547,2.7350000000000003,Recovery,Denial of Service,MHDDoS (ICMP),Raspberry Pi 4B 4GB,ACS712,1
481.0,0.587,2.9349999999999996,Recovery,Denial of Service,MHDDoS (ICMP),Raspberry Pi 4B 4GB,ACS712,1
482.0,0.6,3.0,Recovery,Denial of Service,MHDDoS (ICMP),Raspberry Pi 4B 4GB,ACS712,1
483.0,0.501,2.505,Recovery,Denial of Service,MHDDoS (ICMP),Raspberry Pi 4B 4GB,ACS712,1
484.0,0.521,2.605,Recovery,Denial of Service,MHDDoS (ICMP),Raspberry Pi 4B 4GB,ACS712,1
485.0,0.488,2.44,Recovery,Denial of Service,MHDDoS (ICMP),Raspberry Pi 4B 4GB,ACS712,1
486.0,0.521,2.605,Recovery,Denial of Service,MHDDoS (ICMP),Raspberry Pi 4B 4GB,ACS712,1
487.0,0.528,2.64,Recovery,Denial of Service,MHDDoS (ICMP),Raspberry Pi 4B 4GB,ACS712,1
488.0,0.587,2.9349999999999996,Recovery,Denial of Service,MHDDoS (ICMP),Raspberry Pi 4B 4GB,ACS712,1
489.0,0.541,2.705,Recovery,Denial of Service,MHDDoS (ICMP),Raspberry Pi 4B 4GB,ACS712,1
490.0,0.567,2.835,Recovery,Denial of Service,MHDDoS (ICMP),Raspberry Pi 4B 4GB,ACS712,1
491.0,0.528,2.64,Recovery,Denial of Service,MHDDoS (ICMP),Raspberry Pi 4B 4GB,ACS712,1
492.0,0.481,2.405,Recovery,Denial of Service,MHDDoS (ICMP),Raspberry Pi 4B 4GB,ACS712,1
493.0,0.508,2.54,Recovery,Denial of Service,MHDDoS (ICMP),Raspberry Pi 4B 4GB,ACS712,1
494.0,0.429,2.145,Recovery,Denial of Service,MHDDoS (ICMP),Raspberry Pi 4B 4GB,ACS712,1
495.0,0.448,2.24,Recovery,Denial of Service,MHDDoS (ICMP),Raspberry Pi 4B 4GB,ACS712,1
496.0,0.514,2.5700000000000003,Recovery,Denial of Service,MHDDoS (ICMP),Raspberry Pi 4B 4GB,ACS712,1
497.0,0.409,2.045,Recovery,Denial of Service,MHDDoS (ICMP),Raspberry Pi 4B 4GB,ACS712,1
498.0,0.475,2.375,Recovery,Denial of Service,MHDDoS (ICMP),Raspberry Pi 4B 4GB,ACS712,1
499.0,0.475,2.375,Recovery,Denial of Service,MHDDoS (ICMP),Raspberry Pi 4B 4GB,ACS712,1
500.0,0.534,2.67,Recovery,Denial of Service,MHDDoS (ICMP),Raspberry Pi 4B 4GB,ACS712,1
501.0,0.547,2.7350000000000003,Recovery,Denial of Service,MHDDoS (ICMP),Raspberry Pi 4B 4GB,ACS712,1
502.0,0.554,2.7700000000000005,Recovery,Denial of Service,MHDDoS (ICMP),Raspberry Pi 4B 4GB,ACS712,1
503.0,0.64,3.2,Recovery,Denial of Service,MHDDoS (ICMP),Raspberry Pi 4B 4GB,ACS712,1
504.0,0.508,2.54,Recovery,Denial of Service,MHDDoS (ICMP),Raspberry Pi 4B 4GB,ACS712,1
505.0,0.58,2.9,Recovery,Denial of Service,MHDDoS (ICMP),Raspberry Pi 4B 4GB,ACS712,1
506.0,0.462,2.31,Recovery,Denial of Service,MHDDoS (ICMP),Raspberry Pi 4B 4GB,ACS712,1
507.0,0.547,2.7350000000000003,Recovery,Denial of Service,MHDDoS (ICMP),Raspberry Pi 4B 4GB,ACS712,1
508.0,0.501,2.505,Recovery,Denial of Service,MHDDoS (ICMP),Raspberry Pi 4B 4GB,ACS712,1
509.0,0.561,2.805,Recovery,Denial of Service,MHDDoS (ICMP),Raspberry Pi 4B 4GB,ACS712,1
510.0,0.468,2.3400000000000003,Recovery,Denial of Service,MHDDoS (ICMP),Raspberry Pi 4B 4GB,ACS712,1
511.0,0.468,2.3400000000000003,Recovery,Denial of Service,MHDDoS (ICMP),Raspberry Pi 4B 4GB,ACS712,1
512.0,0.475,2.375,Recovery,Denial of Service,MHDDoS (ICMP),Raspberry Pi 4B 4GB,ACS712,1
513.0,0.481,2.405,Recovery,Denial of Service,MHDDoS (ICMP),Raspberry Pi 4B 4GB,ACS712,1
514.0,0.521,2.605,Recovery,Denial of Service,MHDDoS (ICMP),Raspberry Pi 4B 4GB,ACS712,1
515.0,0.508,2.54,Recovery,Denial of Service,MHDDoS (ICMP),Raspberry Pi 4B 4GB,ACS712,1
516.0,0.501,2.505,Recovery,Denial of Service,MHDDoS (ICMP),Raspberry Pi 4B 4GB,ACS712,1
517.0,0.481,2.405,Recovery,Denial of Service,MHDDoS (ICMP),Raspberry Pi 4B 4GB,ACS712,1
518.0,0.475,2.375,Recovery,Denial of Service,MHDDoS (ICMP),Raspberry Pi 4B 4GB,ACS712,1
519.0,0.475,2.375,Recovery,Denial of Service,MHDDoS (ICMP),Raspberry Pi 4B 4GB,ACS712,1
520.0,0.448,2.24,Recovery,Denial of Service,MHDDoS (ICMP),Raspberry Pi 4B 4GB,ACS712,1
521.0,0.409,2.045,Recovery,Denial of Service,MHDDoS (ICMP),Raspberry Pi 4B 4GB,ACS712,1
522.0,0.429,2.145,Recovery,Denial of Service,MHDDoS (ICMP),Raspberry Pi 4B 4GB,ACS712,1
523.0,0.363,1.815,Recovery,Denial of Service,MHDDoS (ICMP),Raspberry Pi 4B 4GB,ACS712,1
524.0,0.422,2.11,Recovery,Denial of Service,MHDDoS (ICMP),Raspberry Pi 4B 4GB,ACS712,1
525.0,0.462,2.31,Recovery,Denial of Service,MHDDoS (ICMP),Raspberry Pi 4B 4GB,ACS712,1
526.0,0.488,2.44,Recovery,Denial of Service,MHDDoS (ICMP),Raspberry Pi 4B 4GB,ACS712,1
527.0,0.462,2.31,Recovery,Denial of Service,MHDDoS (ICMP),Raspberry Pi 4B 4GB,ACS712,1
528.0,0.448,2.24,Recovery,Denial of Service,MHDDoS (ICMP),Raspberry Pi 4B 4GB,ACS712,1
529.0,0.528,2.64,Recovery,Denial of Service,MHDDoS (ICMP),Raspberry Pi 4B 4GB,ACS712,1
530.0,0.475,2.375,Recovery,Denial of Service,MHDDoS (ICMP),Raspberry Pi 4B 4GB,ACS712,1
531.0,0.574,2.8699999999999997,Recovery,Denial of Service,MHDDoS (ICMP),Raspberry Pi 4B 4GB,ACS712,1
532.0,0.316,1.58,Recovery,Denial of Service,MHDDoS (ICMP),Raspberry Pi 4B 4GB,ACS712,1
533.0,0.62,3.1,Recovery,Denial of Service,MHDDoS (ICMP),Raspberry Pi 4B 4GB,ACS712,1
534.0,0.514,2.5700000000000003,Recovery,Denial of Service,MHDDoS (ICMP),Raspberry Pi 4B 4GB,ACS712,1
535.0,0.521,2.605,Recovery,Denial of Service,MHDDoS (ICMP),Raspberry Pi 4B 4GB,ACS712,1
536.0,0.528,2.64,Recovery,Denial of Service,MHDDoS (ICMP),Raspberry Pi 4B 4GB,ACS712,1
537.0,0.534,2.67,Recovery,Denial of Service,MHDDoS (ICMP),Raspberry Pi 4B 4GB,ACS712,1
538.0,0.574,2.8699999999999997,Recovery,Denial of Service,MHDDoS (ICMP),Raspberry Pi 4B 4GB,ACS712,1
539.0,0.349,1.7449999999999999,Recovery,Denial of Service,MHDDoS (ICMP),Raspberry Pi 4B 4GB,ACS712,1
540.0,0.534,2.67,Recovery,Denial of Service,MHDDoS (ICMP),Raspberry Pi 4B 4GB,ACS712,1
541.0,0.508,2.54,Recovery,Denial of Service,MHDDoS (ICMP),Raspberry Pi 4B 4GB,ACS712,1
542.0,0.389,1.945,Recovery,Denial of Service,MHDDoS (ICMP),Raspberry Pi 4B 4GB,ACS712,1
543.0,0.541,2.705,Recovery,Denial of Service,MHDDoS (ICMP),Raspberry Pi 4B 4GB,ACS712,1
544.0,0.442,2.21,Recovery,Denial of Service,MHDDoS (ICMP),Raspberry Pi 4B 4GB,ACS712,1
545.0,0.369,1.845,Recovery,Denial of Service,MHDDoS (ICMP),Raspberry Pi 4B 4GB,ACS712,1
546.0,0.574,2.8699999999999997,Recovery,Denial of Service,MHDDoS (ICMP),Raspberry Pi 4B 4GB,ACS712,1
547.0,0.442,2.21,Recovery,Denial of Service,MHDDoS (ICMP),Raspberry Pi 4B 4GB,ACS712,1
548.0,0.369,1.845,Recovery,Denial of Service,MHDDoS (ICMP),Raspberry Pi 4B 4GB,ACS712,1
549.0,0.521,2.605,Recovery,Denial of Service,MHDDoS (ICMP),Raspberry Pi 4B 4GB,ACS712,1
550.0,0.442,2.21,Recovery,Denial of Service,MHDDoS (ICMP),Raspberry Pi 4B 4GB,ACS712,1
551.0,0.508,2.54,Recovery,Denial of Service,MHDDoS (ICMP),Raspberry Pi 4B 4GB,ACS712,1
552.0,0.574,2.8699999999999997,Recovery,Denial of Service,MHDDoS (ICMP),Raspberry Pi 4B 4GB,ACS712,1
553.0,0.528,2.64,Recovery,Denial of Service,MHDDoS (ICMP),Raspberry Pi 4B 4GB,ACS712,1
554.0,0.567,2.835,Recovery,Denial of Service,MHDDoS (ICMP),Raspberry Pi 4B 4GB,ACS712,1
555.0,0.468,2.3400000000000003,Recovery,Denial of Service,MHDDoS (ICMP),Raspberry Pi 4B 4GB,ACS712,1
556.0,0.415,2.0749999999999997,Recovery,Denial of Service,MHDDoS (ICMP),Raspberry Pi 4B 4GB,ACS712,1
557.0,0.481,2.405,Recovery,Denial of Service,MHDDoS (ICMP),Raspberry Pi 4B 4GB,ACS712,1
558.0,0.567,2.835,Recovery,Denial of Service,MHDDoS (ICMP),Raspberry Pi 4B 4GB,ACS712,1
559.0,0.409,2.045,Recovery,Denial of Service,MHDDoS (ICMP),Raspberry Pi 4B 4GB,ACS712,1
560.0,0.442,2.21,Recovery,Denial of Service,MHDDoS (ICMP),Raspberry Pi 4B 4GB,ACS712,1
561.0,0.528,2.64,Recovery,Denial of Service,MHDDoS (ICMP),Raspberry Pi 4B 4GB,ACS712,1
562.0,0.521,2.605,Recovery,Denial of Service,MHDDoS (ICMP),Raspberry Pi 4B 4GB,ACS712,1
563.0,0.349,1.7449999999999999,Recovery,Denial of Service,MHDDoS (ICMP),Raspberry Pi 4B 4GB,ACS712,1
564.0,0.501,2.505,Recovery,Denial of Service,MHDDoS (ICMP),Raspberry Pi 4B 4GB,ACS712,1
565.0,0.6,3.0,Recovery,Denial of Service,MHDDoS (ICMP),Raspberry Pi 4B 4GB,ACS712,1
566.0,0.521,2.605,Recovery,Denial of Service,MHDDoS (ICMP),Raspberry Pi 4B 4GB,ACS712,1
567.0,0.462,2.31,Recovery,Denial of Service,MHDDoS (ICMP),Raspberry Pi 4B 4GB,ACS712,1
568.0,0.488,2.44,Recovery,Denial of Service,MHDDoS (ICMP),Raspberry Pi 4B 4GB,ACS712,1
569.0,0.396,1.98,Recovery,Denial of Service,MHDDoS (ICMP),Raspberry Pi 4B 4GB,ACS712,1
570.0,0.429,2.145,Recovery,Denial of Service,MHDDoS (ICMP),Raspberry Pi 4B 4GB,ACS712,1
571.0,0.508,2.54,Recovery,Denial of Service,MHDDoS (ICMP),Raspberry Pi 4B 4GB,ACS712,1
572.0,0.442,2.21,Recovery,Denial of Service,MHDDoS (ICMP),Raspberry Pi 4B 4GB,ACS712,1
573.0,0.442,2.21,Recovery,Denial of Service,MHDDoS (ICMP),Raspberry Pi 4B 4GB,ACS712,1
574.0,0.475,2.375,Recovery,Denial of Service,MHDDoS (ICMP),Raspberry Pi 4B 4GB,ACS712,1
575.0,0.607,3.035,Recovery,Denial of Service,MHDDoS (ICMP),Raspberry Pi 4B 4GB,ACS712,1
576.0,0.528,2.64,Recovery,Denial of Service,MHDDoS (ICMP),Raspberry Pi 4B 4GB,ACS712,1
577.0,0.488,2.44,Recovery,Denial of Service,MHDDoS (ICMP),Raspberry Pi 4B 4GB,ACS712,1
578.0,0.501,2.505,Recovery,Denial of Service,MHDDoS (ICMP),Raspberry Pi 4B 4GB,ACS712,1
579.0,0.481,2.405,Recovery,Denial of Service,MHDDoS (ICMP),Raspberry Pi 4B 4GB,ACS712,1
580.0,0.58,2.9,Recovery,Denial of Service,MHDDoS (ICMP),Raspberry Pi 4B 4GB,ACS712,1
581.0,0.488,2.44,Recovery,Denial of Service,MHDDoS (ICMP),Raspberry Pi 4B 4GB,ACS712,1
582.0,0.673,3.365,Recovery,Denial of Service,MHDDoS (ICMP),Raspberry Pi 4B 4GB,ACS712,1
583.0,0.732,3.66,Recovery,Denial of Service,MHDDoS (ICMP),Raspberry Pi 4B 4GB,ACS712,1
584.0,0.561,2.805,Recovery,Denial of Service,MHDDoS (ICMP),Raspberry Pi 4B 4GB,ACS712,1
585.0,0.389,1.945,Recovery,Denial of Service,MHDDoS (ICMP),Raspberry Pi 4B 4GB,ACS712,1
586.0,0.429,2.145,Recovery,Denial of Service,MHDDoS (ICMP),Raspberry Pi 4B 4GB,ACS712,1
587.0,0.33,1.6500000000000001,Recovery,Denial of Service,MHDDoS (ICMP),Raspberry Pi 4B 4GB,ACS712,1
588.0,0.455,2.275,Recovery,Denial of Service,MHDDoS (ICMP),Raspberry Pi 4B 4GB,ACS712,1
589.0,0.495,2.475,Recovery,Denial of Service,MHDDoS (ICMP),Raspberry Pi 4B 4GB,ACS712,1
590.0,0.422,2.11,Recovery,Denial of Service,MHDDoS (ICMP),Raspberry Pi 4B 4GB,ACS712,1
591.0,0.283,1.4149999999999998,Recovery,Denial of Service,MHDDoS (ICMP),Raspberry Pi 4B 4GB,ACS712,1
592.0,0.481,2.405,Recovery,Denial of Service,MHDDoS (ICMP),Raspberry Pi 4B 4GB,ACS712,1
593.0,0.554,2.7700000000000005,Recovery,Denial of Service,MHDDoS (ICMP),Raspberry Pi 4B 4GB,ACS712,1
594.0,0.501,2.505,Recovery,Denial of Service,MHDDoS (ICMP),Raspberry Pi 4B 4GB,ACS712,1
595.0,0.561,2.805,Recovery,Denial of Service,MHDDoS (ICMP),Raspberry Pi 4B 4GB,ACS712,1
596.0,0.415,2.0749999999999997,Recovery,Denial of Service,MHDDoS (ICMP),Raspberry Pi 4B 4GB,ACS712,1
597.0,0.455,2.275,Recovery,Denial of Service,MHDDoS (ICMP),Raspberry Pi 4B 4GB,ACS712,1
