Attack Type,Attack,Host,Run,Mode,CPU Usage (%),CPU Temperature (°C),Power (W),Memory Usage (%),Voltage (V),Voltage Adjusted (V),Current (A),CPU Temperature Core #1 (°C),CPU Temperature Core #2 (°C),CPU Temperature Core #3 (°C),CPU Temperature Core #4 (°C),CPU Power (W),CPU Power Cores (W),CPU Graphics Power (W),GPU Temperature (°C),GPU Usage (%),GPU Memory Usage (%),GPU Power (W),CPU Usage User (%),CPU Usage System (%),CPU Usage Wait (%),Processes Runnable,Processes Blocked,Process Switches,Process Forks,Process Execs,Network lo Received (Ko/s),Network eth0 Received (Ko/s),Network wlan0 Received (Ko/s),Network lo Sent (Ko/s),Network eth0 Sent (Ko/s),Network wlan0 Sent (Ko/s),Network Packet lo Received,Network Packet eth0 Received,Network Packet wlan0 Received,Network Packet lo Sent,Network Packet eth0 Sent,Network Packet wlan0 Sent,Disk mmcblk0 Usage (%),Disk mmcblk0p1 Usage (%),Disk mmcblk0p2 Usage (%),Disk mmcblk0 Read (Ko/s),Disk mmcblk0p1 Read (Ko/s),Disk mmcblk0p2 Read (Ko/s),Disk mmcblk0 Write (Ko/s),Disk mmcblk0p1 Write (Ko/s),Disk mmcblk0p2 Write (Ko/s),Disk mmcblk0 Block Size (Ko),Disk mmcblk0p1 Block Size (Ko),Disk mmcblk0p2 Block Size (Ko),Disk mmcblk0 Transfers,Disk mmcblk0p1 Transfers,Disk mmcblk0p2 Transfers,JFS dev Usage (%),JFS run Usage (%),JFS Usage (%),JFS boot/firmware Usage (%),Memory Active (%),Memory Buffers (%),Memory Cached (%),Memory Inactive (%),Disk mmcblk1 Usage (%),Disk mmcblk1p1 Usage (%),Disk mmcblk1p2 Usage (%),Disk mmcblk1 Read (Ko/s),Disk mmcblk1p1 Read (Ko/s),Disk mmcblk1p2 Read (Ko/s),Disk mmcblk1 Write (Ko/s),Disk mmcblk1p1 Write (Ko/s),Disk mmcblk1p2 Write (Ko/s),Disk mmcblk1 Block Size (Ko),Disk mmcblk1p1 Block Size (Ko),Disk mmcblk1p2 Block Size (Ko),Disk mmcblk1 Transfers,Disk mmcblk1p1 Transfers,Disk mmcblk1p2 Transfers,Network (Ko/s),Disk Read (Mo/s),Disk Write (Mo/s),Encrypted Files,Encrypted Disk Usage (%),Encrypted Files Size (Mo),Encryption Speed (o/s)
Cryptojacking,CoinIMP (CPU) (10%),ASUS Zenbook UX51VZ,1,Attack,,61.22,,,,,,60.28,60.21,58.16,59.91,8.47,5.58,0.01,0.25,,,,,,,,,,,,,,,,,,,,,,,,,,,,,,,,,,,,,,,,,,,,,,,,,,,,,,,,,,,,,,,,,,,,
Cryptojacking,CoinIMP (CPU) (10%),ASUS Zenbook UX51VZ,1,Idle,,42.0,,,,,,41.36,41.29,41.25,41.56,3.57,1.13,0.01,0.42,,,,,,,,,,,,,,,,,,,,,,,,,,,,,,,,,,,,,,,,,,,,,,,,,,,,,,,,,,,,,,,,,,,,
Cryptojacking,CoinIMP (CPU) (100%),ASUS Zenbook UX51VZ,1,Attack,,79.57,,,,,,77.77,79.45,78.74,77.31,17.7,13.68,0.01,0.48,,,,,,,,,,,,,,,,,,,,,,,,,,,,,,,,,,,,,,,,,,,,,,,,,,,,,,,,,,,,,,,,,,,,
Cryptojacking,CoinIMP (CPU) (100%),ASUS Zenbook UX51VZ,1,Idle,,42.0,,,,,,41.36,41.29,41.25,41.56,3.57,1.13,0.01,0.42,,,,,,,,,,,,,,,,,,,,,,,,,,,,,,,,,,,,,,,,,,,,,,,,,,,,,,,,,,,,,,,,,,,,
Cryptojacking,CoinIMP (CPU) (100%),Apple M1 Pro,1,Attack,100.0,59.0,,,,,,,,,,,,,,,,,,,,,,,,,,,,,,,,,,,,,,,,,,,,,,,,,,,,,,,,,,,,,,,,,,,,,,,,,,,,,,,,,
Cryptojacking,CoinIMP (CPU) (100%),Apple M1 Pro,1,Idle,12.0,37.0,,,,,,,,,,,,,,,,,,,,,,,,,,,,,,,,,,,,,,,,,,,,,,,,,,,,,,,,,,,,,,,,,,,,,,,,,,,,,,,,,
Cryptojacking,CoinIMP (CPU) (100%),Apple MacBook Pro i7 2013,1,Attack,39.4,65.26,62.99,54.19,,,,,,,,,,,,,,,,,,,,,,,,,,,,,,,,,,,,,,,,,,,,,,,,,,,,,,,,,,,,,,,,,,,,,,,,,,,,,,,
Cryptojacking,CoinIMP (CPU) (100%),Apple MacBook Pro i7 2013,1,Idle,5.08,41.4,19.02,44.85,,,,,,,,,,,,,,,,,,,,,,,,,,,,,,,,,,,,,,,,,,,,,,,,,,,,,,,,,,,,,,,,,,,,,,,,,,,,,,,
Cryptojacking,CoinIMP (CPU) (100%),Apple MacBook Pro i7 2013,1,Idle_browser_open,4.18,42.44,18.66,52.45,,,,,,,,,,,,,,,,,,,,,,,,,,,,,,,,,,,,,,,,,,,,,,,,,,,,,,,,,,,,,,,,,,,,,,,,,,,,,,,
Cryptojacking,CoinIMP (CPU) (100%),Apple MacBook Pro i7 2013,1,Idle_buffer,5.95,39.54,,45.09,,,,,,,,,,,,,,,,,,,,,,,,,,,,,,,,,,,,,,,,,,,,,,,,,,,,,,,,,,,,,,,,,,,,,,,,,,,,,,,
Cryptojacking,CoinIMP (CPU) (100%),Apple MacBook Pro i7 2013,1,Recovery,3.44,49.29,18.86,52.86,,,,,,,,,,,,,,,,,,,,,,,,,,,,,,,,,,,,,,,,,,,,,,,,,,,,,,,,,,,,,,,,,,,,,,,,,,,,,,,
Cryptojacking,CoinIMP (CPU) (100%),Raspberry Pi 3B 1GB,1,Attack,98.1,77.32,4.91,46.42,2.52,0.1,0.98,,,,,,,,,,,,,,,,,,,,,,,,,,,,,,,,,,,,,,,,,,,,,,,,,,,,,,,,,,,,,,,,,,,,,,,,,,,,
Cryptojacking,CoinIMP (CPU) (100%),Raspberry Pi 3B 1GB,1,Idle,25.1,50.31,0.8,18.28,2.43,0.02,0.16,,,,,,,,,,,,,,,,,,,,,,,,,,,,,,,,,,,,,,,,,,,,,,,,,,,,,,,,,,,,,,,,,,,,,,,,,,,,
Cryptojacking,CoinIMP (CPU) (100%),Raspberry Pi 3B 1GB,1,Idle_browser_open,32.09,52.19,1.9,42.05,2.45,0.04,0.38,,,,,,,,,,,,,,,,,,,,,,,,,,,,,,,,,,,,,,,,,,,,,,,,,,,,,,,,,,,,,,,,,,,,,,,,,,,,
Cryptojacking,CoinIMP (CPU) (100%),Raspberry Pi 3B 1GB,1,Recovery,25.65,59.29,2.28,18.12,2.46,0.05,0.46,,,,,,,,,,,,,,,,,,,,,,,,,,,,,,,,,,,,,,,,,,,,,,,,,,,,,,,,,,,,,,,,,,,,,,,,,,,,
Cryptojacking,CoinIMP (CPU) (20%),ASUS Zenbook UX51VZ,1,Attack,,70.42,,,,,,68.37,69.46,67.55,68.56,13.61,10.02,0.25,0.3,,,,,,,,,,,,,,,,,,,,,,,,,,,,,,,,,,,,,,,,,,,,,,,,,,,,,,,,,,,,,,,,,,,,
Cryptojacking,CoinIMP (CPU) (20%),ASUS Zenbook UX51VZ,1,Idle,,42.0,,,,,,41.36,41.29,41.25,41.56,3.57,1.13,0.01,0.42,,,,,,,,,,,,,,,,,,,,,,,,,,,,,,,,,,,,,,,,,,,,,,,,,,,,,,,,,,,,,,,,,,,,
Cryptojacking,CoinIMP (CPU) (30%),ASUS Zenbook UX51VZ,1,Attack,,76.83,,,,,,74.81,75.65,73.81,74.59,16.3,12.76,0.0,0.0,,,,,,,,,,,,,,,,,,,,,,,,,,,,,,,,,,,,,,,,,,,,,,,,,,,,,,,,,,,,,,,,,,,,
Cryptojacking,CoinIMP (CPU) (30%),ASUS Zenbook UX51VZ,1,Idle,,42.0,,,,,,41.36,41.29,41.25,41.56,3.57,1.13,0.01,0.42,,,,,,,,,,,,,,,,,,,,,,,,,,,,,,,,,,,,,,,,,,,,,,,,,,,,,,,,,,,,,,,,,,,,
Cryptojacking,CoinIMP (CPU) (40%),ASUS Zenbook UX51VZ,1,Attack,,77.79,,,,,,75.48,77.14,74.9,75.09,16.67,13.04,0.01,0.53,,,,,,,,,,,,,,,,,,,,,,,,,,,,,,,,,,,,,,,,,,,,,,,,,,,,,,,,,,,,,,,,,,,,
Cryptojacking,CoinIMP (CPU) (40%),ASUS Zenbook UX51VZ,1,Idle,,42.0,,,,,,41.36,41.29,41.25,41.56,3.57,1.13,0.01,0.42,,,,,,,,,,,,,,,,,,,,,,,,,,,,,,,,,,,,,,,,,,,,,,,,,,,,,,,,,,,,,,,,,,,,
Cryptojacking,CoinIMP (CPU) (50%),ASUS Zenbook UX51VZ,1,Attack,,77.57,,,,,,75.35,77.0,74.8,75.13,17.97,14.33,0.0,0.34,,,,,,,,,,,,,,,,,,,,,,,,,,,,,,,,,,,,,,,,,,,,,,,,,,,,,,,,,,,,,,,,,,,,
Cryptojacking,CoinIMP (CPU) (50%),ASUS Zenbook UX51VZ,1,Idle,,42.0,,,,,,41.36,41.29,41.25,41.56,3.57,1.13,0.01,0.42,,,,,,,,,,,,,,,,,,,,,,,,,,,,,,,,,,,,,,,,,,,,,,,,,,,,,,,,,,,,,,,,,,,,
Cryptojacking,GMiner (GPU),HP Victus 16-d0417nf,1,Attack,20.13,69.71,,83.87,,,,64.46,65.74,64.3,64.81,24.74,18.63,0.04,57.35,40.53,77.5,,,,,,,,,,,,,,,,,,,,,,,,,,,,,,,,,,,,,,,,,,,,,,,,,,,,,,,,,,,,,,,,,,
Cryptojacking,GMiner (GPU),HP Victus 16-d0417nf,1,Idle,9.44,59.22,,46.97,,,,53.26,53.87,52.06,52.3,15.35,10.78,0.01,4.26,0.0,2.4,,,,,,,,,,,,,,,,,,,,,,,,,,,,,,,,,,,,,,,,,,,,,,,,,,,,,,,,,,,,,,,,,,
Cryptojacking,GMiner (GPU),HP Victus 16-d0417nf,1,Recovery,9.41,60.35,,27.71,,,,54.27,55.98,53.98,53.42,15.22,10.53,0.02,3.68,0.05,2.41,,,,,,,,,,,,,,,,,,,,,,,,,,,,,,,,,,,,,,,,,,,,,,,,,,,,,,,,,,,,,,,,,,
Cryptojacking,NBMiner (GPU),HP Victus 16-d0417nf,1,Attack,2.01,62.97,,64.5,,,,57.74,58.42,57.35,57.01,14.55,8.8,0.03,53.83,80.48,79.85,,,,,,,,,,,,,,,,,,,,,,,,,,,,,,,,,,,,,,,,,,,,,,,,,,,,,,,,,,,,,,,,,,
Cryptojacking,NBMiner (GPU),HP Victus 16-d0417nf,1,Idle,5.75,57.26,,56.17,,,,50.01,51.71,49.46,50.5,15.17,11.26,0.03,2.27,0.0,2.4,,,,,,,,,,,,,,,,,,,,,,,,,,,,,,,,,,,,,,,,,,,,,,,,,,,,,,,,,,,,,,,,,,
Cryptojacking,NBMiner (GPU),HP Victus 16-d0417nf,1,Recovery,6.13,62.2,,55.41,,,,54.23,55.65,54.49,54.52,16.84,12.83,0.02,4.81,7.69,3.99,,,,,,,,,,,,,,,,,,,,,,,,,,,,,,,,,,,,,,,,,,,,,,,,,,,,,,,,,,,,,,,,,,
Cryptojacking,NiceHash (GPU),HP Victus 16-d0417nf,1,Attack,1.7,62.52,,65.52,,,,57.18,58.53,56.79,56.47,8.3,3.54,0.09,63.53,92.49,77.25,,,,,,,,,,,,,,,,,,,,,,,,,,,,,,,,,,,,,,,,,,,,,,,,,,,,,,,,,,,,,,,,,,
Cryptojacking,NiceHash (GPU),HP Victus 16-d0417nf,1,Idle,6.35,59.08,,64.22,,,,53.46,54.37,51.08,50.2,16.95,12.49,0.07,12.69,0.14,2.4,,,,,,,,,,,,,,,,,,,,,,,,,,,,,,,,,,,,,,,,,,,,,,,,,,,,,,,,,,,,,,,,,,
Cryptojacking,NiceHash (GPU),HP Victus 16-d0417nf,1,Recovery,6.1,62.69,,62.28,,,,56.66,56.33,53.48,51.9,15.73,11.33,0.04,3.46,0.25,2.4,,,,,,,,,,,,,,,,,,,,,,,,,,,,,,,,,,,,,,,,,,,,,,,,,,,,,,,,,,,,,,,,,,
Cryptojacking,OneZeroMiner (GPU),HP Victus 16-d0417nf,1,Attack,30.55,51.6,,69.99,,,,47.63,50.21,47.53,48.78,12.81,8.33,0.03,49.04,87.15,74.65,,,,,,,,,,,,,,,,,,,,,,,,,,,,,,,,,,,,,,,,,,,,,,,,,,,,,,,,,,,,,,,,,,
Cryptojacking,OneZeroMiner (GPU),HP Victus 16-d0417nf,1,Idle,8.46,46.94,,65.13,,,,40.53,41.16,40.2,40.43,6.43,2.48,0.1,33.92,0.0,2.4,,,,,,,,,,,,,,,,,,,,,,,,,,,,,,,,,,,,,,,,,,,,,,,,,,,,,,,,,,,,,,,,,,
Cryptojacking,OneZeroMiner (GPU),HP Victus 16-d0417nf,1,Recovery,10.44,46.23,,65.29,,,,39.97,40.89,39.77,39.91,6.37,2.91,0.06,35.64,8.39,9.35,,,,,,,,,,,,,,,,,,,,,,,,,,,,,,,,,,,,,,,,,,,,,,,,,,,,,,,,,,,,,,,,,,
Cryptojacking,SRBMiner Multi (GPU),HP Victus 16-d0417nf,1,Attack,11.71,72.7,,75.8,,,,59.99,61.45,63.07,63.89,18.19,13.31,0.04,62.98,91.91,45.79,,,,,,,,,,,,,,,,,,,,,,,,,,,,,,,,,,,,,,,,,,,,,,,,,,,,,,,,,,,,,,,,,,
Cryptojacking,SRBMiner Multi (GPU),HP Victus 16-d0417nf,1,Idle,11.24,51.99,,73.19,,,,45.34,46.22,45.19,45.34,15.84,11.71,0.0,2.72,0.0,2.4,,,,,,,,,,,,,,,,,,,,,,,,,,,,,,,,,,,,,,,,,,,,,,,,,,,,,,,,,,,,,,,,,,
Cryptojacking,SRBMiner Multi (GPU),HP Victus 16-d0417nf,1,Recovery,12.1,60.64,,77.47,,,,54.81,55.04,54.24,53.79,16.85,12.52,0.01,5.27,3.24,4.22,,,,,,,,,,,,,,,,,,,,,,,,,,,,,,,,,,,,,,,,,,,,,,,,,,,,,,,,,,,,,,,,,,
Cryptojacking,T-Rex (GPU),ASUS Zenbook UX51VZ,1,Attack,89.36,83.93,,77.03,,,,81.36,83.89,82.59,82.06,22.25,15.95,2.32,57.8,47.65,7.93,,,,,,,,,,,,,,,,,,,,,,,,,,,,,,,,,,,,,,,,,,,,,,,,,,,,,,,,,,,,,,,,,,
Cryptojacking,T-Rex (GPU),ASUS Zenbook UX51VZ,1,Idle,6.06,58.25,,51.25,,,,57.24,57.23,56.47,57.33,5.11,2.45,0.06,0.0,0.0,2.0,,,,,,,,,,,,,,,,,,,,,,,,,,,,,,,,,,,,,,,,,,,,,,,,,,,,,,,,,,,,,,,,,,
Cryptojacking,T-Rex (GPU),Windows 11 i7 GeForce RTX 4060 Laptop,1,Attack,100.0,67.5,,75.0,,,,,,,,,,,,98.5,,42.5,,,,,,,,,,,,,,,,,,,,,,,,,,,,,,,,,,,,,,,,,,,,,,,,,,,,,,,,,,,,,,,,,
Cryptojacking,T-Rex (GPU),Windows 11 i7 GeForce RTX 4060 Laptop,1,Idle,10.0,50.0,,19.0,,,,,,,,,,,,1.0,,10.0,,,,,,,,,,,,,,,,,,,,,,,,,,,,,,,,,,,,,,,,,,,,,,,,,,,,,,,,,,,,,,,,,
Cryptojacking,WildRig Multi (GPU),HP Victus 16-d0417nf,1,Attack,4.51,48.56,,60.71,,,,42.58,43.37,42.6,42.43,7.06,3.25,0.06,46.55,89.78,70.51,,,,,,,,,,,,,,,,,,,,,,,,,,,,,,,,,,,,,,,,,,,,,,,,,,,,,,,,,,,,,,,,,,
Cryptojacking,WildRig Multi (GPU),HP Victus 16-d0417nf,1,Idle,3.41,44.78,,57.72,,,,38.78,39.26,37.55,38.18,5.01,1.94,0.05,28.56,0.0,2.4,,,,,,,,,,,,,,,,,,,,,,,,,,,,,,,,,,,,,,,,,,,,,,,,,,,,,,,,,,,,,,,,,,
Cryptojacking,WildRig Multi (GPU),HP Victus 16-d0417nf,1,Recovery,4.0,48.3,,57.81,,,,41.83,42.52,41.5,41.52,5.91,2.51,0.06,33.16,10.16,12.2,,,,,,,,,,,,,,,,,,,,,,,,,,,,,,,,,,,,,,,,,,,,,,,,,,,,,,,,,,,,,,,,,,
Cryptojacking,XMRig (CPU),Raspberry Pi 3B 1GB,1,Attack,100.0,84.4,,37.61,,,,,,,,,,,,,,,,,,,,,,,,,,,,,,,,,,,,,,,,,,,,,,,,,,,,,,,,,,,,,,,,,,,,,,,,,,,,,,,
Cryptojacking,XMRig (CPU),Raspberry Pi 3B 1GB,1,Idle,1.12,50.5,,17.87,,,,,,,,,,,,,,,,,,,,,,,,,,,,,,,,,,,,,,,,,,,,,,,,,,,,,,,,,,,,,,,,,,,,,,,,,,,,,,,
Cryptojacking,XMRig (CPU),Raspberry Pi 4B 2GB,1,Attack,100.0,81.3,,23.44,,,,,,,,,,,,,,,,,,,,,,,,,,,,,,,,,,,,,,,,,,,,,,,,,,,,,,,,,,,,,,,,,,,,,,,,,,,,,,,
Cryptojacking,XMRig (CPU),Raspberry Pi 4B 2GB,1,Idle,0.5,43.8,,8.33,,,,,,,,,,,,,,,,,,,,,,,,,,,,,,,,,,,,,,,,,,,,,,,,,,,,,,,,,,,,,,,,,,,,,,,,,,,,,,,
Cryptojacking,XMRig (CPU),Raspberry Pi 4B 4GB,1,Attack,100.0,,,29.73,,,,,,,,,,,,,,,,,,,,,,,,,,,,,,,,,,,,,,,,,,,,,,,,,,,,,,,,,,,,,,,,,,,,,,,,,,,,,,,
Cryptojacking,XMRig (CPU),Raspberry Pi 4B 4GB,1,Idle,0.1,,,5.86,,,,,,,,,,,,,,,,,,,,,,,,,,,,,,,,,,,,,,,,,,,,,,,,,,,,,,,,,,,,,,,,,,,,,,,,,,,,,,,
Cryptojacking,XMRig (CPU),Raspberry Pi 4B 4GB,2,Attack,100.0,,,70.54,,,,,,,,,,,,,,,,,,,,,,,,,,,,,,,,,,,,,,,,,,,,,,,,,,,,,,,,,,,,,,,,,,,,,,,,,,,,,,,
Cryptojacking,XMRig (CPU),Raspberry Pi 4B 4GB,2,Idle,1.1,,,7.05,,,,,,,,,,,,,,,,,,,,,,,,,,,,,,,,,,,,,,,,,,,,,,,,,,,,,,,,,,,,,,,,,,,,,,,,,,,,,,,
Cryptojacking,XMRig (CPU),Raspberry Pi 4B 4GB,3,Attack,100.0,83.7,,83.75,,,,,,,,,,,,10.0,,,,,,,,,,,,,,,,,,,,,,,,,,,,,,,,,,,,,,,,,,,,,,,,,,,,,,,,,,,,,,,,,,,
Cryptojacking,XMRig (CPU),Raspberry Pi 4B 4GB,3,Idle,1.0,55.0,,11.08,,,,,,,,,,,,1.0,,,,,,,,,,,,,,,,,,,,,,,,,,,,,,,,,,,,,,,,,,,,,,,,,,,,,,,,,,,,,,,,,,,
Cryptojacking,XMRig (CPU),Raspberry Pi 5,1,Attack,100.0,63.63,,86.75,,,,,,,,,,,,,,,,,,,,,,,,,,,,,,,,,,,,,,,,,,,,,,,,,,,,,,,,,,,,,,,,,,,,,,,,,,,,,,,
Cryptojacking,XMRig (CPU),Raspberry Pi 5,1,Idle,1.2,48.18,,27.95,,,,,,,,,,,,,,,,,,,,,,,,,,,,,,,,,,,,,,,,,,,,,,,,,,,,,,,,,,,,,,,,,,,,,,,,,,,,,,,
Cryptojacking,lolMiner (GPU),HP Victus 16-d0417nf,1,Attack,10.33,80.57,,66.11,,,,74.93,69.98,65.72,63.24,20.38,15.54,0.02,62.81,92.13,86.22,,,,,,,,,,,,,,,,,,,,,,,,,,,,,,,,,,,,,,,,,,,,,,,,,,,,,,,,,,,,,,,,,,
Cryptojacking,lolMiner (GPU),HP Victus 16-d0417nf,1,Idle,8.54,54.8,,65.11,,,,50.38,49.46,46.18,46.5,13.22,9.08,0.06,5.01,21.67,2.4,,,,,,,,,,,,,,,,,,,,,,,,,,,,,,,,,,,,,,,,,,,,,,,,,,,,,,,,,,,,,,,,,,
Cryptojacking,lolMiner (GPU),HP Victus 16-d0417nf,1,Recovery,8.96,59.94,,63.11,,,,52.99,55.68,50.42,50.48,13.87,9.63,0.05,3.0,16.8,2.4,,,,,,,,,,,,,,,,,,,,,,,,,,,,,,,,,,,,,,,,,,,,,,,,,,,,,,,,,,,,,,,,,,
Cryptojacking,miniZ (GPU),HP Victus 16-d0417nf,1,Attack,15.81,75.92,,68.54,,,,64.91,72.02,59.47,60.74,24.78,20.06,0.08,42.92,0.36,51.52,,,,,,,,,,,,,,,,,,,,,,,,,,,,,,,,,,,,,,,,,,,,,,,,,,,,,,,,,,,,,,,,,,
Cryptojacking,miniZ (GPU),HP Victus 16-d0417nf,1,Idle,12.27,63.43,,65.46,,,,56.06,59.21,51.61,52.1,18.85,14.51,0.05,4.11,0.0,2.4,,,,,,,,,,,,,,,,,,,,,,,,,,,,,,,,,,,,,,,,,,,,,,,,,,,,,,,,,,,,,,,,,,
Cryptojacking,miniZ (GPU),HP Victus 16-d0417nf,1,Recovery,16.01,73.75,,68.36,,,,65.7,69.5,59.8,57.2,25.24,20.72,0.11,29.15,0.0,37.88,,,,,,,,,,,,,,,,,,,,,,,,,,,,,,,,,,,,,,,,,,,,,,,,,,,,,,,,,,,,,,,,,,
Denial of Service,GoldenEye (HTTP),Raspberry Pi 4B 4GB,1,Attack,25.16,45.22,3.86,19.97,,,0.77,,,,,,,,,,,,20.18,3.35,1.61,3.38,0.16,1216.23,2.06,0.0,0.0,0.0,0.03,0.0,0.0,-0.12,0.0,0.0,0.42,0.0,0.0,0.62,2.3,0.0,2.3,1884.5,0.0,1884.5,6.88,0.0,6.88,5.08,0.0,5.08,23.08,0.0,23.08,0.0,0.2,8.5,28.0,1.26,0.33,2.23,15.96,,,,,,,,,,,,,,,,,,,,,,
Denial of Service,GoldenEye (HTTP),Raspberry Pi 4B 4GB,1,Idle,0.36,42.94,2.93,6.19,,,0.59,,,,,,,,,,,,0.09,0.22,0.04,1.01,0.0,112.56,2.18,0.0,0.0,0.0,0.01,0.0,0.0,-0.01,0.0,0.0,0.1,0.0,0.0,0.08,0.24,0.0,0.24,16.22,0.0,16.22,7.95,0.0,7.95,2.79,0.0,2.79,1.57,0.0,1.57,0.0,0.2,8.5,28.0,1.37,0.35,2.38,1.97,,,,,,,,,,,,,,,,,,,,,,
Denial of Service,GoldenEye (HTTP),Raspberry Pi 4B 4GB,1,Recovery,0.31,45.63,3.28,4.49,,,0.66,,,,,,,,,,,,0.04,0.2,0.05,1.0,0.0,146.45,2.13,0.0,0.0,0.0,0.09,0.0,0.0,-0.09,0.0,0.0,1.32,0.0,0.0,0.82,0.25,0.0,0.26,14.43,0.0,14.43,8.0,0.0,8.0,3.89,0.0,3.89,1.31,0.0,1.31,0.0,0.2,8.5,28.0,0.39,0.12,0.85,1.17,,,,,,,,,,,,,,,,,,,,,,
Denial of Service,Goloris (HTTP),HOSAFE HX-2PT1,1,Attack,,,1.29,,,,0.11,,,,,,,,,,,,,,,,,,,,,,,,,,,,,,,,,,,,,,,,,,,,,,,,,,,,,,,,,,,,,,,,,,,,,,,,,,,,
Denial of Service,Goloris (HTTP),HOSAFE HX-2PT1,1,Idle,,,1.2,,,,0.1,,,,,,,,,,,,,,,,,,,,,,,,,,,,,,,,,,,,,,,,,,,,,,,,,,,,,,,,,,,,,,,,,,,,,,,,,,,,
Denial of Service,Goloris (HTTP),HOSAFE HX-2PT1,1,Recovery,,,1.06,,,,0.09,,,,,,,,,,,,,,,,,,,,,,,,,,,,,,,,,,,,,,,,,,,,,,,,,,,,,,,,,,,,,,,,,,,,,,,,,,,,
Denial of Service,Goloris (HTTP),Raspberry Pi 4B 4GB,1,Attack,1.34,,3.09,5.83,,,0.62,,,,,,,,,,,,0.34,0.98,0.04,1.41,0.1,3376.31,0.05,0.0,0.0,0.0,5.78,0.0,0.0,-9.42,0.0,0.0,112.61,0.0,0.0,120.52,,,,,,,,,,,,,,,,0.0,0.2,5.5,28.0,1.08,0.3,2.05,2.12,0.16,0.0,0.16,2.63,0.0,2.63,7.08,0.0,7.08,3.1,0.0,3.1,0.92,0.0,0.92,,,,,,,
Denial of Service,Goloris (HTTP),Raspberry Pi 4B 4GB,1,Idle,0.16,,2.43,5.43,,,0.49,,,,,,,,,,,,0.04,0.07,0.05,1.0,0.02,60.51,0.08,0.0,0.0,0.0,0.0,0.0,0.0,-0.0,0.0,0.0,0.02,0.0,0.0,0.02,,,,,,,,,,,,,,,,0.0,0.2,5.5,28.0,1.08,0.3,1.94,1.74,0.25,0.0,0.25,16.8,0.0,16.8,10.42,0.0,10.42,4.37,0.0,4.37,1.21,0.0,1.21,,,,,,,
Denial of Service,Goloris (HTTP),Raspberry Pi 4B 4GB,1,Recovery,0.09,,2.53,5.41,,,0.51,,,,,,,,,,,,0.01,0.04,0.03,1.0,0.0,67.85,0.06,0.0,0.0,0.0,0.01,0.0,0.0,-0.5,0.0,0.0,0.22,0.0,0.0,7.82,,,,,,,,,,,,,,,,0.0,0.2,5.5,28.0,1.09,0.31,2.05,1.84,0.14,0.0,0.14,0.0,0.0,0.0,6.24,0.0,6.24,2.07,0.0,2.07,0.81,0.0,0.81,,,,,,,
Denial of Service,HULK (HTTP),Raspberry Pi 4B 4GB,1,Attack,0.26,41.34,2.89,6.3,,,0.58,,,,,,,,,,,,0.04,0.17,0.03,1.01,0.01,105.11,2.04,0.0,0.0,0.0,0.01,0.0,0.0,-0.0,0.0,0.0,0.08,0.0,0.0,0.02,0.2,0.0,0.2,0.0,0.0,0.0,8.43,0.0,8.43,2.6,0.0,2.6,1.1,0.0,1.1,0.0,0.2,8.5,28.0,1.3,0.33,2.36,2.09,,,,,,,,,,,,,,,,,,,,,,
Denial of Service,HULK (HTTP),Raspberry Pi 4B 4GB,1,Idle,0.31,40.72,2.9,5.9,,,0.58,,,,,,,,,,,,0.06,0.19,0.06,1.0,0.0,108.27,2.0,0.0,0.0,0.0,0.0,0.0,0.0,-0.0,0.0,0.0,0.06,0.0,0.0,0.02,0.34,0.0,0.35,42.9,0.0,42.9,10.18,0.0,10.18,4.0,0.0,4.0,1.93,0.0,1.93,0.0,0.2,8.5,28.0,1.28,0.31,2.21,1.82,,,,,,,,,,,,,,,,,,,,,,
Denial of Service,HULK (HTTP),Raspberry Pi 4B 4GB,1,Recovery,0.27,41.68,2.91,6.19,,,0.58,,,,,,,,,,,,0.05,0.18,0.03,1.01,0.0,106.82,2.06,0.0,0.0,0.0,0.01,0.0,0.0,-0.01,0.0,0.0,0.1,0.0,0.0,0.04,0.18,0.0,0.18,0.12,0.0,0.12,8.77,0.0,8.77,2.36,0.0,2.36,1.12,0.0,1.12,0.0,0.2,8.5,28.0,1.31,0.34,2.37,1.98,,,,,,,,,,,,,,,,,,,,,,
Denial of Service,Hping3 (SYN),D-Link DIR-822,1,Attack,,,4.4,,,,,,,,,,,,,,,,,,,,,,,,,,,,,,,,,,,,,,,,,,,,,,,,,,,,,,,,,,,,,,,,,,,,,,,,,,,,,,,,
Denial of Service,Hping3 (SYN),D-Link DIR-822,1,Idle,,,2.9,,,,,,,,,,,,,,,,,,,,,,,,,,,,,,,,,,,,,,,,,,,,,,,,,,,,,,,,,,,,,,,,,,,,,,,,,,,,,,,,
Denial of Service,Hping3 (SYN),HOSAFE HX-2PT1,1,Attack,,,3.6,,,,,,,,,,,,,,,,,,,,,,,,,,,,,,,,,,,,,,,,,,,,,,,,,,,,,,,,,,,,,,,,,,,,,,,,,,,,,,,,
Denial of Service,Hping3 (SYN),HOSAFE HX-2PT1,1,Idle,,,3.51,,,,,,,,,,,,,,,,,,,,,,,,,,,,,,,,,,,,,,,,,,,,,,,,,,,,,,,,,,,,,,,,,,,,,,,,,,,,,,,,
Denial of Service,Hping3 (SYN),Huawei H151-381,1,Attack,,,2.02,,,,,,,,,,,,,,,,,,,,,,,,,,,,,,,,,,,,,,,,,,,,,,,,,,,,,,,,,,,,,,,,,,,,,,,,,,,,,,,,
Denial of Service,Hping3 (SYN),Huawei H151-381,1,Idle,,,1.64,,,,,,,,,,,,,,,,,,,,,,,,,,,,,,,,,,,,,,,,,,,,,,,,,,,,,,,,,,,,,,,,,,,,,,,,,,,,,,,,
Denial of Service,Hping3 (SYN),TP-Link Tapo C200,1,Attack,,,0.5,,,,,,,,,,,,,,,,,,,,,,,,,,,,,,,,,,,,,,,,,,,,,,,,,,,,,,,,,,,,,,,,,,,,,,,,,,,,,,,,
Denial of Service,Hping3 (SYN),TP-Link Tapo C200,1,Idle,,,0.48,,,,,,,,,,,,,,,,,,,,,,,,,,,,,,,,,,,,,,,,,,,,,,,,,,,,,,,,,,,,,,,,,,,,,,,,,,,,,,,,
Denial of Service,MHDDoS (ICMP),HOSAFE HX-2PT1,1,Attack,,,1.28,,,,0.11,,,,,,,,,,,,,,,,,,,,,,,,,,,,,,,,,,,,,,,,,,,,,,,,,,,,,,,,,,,,,,,,,,,,,,,,,,,,
Denial of Service,MHDDoS (ICMP),HOSAFE HX-2PT1,1,Idle,,,1.26,,,,0.11,,,,,,,,,,,,,,,,,,,,,,,,,,,,,,,,,,,,,,,,,,,,,,,,,,,,,,,,,,,,,,,,,,,,,,,,,,,,
Denial of Service,MHDDoS (ICMP),HOSAFE HX-2PT1,1,Recovery,,,1.08,,,,0.09,,,,,,,,,,,,,,,,,,,,,,,,,,,,,,,,,,,,,,,,,,,,,,,,,,,,,,,,,,,,,,,,,,,,,,,,,,,,
Denial of Service,MHDDoS (ICMP),Raspberry Pi 4B 4GB,1,Attack,43.71,,4.88,8.08,,,0.98,,,,,,,,,,,,13.85,29.84,0.02,2.74,0.0,39821.25,0.07,0.0,0.0,0.0,184.06,0.0,0.0,-12455.43,0.0,0.0,288.21,0.0,0.0,19617.57,,,,,,,,,,,,,,,,0.0,0.2,7.7,28.0,1.85,0.4,3.85,3.71,0.16,0.0,0.16,0.0,0.0,0.0,6.92,0.0,6.92,2.94,0.0,2.94,0.81,0.0,0.81,,,,,,,
Denial of Service,MHDDoS (ICMP),Raspberry Pi 4B 4GB,1,Idle,0.16,,2.32,7.41,,,0.46,,,,,,,,,,,,0.08,0.06,0.02,1.01,0.0,50.43,0.02,0.0,0.0,0.0,0.01,0.0,0.0,-0.0,0.0,0.0,0.06,0.0,0.0,0.01,,,,,,,,,,,,,,,,0.0,0.2,7.7,28.0,1.85,0.39,3.85,2.99,0.12,0.0,0.12,0.0,0.0,0.0,6.0,0.0,6.0,2.66,0.0,2.66,0.72,0.0,0.72,,,,,,,
Denial of Service,MHDDoS (ICMP),Raspberry Pi 4B 4GB,1,Recovery,0.08,,2.51,7.08,,,0.5,,,,,,,,,,,,0.02,0.04,0.02,1.01,0.0,54.13,0.06,0.0,0.0,0.0,0.58,0.0,0.0,-0.0,0.0,0.0,1.02,0.0,0.0,0.02,,,,,,,,,,,,,,,,0.0,0.2,7.7,28.0,1.86,0.4,3.85,2.98,0.12,0.0,0.12,0.0,0.0,0.0,5.48,0.0,5.48,2.29,0.0,2.29,0.7,0.0,0.7,,,,,,,
Denial of Service,MHDDoS (TCP),HOSAFE HX-2PT1,1,Attack,,,1.54,,,,0.13,,,,,,,,,,,,,,,,,,,,,,,,,,,,,,,,,,,,,,,,,,,,,,,,,,,,,,,,,,,,,,,,,,,,,,,,,,,,
Denial of Service,MHDDoS (TCP),HOSAFE HX-2PT1,1,Idle,,,1.18,,,,0.1,,,,,,,,,,,,,,,,,,,,,,,,,,,,,,,,,,,,,,,,,,,,,,,,,,,,,,,,,,,,,,,,,,,,,,,,,,,,
Denial of Service,MHDDoS (TCP),HOSAFE HX-2PT1,1,Recovery,,,1.19,,,,0.1,,,,,,,,,,,,,,,,,,,,,,,,,,,,,,,,,,,,,,,,,,,,,,,,,,,,,,,,,,,,,,,,,,,,,,,,,,,,
Denial of Service,MHDDoS (TCP),Raspberry Pi 4B 4GB,1,Attack,40.21,,4.64,28.4,,,0.93,,,,,,,,,,,,10.37,29.82,0.03,2.66,0.0,44315.51,0.09,0.0,0.0,0.0,50.1,0.0,0.0,-11242.06,0.0,0.0,981.71,0.0,0.0,7651.49,,,,,,,,,,,,,,,,0.0,0.2,7.7,28.0,4.44,1.11,21.75,19.72,0.17,0.0,0.17,0.0,0.0,0.0,6.88,0.0,6.88,2.86,0.0,2.8,0.9,0.0,0.9,,,,,,,
Denial of Service,MHDDoS (TCP),Raspberry Pi 4B 4GB,1,Idle,0.22,,2.46,27.54,,,0.49,,,,,,,,,,,,0.1,0.06,0.05,1.01,0.0,51.69,0.06,0.0,0.0,0.0,0.0,0.0,0.0,-0.0,0.0,0.0,0.04,0.0,0.0,0.02,,,,,,,,,,,,,,,,0.0,0.2,7.7,28.0,4.44,1.1,21.74,18.99,0.25,0.0,0.26,8.22,0.0,8.22,12.12,0.0,12.12,3.24,0.0,3.24,1.66,0.0,1.66,,,,,,,
Denial of Service,MHDDoS (TCP),Raspberry Pi 4B 4GB,1,Recovery,0.07,,2.46,27.34,,,0.49,,,,,,,,,,,,0.01,0.03,0.03,1.0,0.0,42.51,0.0,0.0,0.0,0.0,0.0,0.0,0.0,-0.0,0.0,0.0,0.02,0.0,0.0,0.0,,,,,,,,,,,,,,,,0.0,0.2,7.7,28.0,4.46,1.11,21.75,18.98,0.12,0.0,0.12,0.0,0.0,0.0,5.76,0.0,5.76,2.9,0.0,2.9,0.63,0.0,0.63,,,,,,,
Denial of Service,MHDDoS (UDP),HOSAFE HX-2PT1,1,Attack,,,1.45,,,,0.12,,,,,,,,,,,,,,,,,,,,,,,,,,,,,,,,,,,,,,,,,,,,,,,,,,,,,,,,,,,,,,,,,,,,,,,,,,,,
Denial of Service,MHDDoS (UDP),HOSAFE HX-2PT1,1,Idle,,,1.33,,,,0.11,,,,,,,,,,,,,,,,,,,,,,,,,,,,,,,,,,,,,,,,,,,,,,,,,,,,,,,,,,,,,,,,,,,,,,,,,,,,
Denial of Service,MHDDoS (UDP),HOSAFE HX-2PT1,1,Recovery,,,1.25,,,,0.1,,,,,,,,,,,,,,,,,,,,,,,,,,,,,,,,,,,,,,,,,,,,,,,,,,,,,,,,,,,,,,,,,,,,,,,,,,,,
Denial of Service,MHDDoS (UDP),Raspberry Pi 4B 4GB,1,Attack,43.1,,3.55,8.33,,,0.71,,,,,,,,,,,,12.96,30.12,0.02,2.83,0.0,50633.4,0.06,0.0,3.14,0.0,0.01,-3.14,0.0,-0.06,5.61,0.0,0.07,5.61,0.0,1.5,,,,,,,,,,,,,,,,0.0,0.2,7.7,28.0,1.81,0.37,3.84,3.78,0.24,0.0,0.24,0.02,0.0,0.02,9.79,0.0,9.79,3.48,0.0,3.48,1.21,0.0,1.21,,,,,,,
Denial of Service,MHDDoS (UDP),Raspberry Pi 4B 4GB,1,Idle,0.17,,2.43,7.53,,,0.49,,,,,,,,,,,,0.09,0.05,0.03,1.0,0.0,51.37,0.02,0.0,0.0,0.0,0.01,-0.0,0.0,-0.0,0.02,0.0,0.09,0.02,0.0,0.09,,,,,,,,,,,,,,,,0.0,0.2,7.7,28.0,1.8,0.36,3.84,2.98,0.12,0.0,0.12,0.0,0.0,0.0,6.42,0.0,6.42,3.25,0.0,3.25,0.72,0.0,0.72,,,,,,,
Denial of Service,MHDDoS (UDP),Raspberry Pi 4B 4GB,1,Recovery,0.08,,2.37,7.5,,,0.47,,,,,,,,,,,,0.02,0.03,0.02,1.0,0.0,48.54,0.04,0.0,0.16,0.0,0.01,-0.16,0.0,-0.01,0.29,0.0,0.13,0.29,0.0,0.08,,,,,,,,,,,,,,,,0.0,0.2,7.7,28.0,1.83,0.37,3.84,2.97,0.11,0.0,0.12,0.0,0.0,0.0,4.75,0.0,4.75,2.14,0.0,2.14,0.63,0.0,0.63,,,,,,,
Denial of Service,PyFlooder (HTTP),Raspberry Pi 4B 8GB,1,Attack,33.45,49.37,,2.73,,,,,,,,,,,,,,,,,,,,,,,,,,,,,,,,,,,,,,,,,,,,,,,,,,,,,,,,,,,,,,,,,,,,,,,,,,,,,,,
Denial of Service,PyFlooder (HTTP),Raspberry Pi 4B 8GB,1,Idle,24.62,44.17,,2.64,,,,,,,,,,,,,,,,,,,,,,,,,,,,,,,,,,,,,,,,,,,,,,,,,,,,,,,,,,,,,,,,,,,,,,,,,,,,,,,
Denial of Service,PyFlooder (HTTP),Raspberry Pi 4B 8GB,1,Recovery,24.63,48.28,,2.81,,,,,,,,,,,,,,,,,,,,,,,,,,,,,,,,,,,,,,,,,,,,,,,,,,,,,,,,,,,,,,,,,,,,,,,,,,,,,,,
Denial of Service,Slowloris (HTTP),Raspberry Pi 4B 2GB,1,Attack,5.63,56.37,3.12,19.5,2.38,,0.62,,,,,,,,,,,,,,,,,,,,,,,,,,,,,,,,,,,,,,,,,,,,,,,,,,,,,,,,,,,,,,,,,,,,,,5.33,,,,,,
Denial of Service,Slowloris (HTTP),Raspberry Pi 4B 2GB,1,Idle,1.3,55.79,2.87,19.29,2.39,,0.57,,,,,,,,,,,,,,,,,,,,,,,,,,,,,,,,,,,,,,,,,,,,,,,,,,,,,,,,,,,,,,,,,,,,,,0.38,,,,,,
Denial of Service,Slowloris (HTTP),Raspberry Pi 4B 2GB,1,Recovery,0.32,55.65,2.85,19.3,2.39,,0.57,,,,,,,,,,,,,,,,,,,,,,,,,,,,,,,,,,,,,,,,,,,,,,,,,,,,,,,,,,,,,,,,,,,,,,0.73,,,,,,
Denial of Service,Slowloris (HTTP),Raspberry Pi 4B 2GB,2,Attack,0.56,55.06,2.92,22.02,2.39,,0.58,,,,,,,,,,,,,,,,,,,,,,,,,,,,,,,,,,,,,,,,,,,,,,,,,,,,,,,,,,,,,,,,,,,,,,8.76,,,,,,
Denial of Service,Slowloris (HTTP),Raspberry Pi 4B 2GB,2,Idle,1.64,55.37,2.88,22.11,2.39,,0.58,,,,,,,,,,,,,,,,,,,,,,,,,,,,,,,,,,,,,,,,,,,,,,,,,,,,,,,,,,,,,,,,,,,,,,0.57,,,,,,
Denial of Service,Slowloris (HTTP),Raspberry Pi 4B 2GB,2,Recovery,0.33,55.01,2.79,21.52,2.4,,0.56,,,,,,,,,,,,,,,,,,,,,,,,,,,,,,,,,,,,,,,,,,,,,,,,,,,,,,,,,,,,,,,,,,,,,,2.14,,,,,,
Denial of Service,Slowloris (HTTP),Raspberry Pi 4B 2GB,3,Attack,0.53,54.84,2.99,21.82,2.39,,0.6,,,,,,,,,,,,,,,,,,,,,,,,,,,,,,,,,,,,,,,,,,,,,,,,,,,,,,,,,,,,,,,,,,,,,,13.46,,,,,,
Denial of Service,Slowloris (HTTP),Raspberry Pi 4B 2GB,3,Idle,0.14,54.82,2.78,21.51,2.4,,0.55,,,,,,,,,,,,,,,,,,,,,,,,,,,,,,,,,,,,,,,,,,,,,,,,,,,,,,,,,,,,,,,,,,,,,,0.36,,,,,,
Denial of Service,Slowloris (HTTP),Raspberry Pi 4B 2GB,3,Recovery,0.34,54.97,2.83,21.6,2.4,,0.56,,,,,,,,,,,,,,,,,,,,,,,,,,,,,,,,,,,,,,,,,,,,,,,,,,,,,,,,,,,,,,,,,,,,,,8.16,,,,,,
Ransomware,Bstry,Raspberry Pi 4B 2GB,1,Attack,19.13,55.64,3.4,20.33,2.38,,0.68,,,,,,,,,,,,,,,,,,,,,,,,,,,,,,,,,,,,,,,,,,,,,,,,,,,,,,,,,,,,,,,,,,,,,,0.0,0.0,0.32,260.56,50.09,0.66,151188.0
Ransomware,Bstry,Raspberry Pi 4B 2GB,1,Idle,0.38,54.72,2.75,20.25,2.4,,0.55,,,,,,,,,,,,,,,,,,,,,,,,,,,,,,,,,,,,,,,,,,,,,,,,,,,,,,,,,,,,,,,,,,,,,,0.0,0.0,0.02,0.0,0.0,0.0,0.0
Ransomware,Bstry,Raspberry Pi 4B 2GB,1,Recovery,0.45,55.1,2.73,20.3,2.4,,0.55,,,,,,,,,,,,,,,,,,,,,,,,,,,,,,,,,,,,,,,,,,,,,,,,,,,,,,,,,,,,,,,,,,,,,,0.0,0.0,0.02,500.0,95.2,1.3,0.0
Ransomware,Jigsaw,Raspberry Pi 4B 4GB,1,Attack,92.0,70.1,4.2,66.0,,,,,,,,,,,,,,,,,,,,,,,,,,,,,,,,,,,,,,,,,,,,,,,,,,,,,,,,,,,,,,,,,,,,,,,,,,,,,,,
Ransomware,Jigsaw,Raspberry Pi 4B 4GB,1,Idle,11.0,48.4,2.0,10.0,,,,,,,,,,,,,,,,,,,,,,,,,,,,,,,,,,,,,,,,,,,,,,,,,,,,,,,,,,,,,,,,,,,,,,,,,,,,,,,
Ransomware,Jigsaw,Raspberry Pi 4B 4GB,1,Recovery,18.0,52.8,2.2,14.0,,,,,,,,,,,,,,,,,,,,,,,,,,,,,,,,,,,,,,,,,,,,,,,,,,,,,,,,,,,,,,,,,,,,,,,,,,,,,,,
Ransomware,Jigsaw,Windows 10 VM,1,Attack,93.0,70.5,4.4,68.0,,,,,,,,,,,,,,,,,,,,,,,,,,,,,,,,,,,,,,,,,,,,,,,,,,,,,,,,,,,,,,,,,,,,,,,,,,,,,,,
Ransomware,Jigsaw,Windows 10 VM,1,Idle,12.0,49.8,2.2,11.0,,,,,,,,,,,,,,,,,,,,,,,,,,,,,,,,,,,,,,,,,,,,,,,,,,,,,,,,,,,,,,,,,,,,,,,,,,,,,,,
Ransomware,Jigsaw,Windows 10 VM,1,Recovery,20.0,53.3,2.3,15.0,,,,,,,,,,,,,,,,,,,,,,,,,,,,,,,,,,,,,,,,,,,,,,,,,,,,,,,,,,,,,,,,,,,,,,,,,,,,,,,
Ransomware,Petya,Raspberry Pi 4B 4GB,1,Attack,94.0,70.2,4.4,67.0,,,,,,,,,,,,,,,,,,,,,,,,,,,,,,,,,,,,,,,,,,,,,,,,,,,,,,,,,,,,,,,,,,,,,,,,,,,,,,,
Ransomware,Petya,Raspberry Pi 4B 4GB,1,Idle,11.0,48.1,2.0,10.0,,,,,,,,,,,,,,,,,,,,,,,,,,,,,,,,,,,,,,,,,,,,,,,,,,,,,,,,,,,,,,,,,,,,,,,,,,,,,,,
Ransomware,Petya,Raspberry Pi 4B 4GB,1,Recovery,19.0,52.9,2.3,14.0,,,,,,,,,,,,,,,,,,,,,,,,,,,,,,,,,,,,,,,,,,,,,,,,,,,,,,,,,,,,,,,,,,,,,,,,,,,,,,,
Ransomware,Petya,Windows 10 VM,1,Attack,97.0,71.8,4.6,69.0,,,,,,,,,,,,,,,,,,,,,,,,,,,,,,,,,,,,,,,,,,,,,,,,,,,,,,,,,,,,,,,,,,,,,,,,,,,,,,,
Ransomware,Petya,Windows 10 VM,1,Idle,12.0,48.9,2.1,11.0,,,,,,,,,,,,,,,,,,,,,,,,,,,,,,,,,,,,,,,,,,,,,,,,,,,,,,,,,,,,,,,,,,,,,,,,,,,,,,,
Ransomware,Petya,Windows 10 VM,1,Recovery,19.0,54.1,2.4,15.0,,,,,,,,,,,,,,,,,,,,,,,,,,,,,,,,,,,,,,,,,,,,,,,,,,,,,,,,,,,,,,,,,,,,,,,,,,,,,,,
Ransomware,Randomware,Raspberry Pi 4B 2GB,1,Attack,1.22,58.15,3.45,20.2,2.37,,0.69,,,,,,,,,,,,,,,,,,,,,,,,,,,,,,,,,,,,,,,,,,,,,,,,,,,,,,,,,,,,,,,,,,,,,,0.0,0.0,0.37,561.4,67.83,1.36,204863.4
Ransomware,Randomware,Raspberry Pi 4B 2GB,1,Idle,0.35,57.62,3.18,20.21,2.38,,0.64,,,,,,,,,,,,,,,,,,,,,,,,,,,,,,,,,,,,,,,,,,,,,,,,,,,,,,,,,,,,,,,,,,,,,,0.0,0.0,0.02,0.0,0.0,0.0,0.0
Ransomware,Randomware,Raspberry Pi 4B 2GB,1,Recovery,0.72,58.49,3.29,20.2,2.38,,0.66,,,,,,,,,,,,,,,,,,,,,,,,,,,,,,,,,,,,,,,,,,,,,,,,,,,,,,,,,,,,,,,,,,,,,,0.0,0.0,0.02,802.0,96.9,1.95,0.0
Ransomware,Ransomware-PoC,Raspberry Pi 4B 2GB,1,Attack,23.38,65.42,3.86,21.48,2.36,,0.77,,,,,,,,,,,,,,,,,,,,,,,,,,,,,,,,,,,,,,,,,,,,,,,,,,,,,,,,,,,,,,,,,,,,,,0.0,0.0,1.25,370.36,16.2,,1797196.41
Ransomware,Ransomware-PoC,Raspberry Pi 4B 2GB,1,Idle,0.32,59.51,3.26,21.33,2.38,,0.65,,,,,,,,,,,,,,,,,,,,,,,,,,,,,,,,,,,,,,,,,,,,,,,,,,,,,,,,,,,,,,,,,,,,,,0.0,0.0,0.0,0.0,0.0,,0.0
Ransomware,Ransomware-PoC,Raspberry Pi 4B 2GB,1,Recovery,0.15,63.61,3.28,21.3,2.38,,0.66,,,,,,,,,,,,,,,,,,,,,,,,,,,,,,,,,,,,,,,,,,,,,,,,,,,,,,,,,,,,,,,,,,,,,,0.0,0.0,1.08,1417.0,39.27,,0.0
Ransomware,Ransomware-PoC,Raspberry Pi 4B 2GB,2,Attack,25.13,66.28,5.81,22.36,2.28,,1.16,,,,,,,,,,,,,,,,,,,,,,,,,,,,,,,,,,,,,,,,,,,,,,,,,,,,,,,,,,,,,,,,,,,,,,0.0,0.0,1.85,419.86,17.48,87.97,1880687.42
Ransomware,Ransomware-PoC,Raspberry Pi 4B 2GB,2,Idle,0.26,59.63,4.49,21.66,2.33,,0.9,,,,,,,,,,,,,,,,,,,,,,,,,,,,,,,,,,,,,,,,,,,,,,,,,,,,,,,,,,,,,,,,,,,,,,0.0,0.0,0.01,0.0,0.0,0.0,0.0
Ransomware,Ransomware-PoC,Raspberry Pi 4B 2GB,2,Recovery,0.09,63.78,4.58,21.93,2.33,,0.92,,,,,,,,,,,,,,,,,,,,,,,,,,,,,,,,,,,,,,,,,,,,,,,,,,,,,,,,,,,,,,,,,,,,,,0.0,0.0,0.03,1432.0,38.49,193.7,0.0
Ransomware,Rex,Raspberry Pi 4B 4GB,1,Attack,94.0,72.5,4.6,70.0,,,,,,,,,,,,,,,,,,,,,,,,,,,,,,,,,,,,,,,,,,,,,,,,,,,,,,,,,,,,,,,,,,,,,,,,,,,,,,,
Ransomware,Rex,Raspberry Pi 4B 4GB,1,Idle,12.0,49.6,2.1,11.0,,,,,,,,,,,,,,,,,,,,,,,,,,,,,,,,,,,,,,,,,,,,,,,,,,,,,,,,,,,,,,,,,,,,,,,,,,,,,,,
Ransomware,Rex,Raspberry Pi 4B 4GB,1,Recovery,21.0,53.9,2.4,15.0,,,,,,,,,,,,,,,,,,,,,,,,,,,,,,,,,,,,,,,,,,,,,,,,,,,,,,,,,,,,,,,,,,,,,,,,,,,,,,,
Ransomware,Rex,Windows 10 VM,1,Attack,99.0,73.9,4.9,72.0,,,,,,,,,,,,,,,,,,,,,,,,,,,,,,,,,,,,,,,,,,,,,,,,,,,,,,,,,,,,,,,,,,,,,,,,,,,,,,,
Ransomware,Rex,Windows 10 VM,1,Idle,14.0,50.7,2.3,13.0,,,,,,,,,,,,,,,,,,,,,,,,,,,,,,,,,,,,,,,,,,,,,,,,,,,,,,,,,,,,,,,,,,,,,,,,,,,,,,,
Ransomware,Rex,Windows 10 VM,1,Recovery,22.0,55.2,2.6,16.0,,,,,,,,,,,,,,,,,,,,,,,,,,,,,,,,,,,,,,,,,,,,,,,,,,,,,,,,,,,,,,,,,,,,,,,,,,,,,,,
Ransomware,Thanos,Raspberry Pi 4B 4GB,1,Attack,96.0,73.3,4.8,71.0,,,,,,,,,,,,,,,,,,,,,,,,,,,,,,,,,,,,,,,,,,,,,,,,,,,,,,,,,,,,,,,,,,,,,,,,,,,,,,,
Ransomware,Thanos,Raspberry Pi 4B 4GB,1,Idle,12.0,49.2,2.2,12.0,,,,,,,,,,,,,,,,,,,,,,,,,,,,,,,,,,,,,,,,,,,,,,,,,,,,,,,,,,,,,,,,,,,,,,,,,,,,,,,
Ransomware,Thanos,Raspberry Pi 4B 4GB,1,Recovery,22.0,54.0,2.5,16.0,,,,,,,,,,,,,,,,,,,,,,,,,,,,,,,,,,,,,,,,,,,,,,,,,,,,,,,,,,,,,,,,,,,,,,,,,,,,,,,
Ransomware,Thanos,Windows 10 VM,1,Attack,96.0,75.4,5.1,74.0,,,,,,,,,,,,,,,,,,,,,,,,,,,,,,,,,,,,,,,,,,,,,,,,,,,,,,,,,,,,,,,,,,,,,,,,,,,,,,,
Ransomware,Thanos,Windows 10 VM,1,Idle,15.0,50.1,2.3,13.0,,,,,,,,,,,,,,,,,,,,,,,,,,,,,,,,,,,,,,,,,,,,,,,,,,,,,,,,,,,,,,,,,,,,,,,,,,,,,,,
Ransomware,Thanos,Windows 10 VM,1,Recovery,23.0,54.9,2.6,17.0,,,,,,,,,,,,,,,,,,,,,,,,,,,,,,,,,,,,,,,,,,,,,,,,,,,,,,,,,,,,,,,,,,,,,,,,,,,,,,,
Ransomware,WannaCry,Raspberry Pi 4B 4GB,1,Attack,95.0,71.4,4.5,69.0,,,,,,,,,,,,,,,,,,,,,,,,,,,,,,,,,,,,,,,,,,,,,,,,,,,,,,,,,,,,,,,,,,,,,,,,,,,,,,,
Ransomware,WannaCry,Raspberry Pi 4B 4GB,1,Idle,13.0,48.7,2.1,11.0,,,,,,,,,,,,,,,,,,,,,,,,,,,,,,,,,,,,,,,,,,,,,,,,,,,,,,,,,,,,,,,,,,,,,,,,,,,,,,,
Ransomware,WannaCry,Raspberry Pi 4B 4GB,1,Recovery,20.0,53.5,2.4,15.0,,,,,,,,,,,,,,,,,,,,,,,,,,,,,,,,,,,,,,,,,,,,,,,,,,,,,,,,,,,,,,,,,,,,,,,,,,,,,,,
Ransomware,WannaCry,Windows 10 VM,1,Attack,98.0,72.6,4.8,71.0,,,,,,,,,,,,,,,,,,,,,,,,,,,,,,,,,,,,,,,,,,,,,,,,,,,,,,,,,,,,,,,,,,,,,,,,,,,,,,,
Ransomware,WannaCry,Windows 10 VM,1,Idle,13.0,49.3,2.2,12.0,,,,,,,,,,,,,,,,,,,,,,,,,,,,,,,,,,,,,,,,,,,,,,,,,,,,,,,,,,,,,,,,,,,,,,,,,,,,,,,
Ransomware,WannaCry,Windows 10 VM,1,Recovery,21.0,53.8,2.5,16.0,,,,,,,,,,,,,,,,,,,,,,,,,,,,,,,,,,,,,,,,,,,,,,,,,,,,,,,,,,,,,,,,,,,,,,,,,,,,,,,
