Timestamp,CPU Temperature Core #1 (°C),CPU Temperature Core #2 (°C),CPU Temperature Core #3 (°C),CPU Temperature Core #4 (°C),CPU Temperature (°C),CPU Power (W),CPU Power Cores (W),CPU Graphics Power (W),CPU Usage (%),Memory Usage (%),GPU Temperature (°C),GPU Usage (%),GPU Memory Usage (%)
20:20:43.000,50.0,55.0,51.0,48.0,55.0,19.8,15.4,0.0,12.0,71.2,0.0,0.0,2.4
20:20:45.000,42.0,42.0,40.0,43.0,47.0,17.2,13.1,0.0,9.5,71.3,0.0,0.0,2.4
20:20:47.000,42.0,44.0,42.0,46.0,47.0,18.1,13.9,0.0,13.0,71.4,0.0,0.0,2.4
20:20:49.000,41.0,44.0,42.0,43.0,47.0,17.5,13.4,0.0,13.9,71.5,0.0,0.0,2.4
20:20:51.000,42.0,44.0,42.0,43.0,49.0,19.9,15.7,0.0,11.9,71.5,0.0,0.0,2.4
20:20:53.000,40.0,42.0,41.0,42.0,47.0,14.4,10.4,0.0,11.1,71.4,0.0,0.0,2.4
20:20:55.000,40.0,42.0,42.0,43.0,49.0,15.4,11.5,0.0,9.0,71.4,0.0,0.0,2.4
20:20:57.000,45.0,61.0,43.0,48.0,62.0,17.1,13.0,0.0,10.8,71.4,0.0,0.0,2.4
20:20:59.000,43.0,42.0,44.0,47.0,47.0,14.9,11.0,0.0,11.6,71.4,0.0,0.0,2.4
20:21:01.000,43.0,66.0,44.0,49.0,66.0,19.3,15.1,0.0,10.2,71.8,0.0,0.0,2.4
20:21:03.000,40.0,42.0,40.0,41.0,47.0,8.5,4.4,0.0,4.6,72.0,0.0,0.0,2.4
20:21:05.000,49.0,43.0,43.0,43.0,49.0,14.9,10.9,0.0,10.6,72.0,0.0,0.0,2.4
20:21:07.000,61.0,47.0,53.0,47.0,60.0,19.7,15.6,0.0,10.7,72.2,0.0,0.0,2.4
20:21:09.000,40.0,43.0,42.0,43.0,49.0,15.1,11.0,0.0,8.7,72.0,0.0,0.0,2.4
20:21:11.000,46.0,43.0,43.0,42.0,51.0,14.7,10.7,0.0,10.4,72.0,0.0,0.0,2.4
20:21:13.000,49.0,42.0,43.0,43.0,49.0,15.1,11.2,0.0,10.4,72.0,0.0,0.0,2.4
20:21:15.000,42.0,56.0,44.0,46.0,56.0,14.5,10.3,0.0,9.4,71.9,0.0,0.0,2.4
20:21:17.000,46.0,42.0,42.0,43.0,48.0,15.8,11.7,0.0,10.0,71.9,0.0,0.0,2.4
20:21:19.000,43.0,42.0,42.0,43.0,49.0,14.0,10.2,0.0,11.0,71.9,0.0,0.0,2.4
20:21:21.000,42.0,42.0,42.0,43.0,48.0,14.7,10.7,0.0,7.9,71.9,0.0,0.0,2.4
20:21:23.000,41.0,42.0,41.0,43.0,47.0,15.0,11.0,0.0,10.6,71.9,0.0,0.0,2.4
20:21:25.000,40.0,44.0,41.0,43.0,60.0,15.3,11.3,0.0,11.0,71.9,0.0,0.0,2.4
20:21:27.000,46.0,42.0,42.0,43.0,48.0,14.1,10.1,0.0,11.1,71.8,0.0,0.0,2.4
20:21:29.000,46.0,42.0,52.0,52.0,50.0,14.4,10.4,0.0,10.1,71.9,0.0,0.0,2.4
20:21:31.000,41.0,43.0,41.0,42.0,48.0,13.9,9.8,0.0,9.5,71.9,0.0,0.0,2.4
20:21:33.000,40.0,43.0,41.0,43.0,49.0,15.2,11.2,0.0,11.2,72.0,0.0,0.0,2.4
20:21:35.000,47.0,44.0,67.0,57.0,57.0,17.9,13.9,0.0,11.7,72.3,0.0,0.0,2.4
20:21:37.000,45.0,43.0,51.0,43.0,51.0,15.7,11.7,0.0,8.6,72.2,0.0,0.0,2.4
20:21:39.000,49.0,44.0,44.0,45.0,49.0,14.2,10.3,0.0,10.4,72.2,0.0,0.0,2.4
20:21:41.000,42.0,43.0,42.0,42.0,49.0,14.4,10.6,0.0,8.8,72.2,0.0,0.0,2.4
20:21:43.000,42.0,43.0,42.0,43.0,48.0,15.1,11.2,0.0,9.4,72.3,0.0,0.0,2.4
20:21:45.000,53.0,44.0,46.0,43.0,53.0,14.8,10.9,0.0,8.6,72.3,0.0,0.0,2.4
20:21:47.000,45.0,42.0,52.0,42.0,52.0,15.2,11.1,0.0,8.9,72.3,0.0,0.0,2.4
20:21:49.000,43.0,55.0,43.0,47.0,55.0,13.3,9.5,0.0,10.9,72.3,0.0,0.0,2.4
20:21:51.000,43.0,43.0,42.0,43.0,49.0,14.9,11.0,0.0,9.0,71.8,0.0,0.0,2.4
20:21:53.000,42.0,44.0,42.0,43.0,49.0,13.5,9.4,0.0,9.0,71.9,0.0,0.0,2.4
20:21:55.000,42.0,43.0,42.0,43.0,59.0,12.3,8.1,0.0,12.1,71.9,0.0,0.0,2.4
20:21:57.000,43.0,43.0,43.0,43.0,49.0,13.8,9.8,0.0,10.3,71.8,0.0,0.0,2.4
20:21:59.000,42.0,43.0,42.0,43.0,49.0,15.0,11.0,0.0,12.4,71.9,0.0,0.0,2.4
20:22:01.000,42.0,43.0,42.0,43.0,49.0,14.8,10.8,0.0,8.1,71.9,0.0,0.0,2.4
20:22:03.000,42.0,43.0,44.0,43.0,49.0,20.6,16.3,0.0,17.2,72.1,0.0,0.0,2.4
20:22:05.000,43.0,43.0,43.0,43.0,49.0,14.1,9.9,0.0,9.5,72.2,0.0,0.0,2.4
20:22:07.000,41.0,43.0,42.0,42.0,50.0,7.2,3.5,0.1,4.8,72.2,0.0,0.0,2.4
20:22:09.000,42.0,42.0,43.0,44.0,50.0,13.7,9.6,0.0,8.6,72.2,0.0,0.0,2.4
20:22:11.000,45.0,44.0,44.0,57.0,57.0,14.5,10.5,0.0,9.2,72.3,0.0,0.0,2.4
20:22:13.000,42.0,43.0,42.0,43.0,49.0,14.1,10.1,0.0,8.6,72.3,0.0,0.0,2.4
20:22:15.000,42.0,46.0,43.0,44.0,49.0,13.8,9.8,0.0,9.5,72.3,0.0,0.0,2.4
20:22:17.000,42.0,43.0,43.0,43.0,49.0,14.4,10.4,0.0,11.3,72.3,0.0,0.0,2.4
20:22:19.000,41.0,44.0,43.0,44.0,50.0,13.9,9.7,0.0,9.6,72.3,0.0,0.0,2.4
20:22:21.000,42.0,43.0,43.0,43.0,50.0,15.9,11.9,0.0,9.8,72.0,0.0,0.0,2.4
20:22:23.000,42.0,45.0,43.0,44.0,49.0,15.9,11.9,0.0,10.8,72.0,0.0,0.0,2.4
20:22:25.000,45.0,44.0,47.0,44.0,49.0,14.1,10.3,0.0,9.1,72.1,49.0,0.0,2.4
20:22:27.000,53.0,45.0,51.0,43.0,51.0,13.6,9.5,0.0,8.8,72.1,0.0,0.0,2.4
20:22:29.000,44.0,45.0,43.0,54.0,77.0,21.0,16.8,0.0,14.0,72.3,0.0,0.0,2.4
20:22:31.000,44.0,44.0,43.0,43.0,49.0,15.5,11.3,0.0,10.1,72.2,49.0,0.0,2.4
20:22:33.000,54.0,44.0,46.0,43.0,54.0,13.5,9.5,0.0,12.1,73.0,0.0,0.0,2.4
20:22:35.000,48.0,44.0,51.0,44.0,51.0,15.2,11.3,0.0,12.3,73.0,0.0,0.0,2.4
20:22:37.000,43.0,45.0,43.0,43.0,50.0,14.4,10.3,0.0,10.8,72.9,0.0,0.0,2.4
20:22:39.000,43.0,44.0,43.0,44.0,50.0,13.9,9.7,0.0,14.6,72.9,0.0,0.0,2.4
20:22:41.000,43.0,44.0,43.0,44.0,50.0,14.3,10.4,0.0,10.0,72.9,0.0,0.0,2.4
20:22:43.000,42.0,44.0,43.0,43.0,49.0,14.2,10.1,0.0,8.5,72.9,0.0,0.0,2.4
20:22:45.000,45.0,44.0,53.0,43.0,53.0,14.9,10.9,0.0,10.1,72.9,0.0,0.0,2.4
20:22:47.000,43.0,44.0,43.0,43.0,50.0,15.1,11.1,0.0,9.6,72.8,0.0,0.0,2.4
20:22:49.000,53.0,44.0,46.0,44.0,53.0,16.0,11.9,0.0,11.7,72.8,0.0,0.0,2.4
20:22:51.000,45.0,45.0,43.0,42.0,51.0,14.9,10.7,0.0,18.1,72.8,0.0,0.0,2.4
20:22:53.000,43.0,46.0,44.0,43.0,49.0,14.9,10.8,0.0,10.3,73.0,0.0,0.0,2.4
20:22:55.000,45.0,44.0,50.0,43.0,50.0,16.2,12.2,0.0,11.2,72.9,0.0,0.0,2.4
20:22:57.000,46.0,56.0,45.0,47.0,56.0,14.8,10.9,0.0,9.6,73.0,0.0,0.0,2.4
20:22:59.000,53.0,46.0,44.0,43.0,53.0,14.9,11.0,0.0,9.1,73.0,0.0,0.0,2.4
20:23:01.000,53.0,44.0,44.0,43.0,52.0,14.9,11.0,0.0,14.0,73.1,0.0,0.0,2.4
20:23:03.000,46.0,57.0,43.0,47.0,56.0,15.2,11.3,0.0,10.1,73.1,0.0,0.0,2.4
20:23:05.000,43.0,44.0,54.0,46.0,54.0,14.4,10.4,0.0,9.2,73.2,0.0,0.0,2.4
20:23:07.000,43.0,43.0,43.0,43.0,50.0,16.5,12.6,0.0,9.6,73.1,0.0,0.0,2.4
20:23:10.000,44.0,46.0,43.0,44.0,50.0,15.6,11.3,0.0,10.2,73.1,0.0,0.0,2.4
20:23:12.000,43.0,44.0,43.0,44.0,50.0,13.9,9.9,0.0,10.9,73.1,0.0,0.0,2.4
20:23:14.000,44.0,44.0,45.0,43.0,49.0,14.9,10.8,0.0,9.3,73.1,0.0,0.0,2.4
20:23:16.000,45.0,43.0,45.0,45.0,50.0,15.0,11.1,0.0,9.8,73.1,0.0,0.0,2.4
20:23:18.000,45.0,44.0,45.0,44.0,50.0,15.8,11.5,0.0,13.9,73.2,0.0,0.0,2.4
20:23:20.000,43.0,44.0,42.0,43.0,49.0,15.0,10.7,0.0,9.4,73.4,0.0,0.0,2.4
20:23:22.000,44.0,57.0,51.0,44.0,51.0,14.5,10.5,0.0,11.8,73.4,0.0,0.0,2.4
20:23:24.000,45.0,44.0,48.0,45.0,51.0,8.5,4.7,0.1,6.0,73.4,0.0,0.0,2.4
20:23:26.000,43.0,45.0,43.0,43.0,50.0,15.4,11.6,0.0,10.3,73.4,0.0,0.0,2.4
20:23:28.000,43.0,43.0,43.0,43.0,51.0,13.9,9.9,0.0,9.9,73.4,0.0,0.0,2.4
20:23:30.000,44.0,47.0,43.0,44.0,50.0,14.9,11.0,0.0,9.5,74.3,0.0,0.0,2.4
20:23:32.000,44.0,49.0,50.0,46.0,50.0,15.4,11.2,0.0,8.5,74.3,0.0,0.0,2.4
20:23:34.000,43.0,46.0,43.0,44.0,50.0,14.3,10.4,0.0,10.5,74.3,0.0,0.0,2.4
20:23:36.000,45.0,44.0,43.0,46.0,50.0,14.7,10.7,0.0,8.6,74.3,49.0,0.0,2.4
20:23:38.000,48.0,49.0,45.0,49.0,61.0,17.9,13.8,0.0,11.4,74.0,50.0,0.0,2.4
20:23:40.000,44.0,45.0,44.0,46.0,50.0,15.8,11.8,0.0,9.7,74.0,49.0,0.0,2.4
20:23:42.000,43.0,43.0,43.0,43.0,50.0,8.3,4.4,0.1,5.8,74.0,0.0,0.0,2.4
20:23:44.000,45.0,44.0,43.0,44.0,51.0,15.2,11.1,0.0,11.6,74.2,0.0,0.0,2.4
20:23:46.000,53.0,46.0,46.0,47.0,52.0,14.2,10.2,0.0,13.4,74.2,0.0,0.0,2.4
20:23:48.000,43.0,46.0,54.0,46.0,54.0,14.0,9.9,0.0,11.0,74.3,0.0,0.0,2.4
20:23:50.000,43.0,46.0,44.0,45.0,51.0,15.9,11.7,0.0,10.9,74.2,0.0,0.0,2.4
20:23:52.000,48.0,45.0,44.0,46.0,51.0,14.6,10.5,0.0,20.4,73.8,0.0,0.0,2.4
20:23:54.000,44.0,45.0,43.0,47.0,50.0,16.5,12.4,0.0,11.8,73.8,0.0,0.0,2.4
20:23:56.000,43.0,45.0,44.0,46.0,50.0,14.4,10.4,0.0,8.7,73.8,0.0,0.0,2.4
20:23:58.000,46.0,56.0,45.0,48.0,56.0,15.4,11.4,0.0,10.5,73.8,0.0,0.0,2.4
20:24:00.000,45.0,46.0,44.0,45.0,50.0,16.7,12.3,0.0,12.4,73.7,0.0,0.0,2.4
20:24:02.000,49.0,49.0,44.0,44.0,53.0,14.7,10.7,0.0,9.0,73.8,0.0,0.0,2.4
20:24:04.000,53.0,47.0,47.0,46.0,54.0,15.6,11.5,0.0,8.9,73.8,0.0,0.0,2.4
20:24:06.000,46.0,46.0,48.0,47.0,51.0,18.0,14.0,0.0,13.1,74.1,0.0,0.0,2.4
20:24:08.000,45.0,45.0,45.0,46.0,51.0,17.7,13.3,0.0,14.1,74.3,0.0,0.0,2.4
20:24:10.000,56.0,47.0,47.0,45.0,56.0,16.8,12.6,0.0,14.9,74.3,0.0,0.0,2.4
20:24:12.000,49.0,52.0,47.0,46.0,52.0,17.1,12.6,0.0,15.0,74.3,0.0,0.0,2.4
20:24:14.000,55.0,60.0,48.0,49.0,60.0,19.6,14.9,0.0,16.0,74.9,0.0,0.0,2.4
20:24:16.000,56.0,61.0,49.0,48.0,60.0,25.2,20.0,0.0,15.1,75.3,0.0,0.0,2.4
20:24:18.000,48.0,61.0,49.0,51.0,62.0,27.3,22.1,0.0,17.0,76.5,0.0,0.0,2.4
20:24:20.000,49.0,54.0,50.0,60.0,60.0,27.0,21.6,0.0,18.6,75.8,0.0,0.0,2.4
20:24:22.000,61.0,64.0,52.0,52.0,64.0,27.1,21.7,0.0,25.8,75.3,0.0,0.0,2.4
20:24:24.000,45.0,47.0,46.0,47.0,52.0,23.5,18.5,0.0,23.1,74.9,0.0,0.0,2.4
20:24:26.000,45.0,46.0,47.0,46.0,52.0,16.9,12.4,0.0,11.4,74.8,0.0,0.0,2.4
20:24:28.000,47.0,47.0,49.0,47.0,53.0,15.1,10.7,0.0,11.5,74.7,0.0,0.0,2.4
20:24:30.000,46.0,46.0,47.0,47.0,50.0,15.7,11.5,0.0,11.0,74.6,0.0,0.0,2.4
20:24:32.000,50.0,55.0,54.0,62.0,62.0,26.6,21.7,0.0,28.5,74.9,0.0,0.0,2.4
20:24:34.000,46.0,47.0,46.0,48.0,53.0,16.1,11.9,0.0,11.7,75.0,0.0,0.0,2.4
20:24:36.000,46.0,46.0,46.0,47.0,51.0,15.8,11.6,0.0,19.4,74.9,0.0,0.0,2.4
20:24:38.000,48.0,47.0,50.0,47.0,51.0,15.2,10.9,0.0,11.4,74.8,0.0,0.0,2.4
20:24:40.000,47.0,46.0,47.0,47.0,51.0,15.1,11.0,0.0,4.3,75.9,51.0,0.0,2.4
20:24:42.000,46.0,46.0,44.0,46.0,51.0,15.6,11.4,0.0,10.1,75.8,0.0,0.0,2.4
20:24:44.000,45.0,46.0,44.0,46.0,51.0,14.7,10.8,0.0,11.7,75.7,0.0,0.0,2.4
20:24:46.000,45.0,46.0,46.0,47.0,51.0,14.9,10.7,0.0,13.2,75.6,0.0,0.0,2.4
20:24:48.000,46.0,46.0,46.0,47.0,52.0,14.6,10.5,0.0,10.7,75.6,0.0,0.0,2.4
20:24:50.000,46.0,46.0,45.0,46.0,51.0,15.3,11.1,0.0,12.4,75.7,0.0,0.0,2.4
20:24:52.000,48.0,57.0,54.0,52.0,71.0,14.7,10.6,0.0,13.7,75.7,0.0,0.0,2.4
20:24:54.000,46.0,48.0,47.0,47.0,51.0,26.5,21.5,0.0,10.2,76.0,0.0,0.0,2.4
20:24:56.000,47.0,49.0,47.0,50.0,51.0,16.7,12.3,0.0,12.5,76.0,0.0,0.0,2.4
20:24:58.000,46.0,47.0,46.0,47.0,51.0,23.8,19.2,0.0,8.6,76.1,51.0,0.0,2.4
20:25:00.000,58.0,48.0,50.0,48.0,58.0,20.6,15.8,0.2,15.4,75.9,0.0,0.0,2.4
20:25:02.000,55.0,49.0,48.0,48.0,56.0,21.5,16.6,0.3,10.3,75.6,0.0,0.0,2.4
20:25:04.000,54.0,48.0,48.0,49.0,54.0,25.1,20.5,0.1,14.2,75.3,0.0,0.0,2.4
20:25:06.000,46.0,46.0,45.0,48.0,51.0,16.5,12.1,0.0,9.4,75.4,0.0,0.0,2.4
20:25:08.000,54.0,48.0,47.0,47.0,54.0,14.7,10.6,0.0,10.7,75.3,0.0,0.0,2.4
20:25:10.000,51.0,47.0,46.0,47.0,52.0,15.0,11.0,0.0,10.7,75.3,0.0,0.0,2.4
20:25:12.000,47.0,60.0,47.0,50.0,58.0,14.3,10.2,0.0,10.3,75.3,0.0,0.0,2.4
20:25:14.000,58.0,57.0,64.0,65.0,65.0,31.9,26.7,0.1,21.5,76.0,0.0,0.0,2.4
20:25:16.000,51.0,49.0,60.0,52.0,69.0,21.5,17.3,0.0,16.1,76.2,0.0,0.0,2.4
20:25:18.000,51.0,51.0,51.0,51.0,61.0,24.0,19.6,0.1,18.6,77.0,52.0,5.0,4.2
20:25:20.000,52.0,50.0,52.0,65.0,66.0,21.6,17.2,0.0,13.2,77.1,52.0,0.0,4.2
20:25:22.000,50.0,58.0,51.0,73.0,73.0,29.9,24.9,0.0,22.0,77.6,53.0,0.0,49.2
20:25:24.000,50.0,53.0,50.0,64.0,93.0,35.7,31.2,0.0,25.3,78.3,57.0,100.0,49.2
20:25:26.000,55.0,55.0,67.0,51.0,67.0,16.4,11.5,0.0,11.9,76.7,58.0,100.0,49.2
20:25:28.000,50.0,52.0,56.0,51.0,56.0,21.7,17.4,0.0,13.4,76.7,58.0,100.0,49.2
20:25:30.000,49.0,48.0,49.0,50.0,55.0,11.6,7.0,0.0,7.7,76.7,59.0,100.0,49.2
20:25:32.000,51.0,60.0,52.0,76.0,76.0,17.6,13.4,0.0,10.4,76.8,59.0,100.0,49.2
20:25:34.000,50.0,53.0,55.0,54.0,68.0,19.9,15.5,0.0,14.4,76.8,60.0,100.0,49.2
20:25:36.000,50.0,53.0,52.0,63.0,77.0,21.1,15.9,0.0,10.6,77.2,60.0,100.0,49.2
20:25:38.000,54.0,57.0,57.0,55.0,69.0,19.7,15.0,0.0,12.9,77.1,61.0,100.0,49.2
20:25:40.000,56.0,53.0,69.0,54.0,71.0,20.4,15.7,0.1,21.0,77.2,61.0,100.0,49.2
20:25:42.000,54.0,54.0,54.0,55.0,57.0,11.3,6.7,0.0,5.2,77.4,61.0,100.0,49.2
20:25:44.000,58.0,55.0,75.0,57.0,65.0,21.3,16.7,0.0,13.5,77.4,62.0,100.0,49.2
20:25:46.000,52.0,53.0,53.0,54.0,58.0,16.1,11.3,0.0,9.9,77.4,62.0,100.0,49.2
20:25:48.000,56.0,58.0,57.0,70.0,70.0,14.7,10.2,0.0,12.5,77.5,62.0,100.0,49.2
20:25:50.000,54.0,64.0,56.0,79.0,79.0,22.2,17.7,0.0,15.7,77.5,63.0,100.0,49.2
20:25:52.000,54.0,55.0,53.0,55.0,59.0,8.2,3.3,0.1,4.6,77.5,63.0,100.0,49.2
20:25:54.000,58.0,58.0,74.0,57.0,74.0,21.1,16.7,0.0,12.7,77.5,63.0,100.0,49.2
20:25:56.000,56.0,55.0,61.0,57.0,60.0,19.0,14.1,0.0,12.9,77.3,63.0,100.0,49.2
20:25:58.000,54.0,55.0,54.0,56.0,60.0,14.3,9.2,0.0,11.3,76.9,64.0,100.0,49.2
20:26:00.000,55.0,56.0,62.0,57.0,75.0,21.0,16.0,0.0,15.3,76.3,64.0,100.0,49.2
20:26:02.000,55.0,65.0,56.0,81.0,81.0,22.1,17.2,0.0,13.3,75.7,64.0,100.0,49.2
20:26:04.000,55.0,55.0,56.0,55.0,61.0,9.6,4.9,0.0,7.6,75.1,64.0,100.0,49.2
20:26:06.000,59.0,59.0,67.0,74.0,74.0,22.1,17.4,0.0,11.6,74.5,65.0,100.0,49.2
20:26:08.000,57.0,57.0,56.0,56.0,62.0,14.6,9.9,0.0,11.5,73.8,65.0,100.0,49.2
20:26:10.000,55.0,63.0,57.0,69.0,69.0,15.1,10.3,0.0,8.3,73.5,65.0,100.0,49.2
20:26:12.000,57.0,59.0,57.0,66.0,82.0,19.8,15.0,0.0,12.3,73.5,65.0,100.0,49.2
20:26:14.000,56.0,57.0,56.0,57.0,62.0,9.4,4.5,0.1,5.1,73.5,65.0,100.0,49.2
20:26:16.000,61.0,61.0,76.0,58.0,76.0,20.1,15.5,0.0,10.8,73.5,65.0,100.0,49.2
20:26:18.000,58.0,60.0,60.0,67.0,89.0,19.2,14.7,0.0,13.1,73.5,66.0,100.0,49.2
20:26:20.000,58.0,58.0,57.0,58.0,62.0,14.2,8.9,0.0,9.8,73.7,66.0,100.0,49.2
20:26:22.000,58.0,63.0,58.0,66.0,81.0,20.7,16.1,0.0,10.4,73.8,66.0,100.0,49.2
20:26:24.000,58.0,60.0,59.0,58.0,63.0,19.2,14.5,0.0,10.7,73.8,66.0,100.0,49.2
20:26:26.000,56.0,59.0,58.0,64.0,84.0,10.9,6.1,0.0,6.0,73.8,66.0,100.0,49.2
20:26:28.000,61.0,60.0,79.0,58.0,80.0,21.1,16.4,0.0,12.6,73.8,66.0,100.0,49.2
20:26:30.000,56.0,58.0,57.0,57.0,64.0,13.7,8.8,0.0,7.7,73.7,66.0,100.0,49.2
20:26:32.000,59.0,60.0,63.0,59.0,75.0,17.4,12.8,0.0,9.5,73.8,66.0,100.0,49.2
20:26:34.000,63.0,60.0,78.0,59.0,78.0,20.4,15.5,0.0,14.1,73.8,67.0,100.0,49.2
20:26:36.000,58.0,60.0,59.0,60.0,64.0,9.3,4.2,0.1,5.8,73.8,67.0,100.0,49.2
20:26:38.000,58.0,60.0,60.0,66.0,85.0,21.2,16.2,0.0,13.7,73.8,67.0,100.0,49.2
20:26:40.000,76.0,60.0,69.0,61.0,83.0,24.6,19.7,0.0,14.4,74.2,67.0,100.0,49.2
20:26:42.000,58.0,58.0,59.0,58.0,64.0,8.2,3.2,0.0,8.2,74.0,67.0,100.0,49.2
20:26:44.000,58.0,65.0,61.0,80.0,80.0,20.7,16.3,0.0,10.7,74.0,67.0,100.0,49.2
20:26:46.000,59.0,60.0,60.0,58.0,63.0,19.6,14.9,0.0,12.8,74.0,67.0,100.0,49.2
20:26:48.000,61.0,60.0,78.0,59.0,78.0,10.8,6.0,0.0,9.4,74.0,67.0,100.0,49.2
20:26:50.000,60.0,61.0,62.0,67.0,84.0,21.6,16.6,0.0,12.6,74.0,68.0,100.0,49.2
20:26:52.000,58.0,58.0,59.0,58.0,63.0,11.2,6.2,0.1,9.0,74.0,68.0,100.0,49.2
20:26:54.000,64.0,64.0,81.0,62.0,81.0,19.3,14.7,0.0,9.1,74.0,67.0,100.0,49.2
20:26:56.000,62.0,62.0,63.0,62.0,67.0,20.7,15.8,0.0,10.6,74.1,68.0,100.0,49.2
20:26:58.000,59.0,60.0,60.0,58.0,63.0,8.7,3.7,0.1,4.8,74.1,68.0,100.0,49.2
20:27:00.000,68.0,67.0,63.0,80.0,80.0,24.3,19.5,0.0,14.9,74.1,68.0,100.0,49.2
20:27:02.000,67.0,64.0,86.0,64.0,86.0,24.1,19.6,0.0,12.7,74.5,68.0,100.0,49.2
20:27:04.000,60.0,60.0,60.0,59.0,65.0,8.2,3.3,0.1,8.1,74.3,68.0,100.0,49.2
20:27:06.000,65.0,60.0,80.0,61.0,80.0,20.7,15.9,0.0,11.9,74.4,68.0,98.0,49.2
20:27:08.000,60.0,60.0,61.0,60.0,65.0,16.5,11.3,0.0,15.8,74.4,68.0,100.0,49.2
20:27:10.000,66.0,67.0,64.0,67.0,75.0,15.9,10.9,0.1,11.1,74.4,68.0,100.0,49.2
20:27:12.000,65.0,64.0,71.0,63.0,71.0,21.5,16.8,0.0,11.5,74.4,69.0,100.0,49.2
20:27:14.000,59.0,62.0,60.0,61.0,65.0,8.4,3.5,0.1,10.2,74.4,68.0,100.0,49.2
20:27:16.000,60.0,62.0,62.0,64.0,70.0,19.7,15.0,0.0,11.3,74.4,69.0,100.0,49.2
20:27:18.000,63.0,67.0,64.0,84.0,84.0,20.7,15.9,0.0,11.0,74.4,69.0,100.0,49.2
20:27:20.000,60.0,62.0,60.0,61.0,65.0,11.1,6.1,0.0,5.3,74.5,69.0,100.0,49.2
20:27:22.000,66.0,62.0,81.0,62.0,81.0,20.2,15.5,0.0,10.8,74.5,69.0,100.0,49.2
20:27:24.000,60.0,62.0,69.0,63.0,88.0,24.1,19.1,0.0,17.6,74.9,69.0,99.0,49.2
20:27:26.000,60.0,61.0,60.0,59.0,65.0,9.3,4.2,0.0,7.0,74.7,69.0,100.0,49.2
20:27:28.000,66.0,62.0,81.0,62.0,76.0,19.4,14.8,0.0,12.9,74.7,69.0,100.0,49.2
20:27:30.000,60.0,63.0,60.0,63.0,66.0,13.9,8.7,0.1,8.6,74.7,69.0,100.0,49.2
20:27:32.000,60.0,70.0,60.0,87.0,87.0,17.5,12.7,0.0,8.6,74.7,69.0,100.0,49.2
20:27:34.000,60.0,68.0,63.0,65.0,70.0,18.8,14.0,0.0,13.4,74.7,68.0,100.0,49.2
20:27:36.000,60.0,61.0,60.0,60.0,66.0,9.0,3.9,0.1,4.3,74.8,69.0,100.0,49.2
20:27:38.000,59.0,61.0,62.0,68.0,89.0,20.4,15.9,0.0,10.6,74.8,69.0,100.0,49.2
20:27:40.000,74.0,83.0,65.0,66.0,83.0,23.1,18.2,0.0,13.4,74.8,68.0,100.0,49.2
20:27:42.000,60.0,60.0,60.0,59.0,66.0,9.0,4.0,0.1,5.7,74.8,68.0,100.0,49.2
20:27:44.000,64.0,61.0,81.0,61.0,81.0,21.2,16.5,0.0,12.0,74.8,68.0,100.0,49.2
20:27:46.000,60.0,65.0,65.0,63.0,81.0,23.5,18.5,0.0,14.0,75.2,68.0,100.0,49.2
20:27:48.000,62.0,75.0,62.0,69.0,75.0,13.5,8.7,0.0,9.9,75.1,69.0,100.0,49.2
20:27:50.000,60.0,67.0,62.0,83.0,83.0,25.5,20.3,0.0,17.1,75.0,68.0,100.0,49.2
20:27:52.000,60.0,61.0,60.0,59.0,65.0,10.8,5.9,0.0,7.3,75.0,69.0,100.0,49.2
20:27:54.000,69.0,61.0,69.0,61.0,69.0,17.6,12.8,0.0,15.4,75.1,68.0,100.0,49.2
20:27:56.000,61.0,65.0,65.0,63.0,80.0,21.3,16.6,0.0,13.7,75.1,68.0,100.0,49.2
20:27:58.000,60.0,61.0,59.0,59.0,65.0,9.1,4.3,0.0,7.6,75.1,68.0,100.0,49.2
20:28:00.000,60.0,61.0,62.0,64.0,83.0,18.6,13.8,0.0,12.0,75.1,68.0,100.0,49.2
20:28:02.000,60.0,64.0,62.0,63.0,74.0,21.2,16.7,0.0,11.9,75.2,69.0,100.0,49.2
20:28:04.000,60.0,61.0,59.0,60.0,65.0,8.9,3.9,0.1,7.4,75.2,68.0,100.0,49.2
20:28:06.000,60.0,65.0,62.0,68.0,88.0,21.9,17.0,0.0,12.9,75.4,68.0,100.0,49.2
20:28:08.000,60.0,62.0,61.0,61.0,65.0,20.4,15.3,0.0,15.0,75.6,69.0,100.0,49.2
20:28:10.000,59.0,66.0,62.0,81.0,81.0,13.0,8.0,0.1,9.0,75.6,69.0,100.0,49.2
20:28:12.000,65.0,62.0,80.0,62.0,80.0,20.0,15.3,0.0,12.0,75.7,69.0,100.0,49.2
20:28:15.000,59.0,61.0,60.0,60.0,64.0,9.3,4.5,0.0,8.5,75.7,68.0,100.0,49.2
20:28:17.000,60.0,62.0,62.0,64.0,67.0,18.8,14.1,0.0,10.4,75.7,68.0,100.0,49.2
20:28:19.000,60.0,62.0,63.0,62.0,79.0,21.3,16.5,0.0,11.3,75.7,69.0,100.0,49.2
20:28:21.000,63.0,64.0,60.0,60.0,65.0,8.7,3.7,0.0,6.9,75.7,68.0,100.0,49.2
20:28:23.000,61.0,65.0,62.0,79.0,79.0,20.3,15.6,0.0,13.6,75.7,69.0,100.0,49.2
20:28:25.000,64.0,66.0,63.0,83.0,83.0,20.8,16.1,0.0,12.7,75.8,69.0,100.0,49.2
20:28:27.000,59.0,60.0,61.0,59.0,66.0,10.4,5.4,0.0,5.6,75.8,68.0,99.0,49.2
20:28:29.000,60.0,67.0,62.0,73.0,96.0,25.0,20.3,0.0,17.1,76.2,69.0,100.0,49.2
20:28:31.000,59.0,61.0,60.0,60.0,66.0,15.3,10.5,0.0,10.3,76.0,69.0,100.0,49.2
20:28:33.000,63.0,62.0,80.0,61.0,79.0,14.5,9.6,0.0,9.8,76.1,69.0,99.0,49.2
20:28:35.000,63.0,64.0,65.0,62.0,80.0,21.8,17.1,0.0,15.5,76.1,69.0,100.0,49.2
20:28:37.000,59.0,61.0,61.0,61.0,66.0,9.0,3.9,0.1,5.6,76.2,69.0,96.0,49.2
20:28:39.000,60.0,67.0,60.0,83.0,83.0,21.0,16.2,0.0,11.3,76.2,69.0,100.0,49.2
20:28:41.000,65.0,67.0,82.0,63.0,82.0,22.4,17.8,0.0,11.8,76.2,69.0,100.0,49.2
20:28:43.000,60.0,62.0,60.0,62.0,65.0,8.7,3.5,0.1,5.6,76.2,68.0,100.0,49.2
20:28:45.000,65.0,68.0,62.0,83.0,83.0,19.1,14.4,0.0,11.6,76.2,69.0,100.0,49.2
20:28:47.000,60.0,62.0,60.0,61.0,66.0,17.4,12.6,0.0,11.1,76.2,68.0,100.0,49.2
20:28:49.000,63.0,64.0,60.0,77.0,77.0,11.4,6.5,0.1,10.6,76.9,69.0,100.0,49.2
20:28:51.000,65.0,77.0,62.0,92.0,92.0,30.8,25.8,0.0,24.1,77.3,69.0,100.0,49.2
20:28:53.000,60.0,61.0,60.0,60.0,66.0,13.2,8.3,0.0,8.5,77.0,69.0,100.0,49.2
20:28:55.000,59.0,67.0,61.0,81.0,81.0,13.4,8.5,0.1,11.4,77.0,68.0,100.0,49.2
20:28:57.000,69.0,62.0,82.0,63.0,81.0,21.3,16.6,0.0,13.4,77.0,69.0,100.0,49.2
20:28:59.000,60.0,62.0,61.0,62.0,66.0,11.2,6.2,0.0,9.4,77.0,69.0,100.0,49.2
20:29:01.000,67.0,64.0,80.0,65.0,80.0,21.2,16.4,0.0,15.2,77.0,69.0,100.0,49.2
20:29:03.000,63.0,64.0,64.0,72.0,72.0,23.0,18.1,0.0,12.5,77.0,69.0,100.0,49.2
20:29:05.000,63.0,65.0,62.0,62.0,65.0,14.8,9.2,0.2,5.9,77.0,69.0,97.0,49.2
20:29:07.000,66.0,64.0,65.0,63.0,81.0,22.3,17.4,0.0,12.8,77.0,69.0,100.0,49.2
20:29:09.000,69.0,76.0,66.0,67.0,75.0,25.9,19.6,0.8,23.1,77.0,69.0,100.0,49.2
20:29:11.000,69.0,64.0,86.0,66.0,86.0,17.3,12.0,0.2,8.9,77.3,69.0,100.0,49.2
20:29:13.000,64.0,69.0,76.0,70.0,76.0,24.4,19.2,0.0,17.4,77.3,69.0,100.0,49.2
20:29:15.000,63.0,65.0,62.0,63.0,66.0,15.2,10.3,0.1,5.6,77.3,70.0,98.0,49.2
20:29:17.000,69.0,66.0,83.0,65.0,83.0,28.4,22.4,0.3,17.5,77.7,70.0,98.0,49.2
20:29:19.000,63.0,71.0,62.0,84.0,85.0,21.5,16.6,0.0,13.0,77.1,70.0,100.0,49.2
20:29:21.000,63.0,63.0,62.0,63.0,66.0,20.8,14.6,0.5,12.5,77.1,70.0,100.0,49.2
20:29:23.000,65.0,64.0,67.0,63.0,67.0,24.9,19.1,0.4,17.2,77.1,70.0,100.0,49.2
20:29:25.000,65.0,66.0,78.0,65.0,78.0,23.3,18.5,0.0,11.9,77.0,70.0,100.0,49.2
20:29:27.000,61.0,63.0,61.0,62.0,66.0,11.9,6.9,0.0,3.5,77.0,70.0,100.0,49.2
20:29:29.000,63.0,65.0,66.0,63.0,81.0,21.6,16.8,0.0,15.5,77.0,70.0,100.0,49.2
20:29:31.000,63.0,63.0,63.0,63.0,67.0,18.1,13.2,0.1,10.9,76.9,70.0,100.0,49.2
20:29:33.000,63.0,72.0,63.0,92.0,92.0,24.3,19.0,0.0,13.8,77.3,70.0,100.0,49.2
20:29:35.000,65.0,68.0,67.0,67.0,78.0,23.4,17.9,0.2,15.5,77.1,70.0,100.0,49.2
20:29:37.000,63.0,66.0,62.0,64.0,67.0,18.3,12.5,0.4,10.9,77.7,70.0,100.0,49.2
20:29:39.000,65.0,70.0,64.0,83.0,83.0,21.8,16.3,0.3,11.9,78.0,70.0,100.0,49.2
20:29:41.000,64.0,66.0,64.0,68.0,86.0,25.7,20.1,0.3,19.0,78.0,70.0,99.0,49.2
20:29:43.000,64.0,66.0,65.0,66.0,66.0,11.8,6.5,0.1,7.0,78.0,70.0,100.0,49.2
20:29:45.000,61.0,65.0,64.0,66.0,75.0,21.3,16.4,0.0,15.3,78.1,70.0,100.0,49.2
20:29:47.000,62.0,69.0,63.0,84.0,84.0,22.7,17.6,0.0,13.0,78.1,70.0,100.0,49.2
20:29:49.000,63.0,61.0,62.0,62.0,66.0,10.8,5.9,0.0,10.9,78.0,70.0,100.0,49.2
20:29:51.000,69.0,67.0,81.0,67.0,81.0,20.6,15.7,0.0,18.4,78.0,70.0,100.0,49.2
20:29:53.000,63.0,65.0,65.0,64.0,69.0,17.8,12.7,0.1,7.9,78.0,70.0,100.0,49.2
20:29:55.000,66.0,65.0,80.0,63.0,80.0,19.3,14.2,0.0,12.1,78.3,70.0,100.0,49.2
20:29:57.000,63.0,64.0,67.0,64.0,82.0,20.9,15.7,0.0,11.0,78.1,71.0,100.0,49.2
20:29:59.000,61.0,62.0,62.0,63.0,68.0,12.2,7.3,0.1,7.8,77.8,71.0,98.0,49.2
20:30:01.000,63.0,69.0,62.0,85.0,85.0,22.4,17.5,0.0,13.2,77.8,70.0,100.0,49.2
20:30:03.000,61.0,65.0,63.0,69.0,89.0,20.1,15.1,0.0,18.6,78.0,70.0,100.0,49.2
20:30:05.000,63.0,62.0,62.0,62.0,67.0,9.8,4.6,0.0,6.7,77.9,70.0,99.0,49.2
20:30:07.000,67.0,65.0,81.0,65.0,81.0,22.4,17.2,0.0,15.6,77.9,71.0,100.0,49.2
20:30:09.000,63.0,64.0,66.0,65.0,75.0,19.6,14.6,0.1,10.1,78.0,71.0,100.0,49.2
20:30:11.000,63.0,62.0,67.0,62.0,81.0,11.4,6.8,0.0,8.3,77.9,68.0,0.0,49.2
20:30:13.000,70.0,64.0,64.0,64.0,72.0,16.8,12.1,0.0,13.4,76.3,0.0,0.0,2.4
20:30:15.000,60.0,62.0,61.0,63.0,66.0,31.2,26.1,0.0,15.5,76.5,0.0,0.0,2.4
20:30:17.000,73.0,62.0,63.0,61.0,73.0,15.7,11.3,0.0,8.9,76.4,0.0,0.0,2.4
20:30:19.000,68.0,61.0,62.0,63.0,68.0,17.2,12.7,0.0,14.3,76.4,0.0,0.0,2.4
20:30:21.000,67.0,79.0,73.0,66.0,82.0,31.7,25.7,0.0,30.1,77.3,0.0,0.0,2.4
20:30:23.000,70.0,76.0,72.0,67.0,80.0,20.2,15.1,0.0,11.6,78.0,0.0,0.0,2.4
20:30:25.000,70.0,69.0,62.0,63.0,70.0,21.7,16.7,0.0,13.8,78.3,0.0,0.0,2.4
20:30:27.000,69.0,61.0,61.0,58.0,70.0,17.6,12.8,0.0,10.2,78.3,0.0,0.0,2.4
20:30:29.000,63.0,60.0,59.0,59.0,63.0,17.0,12.4,0.0,12.2,78.2,0.0,0.0,2.4
20:30:31.000,58.0,60.0,59.0,58.0,63.0,18.7,13.9,0.0,11.5,78.2,0.0,0.0,2.4
20:30:33.000,56.0,58.0,57.0,58.0,62.0,19.2,14.3,0.0,11.5,78.2,0.0,0.0,2.4
20:30:35.000,60.0,62.0,60.0,62.0,62.0,16.8,12.4,0.0,14.1,78.2,0.0,0.0,2.4
20:30:37.000,57.0,57.0,58.0,57.0,62.0,21.5,16.8,0.0,10.1,78.4,0.0,0.0,2.4
20:30:39.000,58.0,58.0,59.0,58.0,62.0,15.7,11.1,0.0,12.8,78.0,0.0,0.0,2.4
20:30:41.000,58.0,57.0,57.0,58.0,62.0,16.5,12.2,0.0,10.7,79.0,0.0,0.0,2.4
20:30:43.000,56.0,58.0,58.0,57.0,61.0,17.5,13.0,0.0,12.2,79.0,0.0,0.0,2.4
20:30:45.000,58.0,57.0,60.0,57.0,61.0,15.6,11.0,0.0,15.1,79.0,61.0,0.0,2.4
20:30:47.000,67.0,56.0,60.0,56.0,67.0,16.3,11.9,0.0,11.2,79.0,0.0,0.0,2.4
20:30:49.000,55.0,55.0,56.0,56.0,61.0,15.5,11.3,0.0,9.8,79.0,0.0,0.0,2.4
20:30:51.000,56.0,56.0,69.0,56.0,67.0,17.1,12.5,0.1,9.6,79.0,0.0,0.0,2.4
20:30:53.000,56.0,55.0,56.0,56.0,61.0,15.8,11.4,0.0,13.6,78.8,0.0,0.0,2.4
20:30:55.000,55.0,56.0,56.0,55.0,59.0,14.2,9.8,0.0,14.9,78.8,0.0,0.0,2.4
20:30:57.000,55.0,55.0,55.0,55.0,60.0,21.2,16.4,0.0,18.3,79.0,0.0,0.0,2.4
20:30:59.000,55.0,55.0,55.0,55.0,60.0,14.5,10.4,0.0,9.6,78.7,0.0,0.0,2.4
20:31:01.000,55.0,56.0,54.0,55.0,59.0,15.2,11.0,0.0,9.5,78.4,0.0,0.0,2.4
20:31:03.000,56.0,55.0,56.0,55.0,59.0,15.0,10.8,0.0,12.1,78.5,0.0,0.0,2.4
20:31:05.000,56.0,55.0,56.0,55.0,59.0,14.7,10.5,0.0,13.4,78.5,0.0,0.0,2.4
20:31:07.000,56.0,55.0,56.0,55.0,58.0,15.9,11.6,0.0,9.0,78.5,59.0,0.0,2.4
20:31:09.000,63.0,55.0,56.0,55.0,63.0,15.5,11.4,0.0,8.9,78.5,0.0,0.0,2.4
20:31:11.000,63.0,54.0,56.0,54.0,63.0,14.1,9.9,0.0,11.7,78.5,0.0,0.0,2.4
20:31:13.000,75.0,55.0,59.0,55.0,72.0,18.3,13.8,0.0,12.2,78.7,0.0,0.0,2.4
20:31:15.000,58.0,56.0,67.0,58.0,71.0,23.3,18.5,0.0,17.2,78.7,0.0,0.0,2.4
20:31:17.000,54.0,57.0,55.0,56.0,74.0,16.5,12.1,0.0,15.5,79.0,0.0,0.0,2.4
20:31:19.000,53.0,54.0,54.0,54.0,59.0,14.0,9.6,0.0,12.3,79.1,0.0,0.0,2.4
20:31:21.000,53.0,55.0,54.0,55.0,59.0,13.9,9.7,0.0,10.5,78.9,0.0,0.0,2.4
20:31:23.000,54.0,53.0,54.0,52.0,58.0,14.2,10.0,0.0,12.2,78.9,58.0,0.0,2.4
20:31:25.000,55.0,63.0,54.0,55.0,63.0,14.9,10.8,0.0,8.9,78.9,0.0,0.0,2.4
20:31:27.000,62.0,53.0,55.0,54.0,62.0,14.7,10.6,0.0,10.0,79.0,0.0,0.0,2.4
20:31:29.000,63.0,55.0,55.0,52.0,62.0,14.0,9.7,0.0,10.0,79.0,0.0,0.0,2.4
20:31:31.000,54.0,53.0,52.0,53.0,58.0,15.6,11.2,0.0,9.5,79.1,0.0,0.0,2.4
20:31:33.000,62.0,55.0,53.0,53.0,62.0,14.6,10.4,0.0,11.7,78.9,0.0,0.0,2.4
20:31:35.000,60.0,52.0,55.0,52.0,62.0,14.0,10.0,0.0,9.9,78.3,0.0,0.0,2.4
20:31:37.000,52.0,66.0,52.0,60.0,60.0,14.8,10.6,0.0,14.6,78.3,0.0,0.0,2.4
20:31:39.000,51.0,52.0,52.0,52.0,66.0,18.8,14.3,0.0,12.7,78.6,0.0,0.0,2.4
20:31:41.000,59.0,53.0,52.0,51.0,58.0,14.1,10.0,0.0,9.9,78.6,0.0,0.0,2.4
20:31:43.000,57.0,62.0,53.0,56.0,62.0,14.1,10.1,0.0,10.0,78.6,0.0,0.0,2.4
20:31:45.000,52.0,51.0,55.0,52.0,57.0,16.5,12.3,0.0,10.3,78.6,0.0,0.0,2.4
20:31:47.000,56.0,53.0,53.0,51.0,60.0,14.8,10.7,0.0,9.8,78.5,0.0,0.0,2.4
20:31:49.000,51.0,64.0,50.0,56.0,66.0,15.3,11.1,0.0,10.0,77.9,0.0,0.0,2.4
20:31:51.000,51.0,52.0,61.0,54.0,62.0,14.0,10.0,0.0,9.2,77.3,0.0,0.0,2.4
20:31:53.000,63.0,52.0,58.0,52.0,58.0,14.2,10.2,0.0,10.1,76.7,0.0,0.0,2.4
20:31:55.000,50.0,53.0,51.0,51.0,56.0,14.2,10.1,0.0,10.8,76.2,0.0,0.0,2.4
20:31:57.000,50.0,52.0,51.0,51.0,57.0,14.4,10.3,0.0,9.2,75.6,0.0,0.0,2.4
20:31:59.000,52.0,58.0,52.0,59.0,70.0,22.9,18.7,0.0,16.8,75.5,0.0,0.0,2.4
20:32:01.000,50.0,51.0,52.0,52.0,57.0,14.6,10.4,0.0,9.5,74.9,0.0,0.0,2.4
20:32:03.000,51.0,51.0,50.0,50.0,57.0,14.1,10.1,0.0,10.3,74.9,0.0,0.0,2.4
20:32:05.000,51.0,52.0,50.0,51.0,56.0,13.7,9.5,0.0,13.5,74.9,0.0,0.0,2.4
20:32:07.000,52.0,53.0,52.0,54.0,57.0,14.8,10.7,0.0,11.9,75.1,0.0,0.0,2.4
20:32:09.000,50.0,56.0,50.0,52.0,57.0,13.8,9.4,0.0,10.2,75.1,0.0,0.0,2.4
20:32:11.000,52.0,52.0,54.0,57.0,57.0,15.2,10.9,0.0,10.9,75.1,0.0,0.0,2.4
20:32:13.000,50.0,52.0,53.0,52.0,56.0,18.8,14.2,0.0,17.0,75.2,0.0,0.0,2.4
20:32:15.000,48.0,51.0,51.0,49.0,56.0,8.3,4.3,0.0,5.6,75.2,0.0,0.0,2.4
20:32:17.000,50.0,51.0,50.0,50.0,56.0,15.2,11.1,0.0,10.3,75.2,0.0,0.0,2.4
20:32:19.000,49.0,51.0,50.0,50.0,57.0,14.1,9.7,0.0,10.4,75.0,0.0,0.0,2.4
20:32:21.000,51.0,51.0,50.0,50.0,56.0,19.6,15.1,0.0,15.8,75.2,0.0,0.0,2.4
20:32:23.000,49.0,50.0,50.0,50.0,56.0,15.7,11.3,0.0,10.2,75.2,0.0,0.0,2.4
20:32:25.000,49.0,51.0,50.0,52.0,56.0,13.7,9.6,0.0,14.7,75.3,0.0,0.0,2.4
20:32:27.000,49.0,51.0,49.0,49.0,55.0,16.2,12.3,0.0,10.1,75.3,0.0,0.0,2.4
20:32:29.000,49.0,50.0,49.0,49.0,55.0,9.0,5.0,0.1,9.5,75.3,0.0,0.0,2.4
20:32:31.000,54.0,52.0,60.0,50.0,58.0,17.0,12.8,0.0,11.1,75.3,0.0,0.0,2.4
20:32:33.000,62.0,53.0,52.0,52.0,61.0,17.6,13.2,0.0,11.3,75.3,0.0,0.0,2.4
20:32:35.000,60.0,51.0,50.0,50.0,60.0,15.4,11.2,0.0,9.8,75.3,0.0,0.0,2.4
20:32:37.000,49.0,49.0,50.0,49.0,55.0,15.0,10.8,0.0,11.7,75.5,0.0,0.0,2.4
20:32:39.000,59.0,50.0,49.0,49.0,59.0,14.8,10.8,0.0,10.3,75.5,0.0,0.0,2.4
20:32:41.000,58.0,55.0,53.0,60.0,67.0,26.5,21.8,0.1,21.4,76.1,0.0,0.0,2.4
20:32:43.000,55.0,56.0,60.0,56.0,60.0,30.0,24.6,0.2,23.1,76.1,0.0,0.0,2.4
20:32:45.000,55.0,53.0,50.0,52.0,55.0,17.9,13.4,0.1,20.0,76.2,0.0,0.0,2.4
20:32:47.000,53.0,61.0,52.0,63.0,63.0,22.0,16.8,0.1,15.2,76.4,0.0,0.0,2.4
20:32:49.000,50.0,51.0,60.0,50.0,58.0,17.3,13.0,0.0,12.2,76.2,0.0,0.0,2.4
20:32:51.000,62.0,53.0,53.0,60.0,60.0,17.8,13.7,0.0,15.1,75.8,0.0,0.0,2.4
20:32:53.000,58.0,66.0,65.0,65.0,68.0,25.9,20.9,0.1,19.4,76.0,0.0,0.0,2.4
20:32:55.000,60.0,53.0,53.0,51.0,60.0,17.9,13.8,0.0,12.2,76.0,0.0,0.0,2.4
20:32:57.000,51.0,50.0,60.0,50.0,56.0,14.3,10.1,0.0,10.3,76.1,0.0,0.0,2.4
20:32:59.000,48.0,50.0,49.0,49.0,54.0,14.7,10.6,0.0,11.4,76.1,0.0,0.0,2.4
20:33:01.000,52.0,73.0,52.0,55.0,73.0,18.4,14.2,0.0,14.6,76.4,0.0,0.0,2.4
20:33:03.000,49.0,50.0,49.0,49.0,55.0,17.0,12.7,0.0,16.7,76.2,0.0,0.0,2.4
20:33:05.000,51.0,51.0,53.0,50.0,55.0,17.6,13.5,0.0,12.1,76.3,0.0,0.0,2.4
20:33:07.000,50.0,52.0,50.0,50.0,55.0,21.4,16.8,0.0,15.6,76.5,0.0,0.0,2.4
20:33:09.000,50.0,52.0,52.0,51.0,55.0,15.1,11.1,0.0,10.7,76.6,0.0,0.0,2.4
20:33:11.000,51.0,52.0,52.0,51.0,55.0,17.1,12.8,0.0,13.6,76.5,0.0,0.0,2.4
20:33:13.000,48.0,49.0,49.0,49.0,54.0,9.6,5.4,0.0,9.2,76.6,0.0,0.0,2.4
20:33:15.000,49.0,49.0,49.0,49.0,55.0,8.6,4.5,0.1,7.0,76.6,0.0,0.0,2.4
20:33:17.000,61.0,52.0,52.0,49.0,61.0,15.7,11.6,0.0,12.7,76.6,0.0,0.0,2.4
20:33:19.000,50.0,50.0,49.0,50.0,55.0,15.6,11.4,0.0,15.2,76.6,54.0,0.0,2.4
20:33:21.000,49.0,51.0,50.0,49.0,55.0,15.3,11.2,0.0,9.8,76.6,0.0,0.0,2.4
20:33:23.000,51.0,50.0,59.0,52.0,59.0,18.5,13.9,0.0,11.9,77.2,0.0,0.0,2.4
20:33:25.000,49.0,50.0,49.0,50.0,55.0,15.5,11.3,0.0,12.9,77.1,54.0,0.0,2.4
20:33:27.000,50.0,50.0,50.0,50.0,55.0,16.2,12.1,0.0,10.0,77.1,0.0,0.0,2.4
20:33:29.000,47.0,49.0,49.0,49.0,54.0,11.6,7.9,0.0,7.2,77.1,0.0,0.0,2.4
20:33:31.000,47.0,49.0,48.0,48.0,53.0,11.0,6.9,0.0,7.6,77.1,0.0,0.0,2.4
20:33:33.000,48.0,50.0,48.0,48.0,53.0,11.1,6.8,0.0,6.6,77.2,0.0,0.0,2.4
20:33:35.000,56.0,50.0,52.0,49.0,56.0,15.6,11.5,0.0,9.8,77.2,0.0,0.0,2.4
20:33:37.000,55.0,53.0,52.0,50.0,55.0,16.8,12.7,0.0,16.9,77.2,0.0,0.0,2.4
20:33:39.000,49.0,60.0,51.0,51.0,60.0,20.6,16.2,0.0,11.3,77.3,0.0,0.0,2.4
20:33:41.000,62.0,50.0,52.0,49.0,62.0,15.9,11.8,0.0,15.7,77.2,0.0,0.0,2.4
20:33:43.000,59.0,52.0,52.0,49.0,59.0,17.3,12.9,0.0,11.0,77.2,0.0,0.0,2.4
20:33:45.000,49.0,62.0,50.0,54.0,62.0,18.5,14.2,0.0,17.6,77.4,0.0,0.0,2.4
20:33:47.000,50.0,60.0,52.0,54.0,56.0,13.8,10.0,0.0,8.8,77.4,0.0,0.0,2.4
20:33:49.000,55.0,55.0,52.0,49.0,55.0,17.3,13.1,0.0,10.0,77.4,0.0,0.0,2.4
20:33:51.000,59.0,54.0,68.0,56.0,68.0,22.2,18.0,0.0,11.0,77.4,0.0,0.0,2.4
20:33:53.000,60.0,50.0,52.0,50.0,60.0,16.2,11.9,0.0,11.4,77.5,0.0,0.0,2.4
20:33:56.000,53.0,69.0,56.0,54.0,72.0,19.0,14.9,0.0,16.0,77.9,0.0,0.0,2.4
20:33:58.000,49.0,51.0,57.0,49.0,56.0,15.2,11.0,0.0,10.5,77.9,0.0,0.0,2.4
20:34:00.000,51.0,51.0,59.0,49.0,60.0,17.9,13.6,0.0,16.6,78.0,0.0,0.0,2.4
20:34:02.000,47.0,61.0,48.0,52.0,61.0,17.0,12.9,0.0,10.4,78.0,0.0,0.0,2.4
20:34:04.000,55.0,66.0,57.0,56.0,66.0,24.0,19.5,0.0,15.0,78.1,0.0,0.0,2.4
20:34:06.000,53.0,55.0,50.0,63.0,80.0,26.3,21.7,0.0,20.0,78.6,0.0,0.0,2.4
20:34:08.000,50.0,60.0,49.0,51.0,60.0,16.5,12.5,0.0,10.0,78.1,0.0,0.0,2.4
20:34:10.000,58.0,51.0,56.0,49.0,57.0,18.2,13.9,0.0,11.0,78.0,0.0,0.0,2.4
20:34:12.000,56.0,51.0,50.0,50.0,55.0,19.5,15.3,0.0,14.0,78.0,0.0,0.0,2.4
20:34:14.000,56.0,66.0,50.0,54.0,68.0,17.5,13.3,0.0,11.0,77.8,0.0,0.0,2.4
20:34:16.000,58.0,50.0,50.0,48.0,56.0,15.7,11.6,0.0,10.0,77.6,0.0,0.0,2.4
20:34:18.000,48.0,62.0,48.0,51.0,62.0,18.2,13.8,0.0,12.9,77.7,0.0,0.0,2.4
20:34:20.000,58.0,49.0,50.0,50.0,58.0,16.6,12.6,0.0,9.4,77.7,0.0,0.0,2.4
20:34:22.000,52.0,53.0,51.0,57.0,57.0,19.0,14.7,0.1,10.4,77.6,0.0,0.0,2.4
20:34:24.000,54.0,57.0,49.0,50.0,57.0,16.7,12.3,0.1,10.9,77.6,0.0,0.0,2.4
20:34:26.000,53.0,58.0,51.0,51.0,55.0,15.8,11.5,0.1,10.8,77.6,0.0,0.0,2.4
20:34:28.000,50.0,51.0,49.0,57.0,57.0,22.3,17.4,0.4,19.4,78.1,0.0,0.0,2.4
20:34:30.000,55.0,53.0,52.0,51.0,58.0,16.0,12.1,0.0,10.2,78.1,0.0,0.0,2.4
20:34:32.000,49.0,51.0,48.0,60.0,54.0,16.8,12.6,0.0,16.5,78.1,0.0,0.0,2.4
20:34:34.000,50.0,50.0,59.0,49.0,59.0,15.1,11.2,0.0,10.7,78.1,0.0,0.0,2.4
20:34:36.000,49.0,63.0,58.0,59.0,62.0,18.6,14.2,0.2,11.2,78.9,0.0,0.0,2.4
20:34:38.000,47.0,50.0,49.0,49.0,53.0,18.6,14.2,0.0,11.6,79.0,0.0,0.0,2.4
20:34:40.000,47.0,49.0,49.0,49.0,53.0,16.6,12.2,0.0,10.1,79.0,0.0,0.0,2.4
20:34:42.000,49.0,50.0,52.0,50.0,53.0,15.2,11.1,0.0,11.8,78.5,0.0,0.0,2.4
20:34:44.000,49.0,48.0,50.0,48.0,52.0,15.6,11.5,0.0,10.1,78.4,0.0,0.0,2.4
20:34:46.000,49.0,49.0,52.0,48.0,53.0,16.8,12.8,0.0,9.4,78.4,53.0,0.0,2.4
20:34:48.000,66.0,52.0,56.0,52.0,61.0,25.5,21.1,0.0,15.4,78.8,0.0,0.0,2.4
20:34:50.000,48.0,49.0,47.0,49.0,53.0,18.2,14.2,0.0,12.4,78.6,0.0,0.0,2.4
20:34:52.000,60.0,49.0,52.0,58.0,60.0,17.0,12.9,0.0,11.1,78.8,0.0,0.0,2.4
20:34:54.000,47.0,48.0,49.0,47.0,53.0,14.0,9.9,0.0,13.5,78.8,0.0,0.0,2.4
20:34:56.000,49.0,52.0,49.0,50.0,53.0,16.9,12.8,0.0,10.3,78.8,0.0,0.0,2.4
20:34:58.000,47.0,49.0,49.0,48.0,53.0,16.0,12.1,0.0,10.1,78.8,0.0,0.0,2.4
20:35:00.000,48.0,47.0,48.0,47.0,53.0,14.2,10.3,0.0,8.5,78.8,0.0,0.0,2.4
20:35:02.000,46.0,50.0,48.0,49.0,53.0,15.1,11.1,0.0,10.2,78.7,0.0,0.0,2.4
20:35:04.000,48.0,49.0,47.0,49.0,53.0,14.7,10.6,0.0,7.9,78.7,53.0,0.0,2.4
20:35:06.000,47.0,61.0,48.0,50.0,61.0,15.3,11.2,0.0,6.9,78.7,0.0,0.0,2.4
20:35:08.000,53.0,50.0,48.0,48.0,56.0,15.4,11.3,0.0,10.5,78.8,0.0,0.0,2.4
