Timestamp,CPU Temperature Core #1 (°C),CPU Temperature Core #2 (°C),CPU Temperature Core #3 (°C),CPU Temperature Core #4 (°C),CPU Temperature (°C),CPU Power (W),CPU Power Cores (W),CPU Graphics Power (W),GPU Temperature (°C),Relative Time (s),Mode,Attack Type,Attack,Host,Measurement,Run
09:22:23.000,49.0,53.0,48.0,48.0,53.0,15.3,12.2,0.2,0.0,0.0,Idle,Cryptojacking,CoinIMP (CPU) (0%),ASUS Zenbook UX51VZ,Open Hardware Monitor,1
09:22:26.000,46.0,46.0,46.0,46.0,46.0,4.0,1.6,0.0,0.0,3.0,Idle,Cryptojacking,CoinIMP (CPU) (0%),ASUS Zenbook UX51VZ,Open Hardware Monitor,1
09:22:29.000,46.0,46.0,46.0,46.0,46.0,4.2,1.7,0.0,0.0,6.0,Idle,Cryptojacking,CoinIMP (CPU) (0%),ASUS Zenbook UX51VZ,Open Hardware Monitor,1
09:22:32.000,43.0,43.0,43.0,43.0,43.0,3.6,1.2,0.0,0.0,9.0,Idle,Cryptojacking,CoinIMP (CPU) (0%),ASUS Zenbook UX51VZ,Open Hardware Monitor,1
09:22:35.000,46.0,46.0,45.0,46.0,46.0,4.2,1.8,0.0,0.0,12.0,Idle,Cryptojacking,CoinIMP (CPU) (0%),ASUS Zenbook UX51VZ,Open Hardware Monitor,1
09:22:38.000,44.0,44.0,44.0,44.0,44.0,3.9,1.5,0.0,0.0,15.0,Idle,Cryptojacking,CoinIMP (CPU) (0%),ASUS Zenbook UX51VZ,Open Hardware Monitor,1
09:22:41.000,42.0,42.0,42.0,42.0,42.0,4.0,1.6,0.0,0.0,18.0,Idle,Cryptojacking,CoinIMP (CPU) (0%),ASUS Zenbook UX51VZ,Open Hardware Monitor,1
09:22:44.000,45.0,45.0,45.0,45.0,45.0,5.8,3.3,0.0,0.0,21.0,Idle,Cryptojacking,CoinIMP (CPU) (0%),ASUS Zenbook UX51VZ,Open Hardware Monitor,1
09:22:47.000,40.0,40.0,40.0,40.0,40.0,3.6,1.2,0.0,0.0,24.0,Idle,Cryptojacking,CoinIMP (CPU) (0%),ASUS Zenbook UX51VZ,Open Hardware Monitor,1
09:22:50.000,44.0,44.0,44.0,44.0,44.0,3.5,1.1,0.0,0.0,27.0,Idle,Cryptojacking,CoinIMP (CPU) (0%),ASUS Zenbook UX51VZ,Open Hardware Monitor,1
09:22:53.000,45.0,43.0,45.0,45.0,45.0,3.7,1.3,0.0,0.0,30.0,Idle,Cryptojacking,CoinIMP (CPU) (0%),ASUS Zenbook UX51VZ,Open Hardware Monitor,1
09:22:56.000,39.0,39.0,39.0,39.0,39.0,3.4,1.1,0.0,0.0,33.0,Idle,Cryptojacking,CoinIMP (CPU) (0%),ASUS Zenbook UX51VZ,Open Hardware Monitor,1
09:22:59.000,46.0,46.0,46.0,46.0,46.0,4.6,2.2,0.0,0.0,36.0,Idle,Cryptojacking,CoinIMP (CPU) (0%),ASUS Zenbook UX51VZ,Open Hardware Monitor,1
09:23:02.000,41.0,41.0,41.0,41.0,41.0,3.8,1.4,0.0,0.0,39.0,Idle,Cryptojacking,CoinIMP (CPU) (0%),ASUS Zenbook UX51VZ,Open Hardware Monitor,1
09:23:05.000,44.0,44.0,44.0,44.0,44.0,3.8,1.4,0.0,0.0,42.0,Idle,Cryptojacking,CoinIMP (CPU) (0%),ASUS Zenbook UX51VZ,Open Hardware Monitor,1
09:23:08.000,44.0,44.0,44.0,44.0,44.0,4.1,1.7,0.0,0.0,45.0,Idle,Cryptojacking,CoinIMP (CPU) (0%),ASUS Zenbook UX51VZ,Open Hardware Monitor,1
09:23:11.000,42.0,42.0,42.0,42.0,42.0,3.8,1.4,0.0,0.0,48.0,Idle,Cryptojacking,CoinIMP (CPU) (0%),ASUS Zenbook UX51VZ,Open Hardware Monitor,1
09:23:14.000,45.0,45.0,44.0,44.0,44.0,3.9,1.5,0.0,0.0,51.0,Idle,Cryptojacking,CoinIMP (CPU) (0%),ASUS Zenbook UX51VZ,Open Hardware Monitor,1
09:23:17.000,42.0,42.0,42.0,42.0,42.0,3.5,1.1,0.0,0.0,54.0,Idle,Cryptojacking,CoinIMP (CPU) (0%),ASUS Zenbook UX51VZ,Open Hardware Monitor,1
09:23:20.000,44.0,44.0,44.0,44.0,44.0,3.8,1.4,0.0,0.0,57.0,Idle,Cryptojacking,CoinIMP (CPU) (0%),ASUS Zenbook UX51VZ,Open Hardware Monitor,1
09:23:23.000,44.0,44.0,44.0,44.0,44.0,4.0,1.6,0.0,0.0,60.0,Idle,Cryptojacking,CoinIMP (CPU) (0%),ASUS Zenbook UX51VZ,Open Hardware Monitor,1
09:23:26.000,45.0,45.0,45.0,45.0,45.0,3.8,1.4,0.0,0.0,63.0,Idle,Cryptojacking,CoinIMP (CPU) (0%),ASUS Zenbook UX51VZ,Open Hardware Monitor,1
09:23:29.000,44.0,44.0,44.0,44.0,43.0,3.8,1.4,0.0,0.0,66.0,Idle,Cryptojacking,CoinIMP (CPU) (0%),ASUS Zenbook UX51VZ,Open Hardware Monitor,1
09:23:32.000,42.0,42.0,42.0,42.0,42.0,3.3,0.8,0.0,0.0,69.0,Idle,Cryptojacking,CoinIMP (CPU) (0%),ASUS Zenbook UX51VZ,Open Hardware Monitor,1
09:23:35.000,44.0,44.0,44.0,44.0,44.0,3.2,0.8,0.0,0.0,72.0,Idle,Cryptojacking,CoinIMP (CPU) (0%),ASUS Zenbook UX51VZ,Open Hardware Monitor,1
09:23:38.000,44.0,43.0,45.0,45.0,45.0,3.7,1.3,0.0,0.0,75.0,Idle,Cryptojacking,CoinIMP (CPU) (0%),ASUS Zenbook UX51VZ,Open Hardware Monitor,1
09:23:41.000,45.0,45.0,45.0,45.0,45.0,3.6,1.1,0.0,0.0,78.0,Idle,Cryptojacking,CoinIMP (CPU) (0%),ASUS Zenbook UX51VZ,Open Hardware Monitor,1
09:23:44.000,42.0,42.0,42.0,42.0,42.0,3.5,1.0,0.0,0.0,81.0,Idle,Cryptojacking,CoinIMP (CPU) (0%),ASUS Zenbook UX51VZ,Open Hardware Monitor,1
09:23:47.000,43.0,43.0,43.0,43.0,43.0,3.4,0.9,0.0,0.0,84.0,Idle,Cryptojacking,CoinIMP (CPU) (0%),ASUS Zenbook UX51VZ,Open Hardware Monitor,1
09:23:50.000,45.0,45.0,47.0,53.0,53.0,8.1,5.4,0.0,0.0,87.0,Idle,Cryptojacking,CoinIMP (CPU) (0%),ASUS Zenbook UX51VZ,Open Hardware Monitor,1
09:23:53.000,45.0,45.0,44.0,44.0,44.0,3.5,1.0,0.0,0.0,90.0,Idle,Cryptojacking,CoinIMP (CPU) (0%),ASUS Zenbook UX51VZ,Open Hardware Monitor,1
09:23:56.000,42.0,42.0,42.0,42.0,42.0,3.5,1.0,0.1,0.0,93.0,Idle,Cryptojacking,CoinIMP (CPU) (0%),ASUS Zenbook UX51VZ,Open Hardware Monitor,1
09:23:59.000,38.0,38.0,38.0,38.0,39.0,4.5,1.9,0.0,0.0,96.0,Idle,Cryptojacking,CoinIMP (CPU) (0%),ASUS Zenbook UX51VZ,Open Hardware Monitor,1
09:24:02.000,44.0,44.0,44.0,44.0,44.0,3.7,1.2,0.1,0.0,99.0,Idle,Cryptojacking,CoinIMP (CPU) (0%),ASUS Zenbook UX51VZ,Open Hardware Monitor,1
09:24:05.000,42.0,42.0,42.0,42.0,42.0,3.7,1.2,0.1,0.0,102.0,Idle,Cryptojacking,CoinIMP (CPU) (0%),ASUS Zenbook UX51VZ,Open Hardware Monitor,1
09:24:08.000,38.0,38.0,38.0,38.0,39.0,3.5,1.0,0.1,0.0,105.0,Idle,Cryptojacking,CoinIMP (CPU) (0%),ASUS Zenbook UX51VZ,Open Hardware Monitor,1
09:24:11.000,41.0,41.0,41.0,41.0,41.0,3.6,1.0,0.1,0.0,108.0,Idle,Cryptojacking,CoinIMP (CPU) (0%),ASUS Zenbook UX51VZ,Open Hardware Monitor,1
09:24:14.000,43.0,43.0,44.0,44.0,44.0,4.4,1.8,0.0,0.0,111.0,Idle,Cryptojacking,CoinIMP (CPU) (0%),ASUS Zenbook UX51VZ,Open Hardware Monitor,1
09:24:17.000,37.0,37.0,37.0,37.0,38.0,3.4,0.9,0.1,0.0,114.0,Idle,Cryptojacking,CoinIMP (CPU) (0%),ASUS Zenbook UX51VZ,Open Hardware Monitor,1
09:24:20.000,41.0,41.0,41.0,41.0,41.0,3.4,0.9,0.1,0.0,117.0,Idle,Cryptojacking,CoinIMP (CPU) (0%),ASUS Zenbook UX51VZ,Open Hardware Monitor,1
09:24:23.000,38.0,38.0,38.0,38.0,38.0,3.5,1.0,0.1,0.0,120.0,Idle,Cryptojacking,CoinIMP (CPU) (0%),ASUS Zenbook UX51VZ,Open Hardware Monitor,1
09:24:26.000,39.0,39.0,39.0,39.0,39.0,4.1,1.5,0.1,0.0,123.0,Idle,Cryptojacking,CoinIMP (CPU) (0%),ASUS Zenbook UX51VZ,Open Hardware Monitor,1
09:24:29.000,44.0,44.0,44.0,44.0,44.0,3.5,1.0,0.1,0.0,126.0,Idle,Cryptojacking,CoinIMP (CPU) (0%),ASUS Zenbook UX51VZ,Open Hardware Monitor,1
09:24:32.000,44.0,43.0,43.0,44.0,44.0,3.6,1.0,0.1,0.0,129.0,Idle,Cryptojacking,CoinIMP (CPU) (0%),ASUS Zenbook UX51VZ,Open Hardware Monitor,1
09:24:35.000,42.0,42.0,42.0,41.0,41.0,3.4,0.9,0.1,0.0,132.0,Idle,Cryptojacking,CoinIMP (CPU) (0%),ASUS Zenbook UX51VZ,Open Hardware Monitor,1
09:24:38.000,38.0,38.0,38.0,38.0,38.0,3.7,1.1,0.1,0.0,135.0,Idle,Cryptojacking,CoinIMP (CPU) (0%),ASUS Zenbook UX51VZ,Open Hardware Monitor,1
09:24:41.000,44.0,44.0,44.0,44.0,44.0,3.6,1.0,0.1,0.0,138.0,Idle,Cryptojacking,CoinIMP (CPU) (0%),ASUS Zenbook UX51VZ,Open Hardware Monitor,1
09:24:44.000,40.0,40.0,40.0,40.0,40.0,3.7,1.1,0.1,0.0,141.0,Idle,Cryptojacking,CoinIMP (CPU) (0%),ASUS Zenbook UX51VZ,Open Hardware Monitor,1
09:24:47.000,43.0,43.0,44.0,44.0,44.0,3.6,1.0,0.1,0.0,144.0,Idle,Cryptojacking,CoinIMP (CPU) (0%),ASUS Zenbook UX51VZ,Open Hardware Monitor,1
09:24:50.000,43.0,42.0,44.0,44.0,44.0,3.6,1.0,0.1,0.0,147.0,Idle,Cryptojacking,CoinIMP (CPU) (0%),ASUS Zenbook UX51VZ,Open Hardware Monitor,1
09:24:53.000,38.0,38.0,38.0,38.0,38.0,3.7,1.1,0.1,0.0,150.0,Idle,Cryptojacking,CoinIMP (CPU) (0%),ASUS Zenbook UX51VZ,Open Hardware Monitor,1
09:24:56.000,39.0,39.0,39.0,39.0,39.0,3.8,1.2,0.1,0.0,153.0,Idle,Cryptojacking,CoinIMP (CPU) (0%),ASUS Zenbook UX51VZ,Open Hardware Monitor,1
09:24:59.000,37.0,37.0,37.0,37.0,38.0,4.0,1.4,0.1,0.0,156.0,Idle,Cryptojacking,CoinIMP (CPU) (0%),ASUS Zenbook UX51VZ,Open Hardware Monitor,1
09:25:02.000,43.0,43.0,43.0,43.0,43.0,3.7,1.1,0.1,0.0,159.0,Idle,Cryptojacking,CoinIMP (CPU) (0%),ASUS Zenbook UX51VZ,Open Hardware Monitor,1
09:25:05.000,41.0,41.0,41.0,41.0,41.0,3.8,1.2,0.1,0.0,162.0,Idle,Cryptojacking,CoinIMP (CPU) (0%),ASUS Zenbook UX51VZ,Open Hardware Monitor,1
09:25:08.000,39.0,39.0,39.0,39.0,39.0,3.3,0.9,0.0,0.0,165.0,Idle,Cryptojacking,CoinIMP (CPU) (0%),ASUS Zenbook UX51VZ,Open Hardware Monitor,1
09:25:11.000,38.0,38.0,38.0,38.0,38.0,3.1,0.7,0.0,0.0,168.0,Idle,Cryptojacking,CoinIMP (CPU) (0%),ASUS Zenbook UX51VZ,Open Hardware Monitor,1
09:25:14.000,38.0,38.0,38.0,38.0,38.0,3.1,0.7,0.0,0.0,171.0,Idle,Cryptojacking,CoinIMP (CPU) (0%),ASUS Zenbook UX51VZ,Open Hardware Monitor,1
09:25:17.000,42.0,42.0,42.0,42.0,42.0,3.2,0.8,0.0,0.0,174.0,Idle,Cryptojacking,CoinIMP (CPU) (0%),ASUS Zenbook UX51VZ,Open Hardware Monitor,1
09:25:20.000,42.0,42.0,42.0,42.0,42.0,3.2,0.8,0.0,0.0,177.0,Idle,Cryptojacking,CoinIMP (CPU) (0%),ASUS Zenbook UX51VZ,Open Hardware Monitor,1
09:25:23.000,44.0,44.0,44.0,44.0,44.0,3.4,1.0,0.0,0.0,180.0,Idle,Cryptojacking,CoinIMP (CPU) (0%),ASUS Zenbook UX51VZ,Open Hardware Monitor,1
09:25:27.000,42.0,42.0,42.0,42.0,42.0,3.2,0.7,0.0,0.0,184.0,Idle,Cryptojacking,CoinIMP (CPU) (0%),ASUS Zenbook UX51VZ,Open Hardware Monitor,1
09:25:30.000,41.0,41.0,41.0,45.0,45.0,3.2,0.8,0.0,0.0,187.0,Idle,Cryptojacking,CoinIMP (CPU) (0%),ASUS Zenbook UX51VZ,Open Hardware Monitor,1
09:25:33.000,40.0,40.0,40.0,40.0,40.0,3.3,0.9,0.0,0.0,190.0,Idle,Cryptojacking,CoinIMP (CPU) (0%),ASUS Zenbook UX51VZ,Open Hardware Monitor,1
09:25:36.000,43.0,43.0,43.0,43.0,43.0,3.2,0.7,0.0,0.0,193.0,Idle,Cryptojacking,CoinIMP (CPU) (0%),ASUS Zenbook UX51VZ,Open Hardware Monitor,1
09:25:39.000,45.0,45.0,45.0,45.0,45.0,7.1,4.6,0.0,0.0,196.0,Idle,Cryptojacking,CoinIMP (CPU) (0%),ASUS Zenbook UX51VZ,Open Hardware Monitor,1
09:25:42.000,42.0,43.0,42.0,44.0,44.0,3.9,1.4,0.0,0.0,199.0,Idle,Cryptojacking,CoinIMP (CPU) (0%),ASUS Zenbook UX51VZ,Open Hardware Monitor,1
09:25:45.000,40.0,40.0,40.0,40.0,40.0,3.1,0.7,0.0,0.0,202.0,Idle,Cryptojacking,CoinIMP (CPU) (0%),ASUS Zenbook UX51VZ,Open Hardware Monitor,1
09:25:48.000,38.0,38.0,38.0,38.0,38.0,3.3,0.8,0.0,0.0,205.0,Idle,Cryptojacking,CoinIMP (CPU) (0%),ASUS Zenbook UX51VZ,Open Hardware Monitor,1
09:25:51.000,44.0,44.0,44.0,44.0,44.0,3.1,0.7,0.0,0.0,208.0,Idle,Cryptojacking,CoinIMP (CPU) (0%),ASUS Zenbook UX51VZ,Open Hardware Monitor,1
09:25:54.000,41.0,41.0,41.0,41.0,41.0,3.4,1.0,0.0,0.0,211.0,Idle,Cryptojacking,CoinIMP (CPU) (0%),ASUS Zenbook UX51VZ,Open Hardware Monitor,1
09:25:57.000,45.0,42.0,43.0,45.0,45.0,3.5,1.1,0.0,0.0,214.0,Idle,Cryptojacking,CoinIMP (CPU) (0%),ASUS Zenbook UX51VZ,Open Hardware Monitor,1
09:26:00.000,39.0,39.0,39.0,39.0,39.0,3.3,0.9,0.0,0.0,217.0,Idle,Cryptojacking,CoinIMP (CPU) (0%),ASUS Zenbook UX51VZ,Open Hardware Monitor,1
09:26:03.000,39.0,39.0,39.0,39.0,39.0,4.1,1.6,0.0,0.0,220.0,Idle,Cryptojacking,CoinIMP (CPU) (0%),ASUS Zenbook UX51VZ,Open Hardware Monitor,1
09:26:06.000,42.0,42.0,42.0,42.0,42.0,3.1,0.7,0.0,0.0,223.0,Idle,Cryptojacking,CoinIMP (CPU) (0%),ASUS Zenbook UX51VZ,Open Hardware Monitor,1
09:26:09.000,40.0,40.0,40.0,40.0,40.0,3.4,1.0,0.0,0.0,226.0,Idle,Cryptojacking,CoinIMP (CPU) (0%),ASUS Zenbook UX51VZ,Open Hardware Monitor,1
09:26:12.000,41.0,41.0,41.0,41.0,41.0,3.2,0.8,0.0,0.0,229.0,Idle,Cryptojacking,CoinIMP (CPU) (0%),ASUS Zenbook UX51VZ,Open Hardware Monitor,1
09:26:15.000,39.0,39.0,39.0,39.0,39.0,3.1,0.7,0.0,0.0,232.0,Idle,Cryptojacking,CoinIMP (CPU) (0%),ASUS Zenbook UX51VZ,Open Hardware Monitor,1
09:26:18.000,42.0,42.0,42.0,42.0,44.0,3.3,0.9,0.0,0.0,235.0,Idle,Cryptojacking,CoinIMP (CPU) (0%),ASUS Zenbook UX51VZ,Open Hardware Monitor,1
09:26:21.000,40.0,40.0,40.0,40.0,40.0,3.1,0.7,0.0,0.0,238.0,Idle,Cryptojacking,CoinIMP (CPU) (0%),ASUS Zenbook UX51VZ,Open Hardware Monitor,1
09:26:24.000,40.0,40.0,40.0,40.0,40.0,8.3,5.7,0.0,0.0,241.0,Idle,Cryptojacking,CoinIMP (CPU) (0%),ASUS Zenbook UX51VZ,Open Hardware Monitor,1
09:26:27.000,41.0,41.0,41.0,41.0,41.0,3.1,0.7,0.0,0.0,244.0,Idle,Cryptojacking,CoinIMP (CPU) (0%),ASUS Zenbook UX51VZ,Open Hardware Monitor,1
09:26:30.000,41.0,41.0,41.0,41.0,41.0,3.1,0.7,0.0,0.0,247.0,Idle,Cryptojacking,CoinIMP (CPU) (0%),ASUS Zenbook UX51VZ,Open Hardware Monitor,1
09:26:33.000,41.0,41.0,41.0,44.0,45.0,4.8,2.3,0.0,0.0,250.0,Idle,Cryptojacking,CoinIMP (CPU) (0%),ASUS Zenbook UX51VZ,Open Hardware Monitor,1
09:26:36.000,44.0,44.0,44.0,45.0,45.0,4.2,1.7,0.0,0.0,253.0,Idle,Cryptojacking,CoinIMP (CPU) (0%),ASUS Zenbook UX51VZ,Open Hardware Monitor,1
09:26:39.000,43.0,43.0,43.0,43.0,43.0,3.8,1.4,0.0,0.0,256.0,Idle,Cryptojacking,CoinIMP (CPU) (0%),ASUS Zenbook UX51VZ,Open Hardware Monitor,1
09:26:42.000,38.0,38.0,38.0,38.0,45.0,3.3,0.9,0.0,0.0,259.0,Idle,Cryptojacking,CoinIMP (CPU) (0%),ASUS Zenbook UX51VZ,Open Hardware Monitor,1
09:26:45.000,44.0,44.0,43.0,45.0,45.0,3.2,0.8,0.0,0.0,262.0,Idle,Cryptojacking,CoinIMP (CPU) (0%),ASUS Zenbook UX51VZ,Open Hardware Monitor,1
09:26:48.000,39.0,39.0,39.0,39.0,39.0,3.3,0.9,0.0,0.0,265.0,Idle,Cryptojacking,CoinIMP (CPU) (0%),ASUS Zenbook UX51VZ,Open Hardware Monitor,1
09:26:51.000,41.0,41.0,41.0,41.0,41.0,3.1,0.7,0.0,0.0,268.0,Idle,Cryptojacking,CoinIMP (CPU) (0%),ASUS Zenbook UX51VZ,Open Hardware Monitor,1
09:26:54.000,39.0,39.0,43.0,45.0,45.0,3.8,1.3,0.0,0.0,271.0,Idle,Cryptojacking,CoinIMP (CPU) (0%),ASUS Zenbook UX51VZ,Open Hardware Monitor,1
09:26:57.000,41.0,41.0,41.0,41.0,41.0,3.4,0.9,0.0,0.0,274.0,Idle,Cryptojacking,CoinIMP (CPU) (0%),ASUS Zenbook UX51VZ,Open Hardware Monitor,1
09:27:00.000,43.0,43.0,43.0,43.0,43.0,3.2,0.7,0.0,0.0,277.0,Idle,Cryptojacking,CoinIMP (CPU) (0%),ASUS Zenbook UX51VZ,Open Hardware Monitor,1
09:27:03.000,40.0,40.0,40.0,45.0,45.0,3.3,0.9,0.0,0.0,280.0,Idle,Cryptojacking,CoinIMP (CPU) (0%),ASUS Zenbook UX51VZ,Open Hardware Monitor,1
09:27:06.000,39.0,39.0,39.0,39.0,39.0,3.1,0.7,0.0,0.0,283.0,Idle,Cryptojacking,CoinIMP (CPU) (0%),ASUS Zenbook UX51VZ,Open Hardware Monitor,1
09:27:09.000,41.0,41.0,41.0,41.0,41.0,3.2,0.8,0.0,0.0,286.0,Idle,Cryptojacking,CoinIMP (CPU) (0%),ASUS Zenbook UX51VZ,Open Hardware Monitor,1
09:27:12.000,39.0,39.0,39.0,39.0,39.0,3.5,1.0,0.0,0.0,289.0,Idle,Cryptojacking,CoinIMP (CPU) (0%),ASUS Zenbook UX51VZ,Open Hardware Monitor,1
09:27:15.000,37.0,37.0,37.0,37.0,38.0,3.2,0.8,0.0,0.0,292.0,Idle,Cryptojacking,CoinIMP (CPU) (0%),ASUS Zenbook UX51VZ,Open Hardware Monitor,1
09:27:18.000,44.0,44.0,44.0,44.0,44.0,3.3,0.9,0.0,0.0,295.0,Idle,Cryptojacking,CoinIMP (CPU) (0%),ASUS Zenbook UX51VZ,Open Hardware Monitor,1
09:27:21.000,37.0,37.0,37.0,37.0,38.0,3.1,0.7,0.0,0.0,298.0,Idle,Cryptojacking,CoinIMP (CPU) (0%),ASUS Zenbook UX51VZ,Open Hardware Monitor,1
09:27:24.000,43.0,43.0,43.0,43.0,45.0,3.7,1.2,0.0,0.0,301.0,Idle,Cryptojacking,CoinIMP (CPU) (0%),ASUS Zenbook UX51VZ,Open Hardware Monitor,1
09:27:27.000,40.0,40.0,40.0,40.0,40.0,3.2,0.8,0.0,0.0,304.0,Idle,Cryptojacking,CoinIMP (CPU) (0%),ASUS Zenbook UX51VZ,Open Hardware Monitor,1
09:27:30.000,38.0,38.0,38.0,38.0,38.0,3.3,0.8,0.0,0.0,307.0,Idle,Cryptojacking,CoinIMP (CPU) (0%),ASUS Zenbook UX51VZ,Open Hardware Monitor,1
09:27:33.000,37.0,37.0,37.0,37.0,37.0,3.5,1.0,0.0,0.0,310.0,Idle,Cryptojacking,CoinIMP (CPU) (0%),ASUS Zenbook UX51VZ,Open Hardware Monitor,1
09:27:36.000,38.0,38.0,38.0,45.0,45.0,3.2,0.8,0.0,0.0,313.0,Idle,Cryptojacking,CoinIMP (CPU) (0%),ASUS Zenbook UX51VZ,Open Hardware Monitor,1
09:27:39.000,38.0,38.0,38.0,38.0,39.0,3.2,0.8,0.0,0.0,316.0,Idle,Cryptojacking,CoinIMP (CPU) (0%),ASUS Zenbook UX51VZ,Open Hardware Monitor,1
09:27:42.000,38.0,38.0,38.0,38.0,38.0,3.5,1.1,0.0,0.0,319.0,Idle,Cryptojacking,CoinIMP (CPU) (0%),ASUS Zenbook UX51VZ,Open Hardware Monitor,1
09:27:45.000,38.0,38.0,38.0,38.0,38.0,3.2,0.8,0.0,0.0,322.0,Idle,Cryptojacking,CoinIMP (CPU) (0%),ASUS Zenbook UX51VZ,Open Hardware Monitor,1
09:27:48.000,38.0,38.0,38.0,38.0,38.0,3.5,1.1,0.0,0.0,325.0,Idle,Cryptojacking,CoinIMP (CPU) (0%),ASUS Zenbook UX51VZ,Open Hardware Monitor,1
09:27:51.000,44.0,44.0,44.0,44.0,44.0,3.2,0.8,0.0,0.0,328.0,Idle,Cryptojacking,CoinIMP (CPU) (0%),ASUS Zenbook UX51VZ,Open Hardware Monitor,1
09:27:54.000,45.0,45.0,45.0,45.0,45.0,3.6,1.2,0.0,0.0,331.0,Idle,Cryptojacking,CoinIMP (CPU) (0%),ASUS Zenbook UX51VZ,Open Hardware Monitor,1
09:27:57.000,39.0,39.0,39.0,39.0,39.0,3.1,0.8,0.0,0.0,334.0,Idle,Cryptojacking,CoinIMP (CPU) (0%),ASUS Zenbook UX51VZ,Open Hardware Monitor,1
09:28:00.000,38.0,38.0,38.0,38.0,38.0,3.1,0.8,0.0,0.0,337.0,Idle,Cryptojacking,CoinIMP (CPU) (0%),ASUS Zenbook UX51VZ,Open Hardware Monitor,1
09:28:03.000,43.0,42.0,42.0,42.0,42.0,3.4,1.0,0.0,0.0,340.0,Idle,Cryptojacking,CoinIMP (CPU) (0%),ASUS Zenbook UX51VZ,Open Hardware Monitor,1
09:28:06.000,41.0,41.0,41.0,41.0,41.0,3.1,0.7,0.0,0.0,343.0,Idle,Cryptojacking,CoinIMP (CPU) (0%),ASUS Zenbook UX51VZ,Open Hardware Monitor,1
09:28:09.000,37.0,37.0,37.0,37.0,38.0,3.2,0.8,0.0,0.0,346.0,Idle,Cryptojacking,CoinIMP (CPU) (0%),ASUS Zenbook UX51VZ,Open Hardware Monitor,1
09:28:12.000,38.0,38.0,38.0,38.0,38.0,3.2,0.8,0.0,0.0,349.0,Idle,Cryptojacking,CoinIMP (CPU) (0%),ASUS Zenbook UX51VZ,Open Hardware Monitor,1
09:28:15.000,40.0,40.0,40.0,40.0,40.0,3.1,0.7,0.0,0.0,352.0,Idle,Cryptojacking,CoinIMP (CPU) (0%),ASUS Zenbook UX51VZ,Open Hardware Monitor,1
09:28:18.000,39.0,39.0,39.0,39.0,40.0,3.3,0.9,0.0,0.0,355.0,Idle,Cryptojacking,CoinIMP (CPU) (0%),ASUS Zenbook UX51VZ,Open Hardware Monitor,1
09:28:21.000,42.0,42.0,42.0,42.0,42.0,3.2,0.8,0.0,0.0,358.0,Idle,Cryptojacking,CoinIMP (CPU) (0%),ASUS Zenbook UX51VZ,Open Hardware Monitor,1
09:28:24.000,39.0,39.0,39.0,39.0,39.0,3.3,0.8,0.0,0.0,361.0,Idle,Cryptojacking,CoinIMP (CPU) (0%),ASUS Zenbook UX51VZ,Open Hardware Monitor,1
09:28:27.000,38.0,38.0,38.0,38.0,45.0,3.3,0.9,0.0,0.0,364.0,Idle,Cryptojacking,CoinIMP (CPU) (0%),ASUS Zenbook UX51VZ,Open Hardware Monitor,1
09:28:31.000,44.0,44.0,44.0,44.0,44.0,3.2,0.8,0.0,0.0,368.0,Idle,Cryptojacking,CoinIMP (CPU) (0%),ASUS Zenbook UX51VZ,Open Hardware Monitor,1
09:28:34.000,44.0,44.0,44.0,44.0,44.0,3.2,0.8,0.0,0.0,371.0,Idle,Cryptojacking,CoinIMP (CPU) (0%),ASUS Zenbook UX51VZ,Open Hardware Monitor,1
09:28:37.000,37.0,37.0,37.0,37.0,38.0,3.1,0.7,0.0,0.0,374.0,Idle,Cryptojacking,CoinIMP (CPU) (0%),ASUS Zenbook UX51VZ,Open Hardware Monitor,1
09:28:40.000,40.0,40.0,40.0,40.0,40.0,3.4,1.0,0.0,0.0,377.0,Idle,Cryptojacking,CoinIMP (CPU) (0%),ASUS Zenbook UX51VZ,Open Hardware Monitor,1
09:28:43.000,42.0,42.0,42.0,42.0,42.0,3.4,0.9,0.0,0.0,380.0,Idle,Cryptojacking,CoinIMP (CPU) (0%),ASUS Zenbook UX51VZ,Open Hardware Monitor,1
09:28:46.000,44.0,43.0,44.0,44.0,44.0,4.5,1.9,0.0,0.0,383.0,Idle,Cryptojacking,CoinIMP (CPU) (0%),ASUS Zenbook UX51VZ,Open Hardware Monitor,1
09:28:49.000,44.0,44.0,44.0,44.0,44.0,3.8,1.4,0.0,0.0,386.0,Idle,Cryptojacking,CoinIMP (CPU) (0%),ASUS Zenbook UX51VZ,Open Hardware Monitor,1
09:28:52.000,44.0,44.0,44.0,44.0,44.0,3.3,0.8,0.0,0.0,389.0,Idle,Cryptojacking,CoinIMP (CPU) (0%),ASUS Zenbook UX51VZ,Open Hardware Monitor,1
09:28:55.000,39.0,39.0,39.0,39.0,39.0,3.1,0.7,0.0,0.0,392.0,Idle,Cryptojacking,CoinIMP (CPU) (0%),ASUS Zenbook UX51VZ,Open Hardware Monitor,1
09:28:58.000,43.0,43.0,42.0,42.0,42.0,3.3,0.8,0.0,0.0,395.0,Idle,Cryptojacking,CoinIMP (CPU) (0%),ASUS Zenbook UX51VZ,Open Hardware Monitor,1
09:29:01.000,44.0,43.0,43.0,44.0,44.0,3.8,1.3,0.0,0.0,398.0,Idle,Cryptojacking,CoinIMP (CPU) (0%),ASUS Zenbook UX51VZ,Open Hardware Monitor,1
09:29:04.000,40.0,40.0,40.0,40.0,40.0,3.2,0.8,0.0,0.0,401.0,Idle,Cryptojacking,CoinIMP (CPU) (0%),ASUS Zenbook UX51VZ,Open Hardware Monitor,1
09:29:07.000,43.0,43.0,42.0,44.0,44.0,3.2,0.8,0.0,0.0,404.0,Idle,Cryptojacking,CoinIMP (CPU) (0%),ASUS Zenbook UX51VZ,Open Hardware Monitor,1
09:29:10.000,38.0,38.0,38.0,38.0,39.0,3.1,0.7,0.0,0.0,407.0,Idle,Cryptojacking,CoinIMP (CPU) (0%),ASUS Zenbook UX51VZ,Open Hardware Monitor,1
09:29:13.000,42.0,42.0,42.0,42.0,42.0,3.3,0.9,0.0,0.0,410.0,Idle,Cryptojacking,CoinIMP (CPU) (0%),ASUS Zenbook UX51VZ,Open Hardware Monitor,1
09:29:16.000,44.0,44.0,44.0,44.0,44.0,3.2,0.8,0.0,0.0,413.0,Idle,Cryptojacking,CoinIMP (CPU) (0%),ASUS Zenbook UX51VZ,Open Hardware Monitor,1
09:29:19.000,42.0,42.0,42.0,42.0,42.0,3.2,0.8,0.0,0.0,416.0,Idle,Cryptojacking,CoinIMP (CPU) (0%),ASUS Zenbook UX51VZ,Open Hardware Monitor,1
09:29:22.000,37.0,37.0,37.0,37.0,38.0,3.1,0.7,0.0,0.0,419.0,Idle,Cryptojacking,CoinIMP (CPU) (0%),ASUS Zenbook UX51VZ,Open Hardware Monitor,1
09:29:25.000,37.0,37.0,37.0,37.0,38.0,3.2,0.8,0.0,0.0,422.0,Idle,Cryptojacking,CoinIMP (CPU) (0%),ASUS Zenbook UX51VZ,Open Hardware Monitor,1
09:29:28.000,37.0,37.0,37.0,37.0,37.0,3.3,0.9,0.0,0.0,425.0,Idle,Cryptojacking,CoinIMP (CPU) (0%),ASUS Zenbook UX51VZ,Open Hardware Monitor,1
09:29:31.000,43.0,42.0,42.0,43.0,44.0,3.4,1.0,0.0,0.0,428.0,Idle,Cryptojacking,CoinIMP (CPU) (0%),ASUS Zenbook UX51VZ,Open Hardware Monitor,1
09:29:34.000,42.0,42.0,42.0,42.0,42.0,3.2,0.8,0.0,0.0,431.0,Idle,Cryptojacking,CoinIMP (CPU) (0%),ASUS Zenbook UX51VZ,Open Hardware Monitor,1
09:29:37.000,44.0,44.0,44.0,44.0,44.0,3.1,0.7,0.0,0.0,434.0,Idle,Cryptojacking,CoinIMP (CPU) (0%),ASUS Zenbook UX51VZ,Open Hardware Monitor,1
09:29:40.000,43.0,43.0,43.0,43.0,43.0,3.1,0.7,0.0,0.0,437.0,Idle,Cryptojacking,CoinIMP (CPU) (0%),ASUS Zenbook UX51VZ,Open Hardware Monitor,1
09:29:43.000,42.0,42.0,42.0,42.0,42.0,3.4,1.0,0.0,0.0,440.0,Idle,Cryptojacking,CoinIMP (CPU) (0%),ASUS Zenbook UX51VZ,Open Hardware Monitor,1
09:29:46.000,43.0,43.0,43.0,43.0,43.0,3.4,1.0,0.0,0.0,443.0,Idle,Cryptojacking,CoinIMP (CPU) (0%),ASUS Zenbook UX51VZ,Open Hardware Monitor,1
09:29:49.000,44.0,44.0,44.0,44.0,44.0,3.4,1.0,0.0,0.0,446.0,Idle,Cryptojacking,CoinIMP (CPU) (0%),ASUS Zenbook UX51VZ,Open Hardware Monitor,1
09:29:52.000,39.0,39.0,39.0,39.0,39.0,3.5,1.1,0.0,0.0,449.0,Idle,Cryptojacking,CoinIMP (CPU) (0%),ASUS Zenbook UX51VZ,Open Hardware Monitor,1
09:29:55.000,37.0,37.0,37.0,37.0,38.0,3.2,0.8,0.0,0.0,452.0,Idle,Cryptojacking,CoinIMP (CPU) (0%),ASUS Zenbook UX51VZ,Open Hardware Monitor,1
09:29:58.000,47.0,47.0,47.0,47.0,47.0,3.5,1.1,0.0,0.0,455.0,Idle,Cryptojacking,CoinIMP (CPU) (0%),ASUS Zenbook UX51VZ,Open Hardware Monitor,1
09:30:01.000,38.0,38.0,38.0,38.0,39.0,3.3,0.9,0.0,0.0,458.0,Idle,Cryptojacking,CoinIMP (CPU) (0%),ASUS Zenbook UX51VZ,Open Hardware Monitor,1
09:30:04.000,43.0,43.0,43.0,43.0,43.0,3.4,1.0,0.0,0.0,461.0,Idle,Cryptojacking,CoinIMP (CPU) (0%),ASUS Zenbook UX51VZ,Open Hardware Monitor,1
09:30:07.000,38.0,38.0,38.0,38.0,39.0,3.2,0.8,0.0,0.0,464.0,Idle,Cryptojacking,CoinIMP (CPU) (0%),ASUS Zenbook UX51VZ,Open Hardware Monitor,1
09:30:10.000,40.0,40.0,40.0,40.0,40.0,3.1,0.7,0.0,0.0,467.0,Idle,Cryptojacking,CoinIMP (CPU) (0%),ASUS Zenbook UX51VZ,Open Hardware Monitor,1
09:30:13.000,40.0,40.0,40.0,40.0,40.0,3.4,1.0,0.0,0.0,470.0,Idle,Cryptojacking,CoinIMP (CPU) (0%),ASUS Zenbook UX51VZ,Open Hardware Monitor,1
09:30:16.000,40.0,40.0,40.0,40.0,40.0,3.1,0.7,0.0,0.0,473.0,Idle,Cryptojacking,CoinIMP (CPU) (0%),ASUS Zenbook UX51VZ,Open Hardware Monitor,1
09:30:19.000,44.0,44.0,44.0,44.0,44.0,3.3,0.9,0.0,0.0,476.0,Idle,Cryptojacking,CoinIMP (CPU) (0%),ASUS Zenbook UX51VZ,Open Hardware Monitor,1
09:30:22.000,39.0,39.0,39.0,39.0,39.0,3.2,0.8,0.0,0.0,479.0,Idle,Cryptojacking,CoinIMP (CPU) (0%),ASUS Zenbook UX51VZ,Open Hardware Monitor,1
09:30:25.000,40.0,40.0,40.0,40.0,40.0,3.4,1.0,0.0,0.0,482.0,Idle,Cryptojacking,CoinIMP (CPU) (0%),ASUS Zenbook UX51VZ,Open Hardware Monitor,1
09:30:28.000,38.0,38.0,38.0,45.0,45.0,3.3,0.8,0.0,0.0,485.0,Idle,Cryptojacking,CoinIMP (CPU) (0%),ASUS Zenbook UX51VZ,Open Hardware Monitor,1
09:30:31.000,39.0,39.0,39.0,39.0,39.0,3.1,0.7,0.0,0.0,488.0,Idle,Cryptojacking,CoinIMP (CPU) (0%),ASUS Zenbook UX51VZ,Open Hardware Monitor,1
09:30:34.000,44.0,43.0,42.0,44.0,44.0,3.2,0.8,0.0,0.0,491.0,Idle,Cryptojacking,CoinIMP (CPU) (0%),ASUS Zenbook UX51VZ,Open Hardware Monitor,1
09:30:37.000,38.0,38.0,38.0,38.0,39.0,3.1,0.7,0.0,0.0,494.0,Idle,Cryptojacking,CoinIMP (CPU) (0%),ASUS Zenbook UX51VZ,Open Hardware Monitor,1
09:30:40.000,39.0,39.0,39.0,39.0,39.0,3.1,0.7,0.0,0.0,497.0,Idle,Cryptojacking,CoinIMP (CPU) (0%),ASUS Zenbook UX51VZ,Open Hardware Monitor,1
09:30:43.000,42.0,42.0,42.0,42.0,42.0,3.3,0.9,0.0,0.0,500.0,Idle,Cryptojacking,CoinIMP (CPU) (0%),ASUS Zenbook UX51VZ,Open Hardware Monitor,1
09:30:46.000,44.0,43.0,43.0,44.0,44.0,3.7,1.2,0.0,0.0,503.0,Idle,Cryptojacking,CoinIMP (CPU) (0%),ASUS Zenbook UX51VZ,Open Hardware Monitor,1
09:30:49.000,44.0,43.0,42.0,44.0,45.0,3.2,0.8,0.0,0.0,506.0,Idle,Cryptojacking,CoinIMP (CPU) (0%),ASUS Zenbook UX51VZ,Open Hardware Monitor,1
09:30:52.000,43.0,43.0,43.0,43.0,43.0,3.3,0.9,0.0,0.0,509.0,Idle,Cryptojacking,CoinIMP (CPU) (0%),ASUS Zenbook UX51VZ,Open Hardware Monitor,1
09:30:55.000,38.0,38.0,38.0,38.0,39.0,3.3,0.9,0.0,0.0,512.0,Idle,Cryptojacking,CoinIMP (CPU) (0%),ASUS Zenbook UX51VZ,Open Hardware Monitor,1
09:30:58.000,38.0,38.0,38.0,38.0,39.0,3.3,0.9,0.0,0.0,515.0,Idle,Cryptojacking,CoinIMP (CPU) (0%),ASUS Zenbook UX51VZ,Open Hardware Monitor,1
09:31:01.000,44.0,44.0,44.0,44.0,44.0,3.3,0.9,0.0,0.0,518.0,Idle,Cryptojacking,CoinIMP (CPU) (0%),ASUS Zenbook UX51VZ,Open Hardware Monitor,1
09:31:04.000,43.0,43.0,43.0,43.0,43.0,3.2,0.8,0.0,0.0,521.0,Idle,Cryptojacking,CoinIMP (CPU) (0%),ASUS Zenbook UX51VZ,Open Hardware Monitor,1
09:31:07.000,44.0,44.0,44.0,44.0,44.0,3.1,0.7,0.0,0.0,524.0,Idle,Cryptojacking,CoinIMP (CPU) (0%),ASUS Zenbook UX51VZ,Open Hardware Monitor,1
09:31:10.000,39.0,39.0,39.0,39.0,40.0,3.1,0.7,0.0,0.0,527.0,Idle,Cryptojacking,CoinIMP (CPU) (0%),ASUS Zenbook UX51VZ,Open Hardware Monitor,1
09:31:13.000,38.0,38.0,38.0,38.0,39.0,3.3,0.9,0.0,0.0,530.0,Idle,Cryptojacking,CoinIMP (CPU) (0%),ASUS Zenbook UX51VZ,Open Hardware Monitor,1
09:31:16.000,37.0,37.0,37.0,37.0,39.0,3.2,0.8,0.0,0.0,533.0,Idle,Cryptojacking,CoinIMP (CPU) (0%),ASUS Zenbook UX51VZ,Open Hardware Monitor,1
09:31:19.000,39.0,39.0,39.0,39.0,39.0,3.4,0.9,0.0,0.0,536.0,Idle,Cryptojacking,CoinIMP (CPU) (0%),ASUS Zenbook UX51VZ,Open Hardware Monitor,1
09:31:22.000,38.0,38.0,38.0,38.0,39.0,3.1,0.7,0.0,0.0,539.0,Idle,Cryptojacking,CoinIMP (CPU) (0%),ASUS Zenbook UX51VZ,Open Hardware Monitor,1
09:31:25.000,43.0,43.0,42.0,42.0,43.0,3.4,1.0,0.0,0.0,542.0,Idle,Cryptojacking,CoinIMP (CPU) (0%),ASUS Zenbook UX51VZ,Open Hardware Monitor,1
09:31:28.000,37.0,37.0,37.0,37.0,39.0,3.6,1.1,0.0,0.0,545.0,Idle,Cryptojacking,CoinIMP (CPU) (0%),ASUS Zenbook UX51VZ,Open Hardware Monitor,1
09:31:31.000,39.0,39.0,39.0,39.0,40.0,4.2,1.7,0.0,0.0,548.0,Idle,Cryptojacking,CoinIMP (CPU) (0%),ASUS Zenbook UX51VZ,Open Hardware Monitor,1
09:31:34.000,38.0,38.0,38.0,38.0,38.0,3.6,1.2,0.0,0.0,551.0,Idle,Cryptojacking,CoinIMP (CPU) (0%),ASUS Zenbook UX51VZ,Open Hardware Monitor,1
09:31:37.000,40.0,40.0,40.0,43.0,44.0,3.3,0.8,0.0,0.0,554.0,Idle,Cryptojacking,CoinIMP (CPU) (0%),ASUS Zenbook UX51VZ,Open Hardware Monitor,1
09:31:41.000,43.0,43.0,43.0,44.0,45.0,3.2,0.8,0.0,0.0,558.0,Idle,Cryptojacking,CoinIMP (CPU) (0%),ASUS Zenbook UX51VZ,Open Hardware Monitor,1
09:31:44.000,43.0,43.0,43.0,43.0,43.0,3.4,1.0,0.0,0.0,561.0,Idle,Cryptojacking,CoinIMP (CPU) (0%),ASUS Zenbook UX51VZ,Open Hardware Monitor,1
09:31:47.000,41.0,41.0,41.0,41.0,41.0,4.4,1.9,0.0,0.0,564.0,Idle,Cryptojacking,CoinIMP (CPU) (0%),ASUS Zenbook UX51VZ,Open Hardware Monitor,1
09:31:50.000,48.0,48.0,46.0,51.0,50.0,11.3,8.7,0.0,0.0,567.0,Idle,Cryptojacking,CoinIMP (CPU) (0%),ASUS Zenbook UX51VZ,Open Hardware Monitor,1
09:31:53.000,44.0,44.0,44.0,44.0,44.0,3.6,1.1,0.0,0.0,570.0,Idle,Cryptojacking,CoinIMP (CPU) (0%),ASUS Zenbook UX51VZ,Open Hardware Monitor,1
09:31:56.000,38.0,38.0,38.0,38.0,38.0,3.1,0.7,0.0,0.0,573.0,Idle,Cryptojacking,CoinIMP (CPU) (0%),ASUS Zenbook UX51VZ,Open Hardware Monitor,1
09:31:59.000,37.0,37.0,37.0,37.0,45.0,3.1,0.7,0.0,0.0,576.0,Idle,Cryptojacking,CoinIMP (CPU) (0%),ASUS Zenbook UX51VZ,Open Hardware Monitor,1
09:32:02.000,40.0,40.0,40.0,40.0,40.0,4.6,2.0,0.0,0.0,579.0,Idle,Cryptojacking,CoinIMP (CPU) (0%),ASUS Zenbook UX51VZ,Open Hardware Monitor,1
09:32:05.000,39.0,39.0,39.0,39.0,40.0,4.4,2.0,0.0,0.0,582.0,Idle,Cryptojacking,CoinIMP (CPU) (0%),ASUS Zenbook UX51VZ,Open Hardware Monitor,1
09:32:08.000,45.0,45.0,45.0,45.0,45.0,3.3,0.9,0.0,0.0,585.0,Idle,Cryptojacking,CoinIMP (CPU) (0%),ASUS Zenbook UX51VZ,Open Hardware Monitor,1
09:32:11.000,41.0,41.0,41.0,41.0,45.0,3.1,0.7,0.0,0.0,588.0,Idle,Cryptojacking,CoinIMP (CPU) (0%),ASUS Zenbook UX51VZ,Open Hardware Monitor,1
09:32:14.000,38.0,38.0,38.0,38.0,39.0,3.1,0.7,0.0,0.0,591.0,Idle,Cryptojacking,CoinIMP (CPU) (0%),ASUS Zenbook UX51VZ,Open Hardware Monitor,1
09:32:17.000,43.0,43.0,43.0,43.0,43.0,3.1,0.7,0.0,0.0,594.0,Idle,Cryptojacking,CoinIMP (CPU) (0%),ASUS Zenbook UX51VZ,Open Hardware Monitor,1
09:32:20.000,56.0,48.0,44.0,47.0,56.0,13.7,11.1,0.0,0.0,597.0,Idle,Cryptojacking,CoinIMP (CPU) (0%),ASUS Zenbook UX51VZ,Open Hardware Monitor,1
09:32:23.000,41.0,41.0,41.0,41.0,41.0,3.3,0.9,0.0,0.0,600.0,Idle,Cryptojacking,CoinIMP (CPU) (0%),ASUS Zenbook UX51VZ,Open Hardware Monitor,1
09:32:26.000,44.0,44.0,44.0,44.0,44.0,3.3,0.9,0.0,0.0,603.0,Idle,Cryptojacking,CoinIMP (CPU) (0%),ASUS Zenbook UX51VZ,Open Hardware Monitor,1
09:32:29.000,41.0,41.0,41.0,41.0,41.0,3.2,0.8,0.0,0.0,606.0,Idle,Cryptojacking,CoinIMP (CPU) (0%),ASUS Zenbook UX51VZ,Open Hardware Monitor,1
09:32:32.000,44.0,42.0,43.0,44.0,45.0,3.2,0.8,0.0,0.0,609.0,Idle,Cryptojacking,CoinIMP (CPU) (0%),ASUS Zenbook UX51VZ,Open Hardware Monitor,1
09:32:35.000,38.0,38.0,38.0,38.0,39.0,3.5,1.1,0.0,0.0,612.0,Idle,Cryptojacking,CoinIMP (CPU) (0%),ASUS Zenbook UX51VZ,Open Hardware Monitor,1
09:32:38.000,42.0,42.0,42.0,42.0,42.0,3.4,1.0,0.0,0.0,615.0,Idle,Cryptojacking,CoinIMP (CPU) (0%),ASUS Zenbook UX51VZ,Open Hardware Monitor,1
09:32:41.000,39.0,39.0,39.0,39.0,40.0,3.2,0.8,0.0,0.0,618.0,Idle,Cryptojacking,CoinIMP (CPU) (0%),ASUS Zenbook UX51VZ,Open Hardware Monitor,1
09:32:44.000,39.0,39.0,39.0,39.0,39.0,3.2,0.7,0.0,0.0,621.0,Idle,Cryptojacking,CoinIMP (CPU) (0%),ASUS Zenbook UX51VZ,Open Hardware Monitor,1
09:32:47.000,38.0,38.0,38.0,38.0,38.0,3.2,0.8,0.0,0.0,624.0,Idle,Cryptojacking,CoinIMP (CPU) (0%),ASUS Zenbook UX51VZ,Open Hardware Monitor,1
09:32:50.000,42.0,42.0,42.0,42.0,42.0,3.7,1.3,0.0,0.0,627.0,Idle,Cryptojacking,CoinIMP (CPU) (0%),ASUS Zenbook UX51VZ,Open Hardware Monitor,1
09:32:53.000,42.0,42.0,42.0,42.0,42.0,3.4,1.0,0.0,0.0,630.0,Idle,Cryptojacking,CoinIMP (CPU) (0%),ASUS Zenbook UX51VZ,Open Hardware Monitor,1
09:32:56.000,44.0,44.0,44.0,44.0,44.0,3.2,0.8,0.0,0.0,633.0,Idle,Cryptojacking,CoinIMP (CPU) (0%),ASUS Zenbook UX51VZ,Open Hardware Monitor,1
09:32:59.000,44.0,44.0,44.0,44.0,44.0,3.1,0.7,0.0,0.0,636.0,Idle,Cryptojacking,CoinIMP (CPU) (0%),ASUS Zenbook UX51VZ,Open Hardware Monitor,1
09:33:02.000,43.0,43.0,43.0,43.0,43.0,3.2,0.8,0.0,0.0,639.0,Idle,Cryptojacking,CoinIMP (CPU) (0%),ASUS Zenbook UX51VZ,Open Hardware Monitor,1
09:33:05.000,43.0,43.0,43.0,43.0,43.0,3.2,0.8,0.0,0.0,642.0,Idle,Cryptojacking,CoinIMP (CPU) (0%),ASUS Zenbook UX51VZ,Open Hardware Monitor,1
09:33:08.000,38.0,38.0,38.0,38.0,39.0,3.3,0.9,0.0,0.0,645.0,Idle,Cryptojacking,CoinIMP (CPU) (0%),ASUS Zenbook UX51VZ,Open Hardware Monitor,1
09:33:11.000,38.0,38.0,38.0,38.0,39.0,3.1,0.7,0.0,0.0,648.0,Idle,Cryptojacking,CoinIMP (CPU) (0%),ASUS Zenbook UX51VZ,Open Hardware Monitor,1
09:33:14.000,44.0,44.0,44.0,44.0,44.0,3.1,0.7,0.0,0.0,651.0,Idle,Cryptojacking,CoinIMP (CPU) (0%),ASUS Zenbook UX51VZ,Open Hardware Monitor,1
09:33:17.000,41.0,41.0,41.0,41.0,41.0,3.2,0.8,0.0,0.0,654.0,Idle,Cryptojacking,CoinIMP (CPU) (0%),ASUS Zenbook UX51VZ,Open Hardware Monitor,1
09:33:20.000,43.0,43.0,43.0,43.0,43.0,3.2,0.8,0.0,0.0,657.0,Idle,Cryptojacking,CoinIMP (CPU) (0%),ASUS Zenbook UX51VZ,Open Hardware Monitor,1
09:33:23.000,40.0,40.0,40.0,40.0,40.0,3.2,0.8,0.0,0.0,660.0,Idle,Cryptojacking,CoinIMP (CPU) (0%),ASUS Zenbook UX51VZ,Open Hardware Monitor,1
09:33:26.000,42.0,42.0,42.0,42.0,42.0,3.1,0.7,0.0,0.0,663.0,Idle,Cryptojacking,CoinIMP (CPU) (0%),ASUS Zenbook UX51VZ,Open Hardware Monitor,1
09:33:29.000,37.0,37.0,37.0,38.0,39.0,3.5,1.0,0.0,0.0,666.0,Idle,Cryptojacking,CoinIMP (CPU) (0%),ASUS Zenbook UX51VZ,Open Hardware Monitor,1
09:33:32.000,39.0,39.0,39.0,39.0,39.0,3.4,1.0,0.0,0.0,669.0,Idle,Cryptojacking,CoinIMP (CPU) (0%),ASUS Zenbook UX51VZ,Open Hardware Monitor,1
09:33:35.000,43.0,43.0,43.0,43.0,43.0,3.2,0.8,0.0,0.0,672.0,Idle,Cryptojacking,CoinIMP (CPU) (0%),ASUS Zenbook UX51VZ,Open Hardware Monitor,1
09:33:38.000,43.0,43.0,43.0,43.0,43.0,3.3,0.9,0.0,0.0,675.0,Idle,Cryptojacking,CoinIMP (CPU) (0%),ASUS Zenbook UX51VZ,Open Hardware Monitor,1
09:33:41.000,40.0,40.0,40.0,40.0,40.0,3.1,0.7,0.0,0.0,678.0,Idle,Cryptojacking,CoinIMP (CPU) (0%),ASUS Zenbook UX51VZ,Open Hardware Monitor,1
09:33:44.000,43.0,43.0,43.0,43.0,43.0,3.1,0.7,0.0,0.0,681.0,Idle,Cryptojacking,CoinIMP (CPU) (0%),ASUS Zenbook UX51VZ,Open Hardware Monitor,1
09:33:47.000,39.0,39.0,39.0,39.0,39.0,3.2,0.8,0.0,0.0,684.0,Idle,Cryptojacking,CoinIMP (CPU) (0%),ASUS Zenbook UX51VZ,Open Hardware Monitor,1
09:33:50.000,43.0,43.0,43.0,43.0,43.0,3.3,0.9,0.0,0.0,687.0,Idle,Cryptojacking,CoinIMP (CPU) (0%),ASUS Zenbook UX51VZ,Open Hardware Monitor,1
09:33:53.000,39.0,39.0,39.0,39.0,39.0,3.4,1.0,0.0,0.0,690.0,Idle,Cryptojacking,CoinIMP (CPU) (0%),ASUS Zenbook UX51VZ,Open Hardware Monitor,1
09:33:56.000,44.0,44.0,44.0,44.0,44.0,3.1,0.7,0.0,0.0,693.0,Idle,Cryptojacking,CoinIMP (CPU) (0%),ASUS Zenbook UX51VZ,Open Hardware Monitor,1
09:33:59.000,44.0,44.0,44.0,44.0,44.0,3.2,0.8,0.0,0.0,696.0,Idle,Cryptojacking,CoinIMP (CPU) (0%),ASUS Zenbook UX51VZ,Open Hardware Monitor,1
09:34:02.000,41.0,41.0,41.0,41.0,41.0,4.6,2.1,0.0,0.0,699.0,Idle,Cryptojacking,CoinIMP (CPU) (0%),ASUS Zenbook UX51VZ,Open Hardware Monitor,1
09:34:05.000,41.0,41.0,41.0,41.0,41.0,3.7,1.3,0.0,0.0,702.0,Idle,Cryptojacking,CoinIMP (CPU) (0%),ASUS Zenbook UX51VZ,Open Hardware Monitor,1
09:34:08.000,42.0,42.0,42.0,41.0,41.0,3.4,1.0,0.0,0.0,705.0,Idle,Cryptojacking,CoinIMP (CPU) (0%),ASUS Zenbook UX51VZ,Open Hardware Monitor,1
09:34:11.000,39.0,39.0,39.0,39.0,40.0,3.2,0.7,0.0,0.0,708.0,Idle,Cryptojacking,CoinIMP (CPU) (0%),ASUS Zenbook UX51VZ,Open Hardware Monitor,1
09:34:14.000,42.0,42.0,42.0,42.0,42.0,3.2,0.8,0.0,0.0,711.0,Idle,Cryptojacking,CoinIMP (CPU) (0%),ASUS Zenbook UX51VZ,Open Hardware Monitor,1
09:34:17.000,44.0,44.0,44.0,44.0,44.0,3.2,0.8,0.0,0.0,714.0,Idle,Cryptojacking,CoinIMP (CPU) (0%),ASUS Zenbook UX51VZ,Open Hardware Monitor,1
09:34:20.000,41.0,41.0,41.0,41.0,41.0,3.5,1.0,0.0,0.0,717.0,Idle,Cryptojacking,CoinIMP (CPU) (0%),ASUS Zenbook UX51VZ,Open Hardware Monitor,1
09:34:23.000,45.0,45.0,45.0,45.0,45.0,3.4,1.0,0.0,0.0,720.0,Idle,Cryptojacking,CoinIMP (CPU) (0%),ASUS Zenbook UX51VZ,Open Hardware Monitor,1
09:34:26.000,43.0,43.0,43.0,43.0,43.0,3.1,0.7,0.0,0.0,723.0,Idle,Cryptojacking,CoinIMP (CPU) (0%),ASUS Zenbook UX51VZ,Open Hardware Monitor,1
09:34:29.000,44.0,43.0,43.0,45.0,45.0,3.3,0.8,0.0,0.0,726.0,Idle,Cryptojacking,CoinIMP (CPU) (0%),ASUS Zenbook UX51VZ,Open Hardware Monitor,1
09:34:32.000,42.0,42.0,42.0,42.0,42.0,3.2,0.8,0.0,0.0,729.0,Idle,Cryptojacking,CoinIMP (CPU) (0%),ASUS Zenbook UX51VZ,Open Hardware Monitor,1
09:34:35.000,41.0,41.0,41.0,41.0,41.0,3.5,1.1,0.0,0.0,732.0,Idle,Cryptojacking,CoinIMP (CPU) (0%),ASUS Zenbook UX51VZ,Open Hardware Monitor,1
09:34:38.000,42.0,42.0,42.0,42.0,42.0,3.3,0.9,0.0,0.0,735.0,Idle,Cryptojacking,CoinIMP (CPU) (0%),ASUS Zenbook UX51VZ,Open Hardware Monitor,1
09:34:41.000,43.0,43.0,43.0,43.0,43.0,4.2,1.7,0.0,0.0,738.0,Idle,Cryptojacking,CoinIMP (CPU) (0%),ASUS Zenbook UX51VZ,Open Hardware Monitor,1
09:34:44.000,38.0,38.0,38.0,38.0,40.0,3.2,0.8,0.0,0.0,741.0,Idle,Cryptojacking,CoinIMP (CPU) (0%),ASUS Zenbook UX51VZ,Open Hardware Monitor,1
09:34:47.000,40.0,40.0,40.0,40.0,40.0,3.6,1.2,0.0,0.0,744.0,Idle,Cryptojacking,CoinIMP (CPU) (0%),ASUS Zenbook UX51VZ,Open Hardware Monitor,1
09:34:51.000,43.0,44.0,43.0,45.0,45.0,4.1,1.6,0.0,0.0,748.0,Idle,Cryptojacking,CoinIMP (CPU) (0%),ASUS Zenbook UX51VZ,Open Hardware Monitor,1
09:34:54.000,38.0,38.0,38.0,38.0,39.0,3.2,0.8,0.0,0.0,751.0,Idle,Cryptojacking,CoinIMP (CPU) (0%),ASUS Zenbook UX51VZ,Open Hardware Monitor,1
09:34:57.000,40.0,40.0,40.0,40.0,40.0,3.2,0.7,0.0,0.0,754.0,Idle,Cryptojacking,CoinIMP (CPU) (0%),ASUS Zenbook UX51VZ,Open Hardware Monitor,1
09:35:00.000,42.0,42.0,42.0,42.0,42.0,3.2,0.8,0.0,0.0,757.0,Idle,Cryptojacking,CoinIMP (CPU) (0%),ASUS Zenbook UX51VZ,Open Hardware Monitor,1
09:35:03.000,43.0,43.0,43.0,44.0,44.0,3.4,1.0,0.0,0.0,760.0,Idle,Cryptojacking,CoinIMP (CPU) (0%),ASUS Zenbook UX51VZ,Open Hardware Monitor,1
09:35:06.000,39.0,39.0,39.0,39.0,40.0,3.1,0.7,0.0,0.0,763.0,Idle,Cryptojacking,CoinIMP (CPU) (0%),ASUS Zenbook UX51VZ,Open Hardware Monitor,1
09:35:09.000,40.0,40.0,40.0,40.0,41.0,3.2,0.8,0.0,0.0,766.0,Idle,Cryptojacking,CoinIMP (CPU) (0%),ASUS Zenbook UX51VZ,Open Hardware Monitor,1
09:35:12.000,39.0,39.0,39.0,39.0,40.0,3.1,0.7,0.0,0.0,769.0,Idle,Cryptojacking,CoinIMP (CPU) (0%),ASUS Zenbook UX51VZ,Open Hardware Monitor,1
09:35:15.000,39.0,39.0,39.0,39.0,40.0,3.2,0.8,0.0,0.0,772.0,Idle,Cryptojacking,CoinIMP (CPU) (0%),ASUS Zenbook UX51VZ,Open Hardware Monitor,1
09:35:18.000,39.0,39.0,39.0,39.0,40.0,3.3,0.8,0.0,0.0,775.0,Idle,Cryptojacking,CoinIMP (CPU) (0%),ASUS Zenbook UX51VZ,Open Hardware Monitor,1
09:35:21.000,47.0,46.0,43.0,46.0,47.0,11.0,8.1,0.0,0.0,778.0,Idle,Cryptojacking,CoinIMP (CPU) (0%),ASUS Zenbook UX51VZ,Open Hardware Monitor,1
09:35:24.000,40.0,40.0,40.0,40.0,40.0,3.2,0.8,0.0,0.0,781.0,Idle,Cryptojacking,CoinIMP (CPU) (0%),ASUS Zenbook UX51VZ,Open Hardware Monitor,1
09:35:27.000,39.0,39.0,39.0,39.0,39.0,3.3,0.8,0.0,0.0,784.0,Idle,Cryptojacking,CoinIMP (CPU) (0%),ASUS Zenbook UX51VZ,Open Hardware Monitor,1
09:35:30.000,40.0,40.0,40.0,40.0,45.0,3.2,0.8,0.0,0.0,787.0,Idle,Cryptojacking,CoinIMP (CPU) (0%),ASUS Zenbook UX51VZ,Open Hardware Monitor,1
09:35:33.000,43.0,43.0,43.0,43.0,43.0,3.3,0.9,0.0,0.0,790.0,Idle,Cryptojacking,CoinIMP (CPU) (0%),ASUS Zenbook UX51VZ,Open Hardware Monitor,1
09:35:36.000,43.0,43.0,43.0,43.0,43.0,3.2,0.7,0.0,0.0,793.0,Idle,Cryptojacking,CoinIMP (CPU) (0%),ASUS Zenbook UX51VZ,Open Hardware Monitor,1
09:35:39.000,39.0,39.0,39.0,39.0,39.0,3.1,0.7,0.0,0.0,796.0,Idle,Cryptojacking,CoinIMP (CPU) (0%),ASUS Zenbook UX51VZ,Open Hardware Monitor,1
09:35:42.000,45.0,45.0,45.0,45.0,45.0,3.7,1.3,0.0,0.0,799.0,Idle,Cryptojacking,CoinIMP (CPU) (0%),ASUS Zenbook UX51VZ,Open Hardware Monitor,1
09:35:45.000,43.0,43.0,43.0,42.0,42.0,3.2,0.8,0.0,0.0,802.0,Idle,Cryptojacking,CoinIMP (CPU) (0%),ASUS Zenbook UX51VZ,Open Hardware Monitor,1
09:35:48.000,40.0,40.0,40.0,40.0,40.0,3.2,0.8,0.0,0.0,805.0,Idle,Cryptojacking,CoinIMP (CPU) (0%),ASUS Zenbook UX51VZ,Open Hardware Monitor,1
09:35:51.000,40.0,40.0,40.0,40.0,40.0,3.1,0.7,0.0,0.0,808.0,Idle,Cryptojacking,CoinIMP (CPU) (0%),ASUS Zenbook UX51VZ,Open Hardware Monitor,1
09:35:54.000,42.0,41.0,41.0,41.0,41.0,3.1,0.7,0.0,0.0,811.0,Idle,Cryptojacking,CoinIMP (CPU) (0%),ASUS Zenbook UX51VZ,Open Hardware Monitor,1
09:35:57.000,44.0,44.0,44.0,44.0,44.0,3.3,0.9,0.0,0.0,814.0,Idle,Cryptojacking,CoinIMP (CPU) (0%),ASUS Zenbook UX51VZ,Open Hardware Monitor,1
09:36:00.000,43.0,42.0,42.0,42.0,42.0,3.2,0.8,0.0,0.0,817.0,Idle,Cryptojacking,CoinIMP (CPU) (0%),ASUS Zenbook UX51VZ,Open Hardware Monitor,1
09:36:03.000,45.0,45.0,45.0,45.0,45.0,4.0,1.6,0.0,0.0,820.0,Idle,Cryptojacking,CoinIMP (CPU) (0%),ASUS Zenbook UX51VZ,Open Hardware Monitor,1
09:36:06.000,42.0,42.0,42.0,42.0,42.0,3.1,0.7,0.0,0.0,823.0,Idle,Cryptojacking,CoinIMP (CPU) (0%),ASUS Zenbook UX51VZ,Open Hardware Monitor,1
09:36:09.000,43.0,43.0,43.0,43.0,43.0,3.1,0.7,0.0,0.0,826.0,Idle,Cryptojacking,CoinIMP (CPU) (0%),ASUS Zenbook UX51VZ,Open Hardware Monitor,1
09:36:12.000,43.0,43.0,44.0,45.0,45.0,3.6,1.1,0.0,0.0,829.0,Idle,Cryptojacking,CoinIMP (CPU) (0%),ASUS Zenbook UX51VZ,Open Hardware Monitor,1
09:36:15.000,39.0,39.0,39.0,39.0,40.0,3.4,0.9,0.0,0.0,832.0,Idle,Cryptojacking,CoinIMP (CPU) (0%),ASUS Zenbook UX51VZ,Open Hardware Monitor,1
09:36:18.000,39.0,39.0,39.0,39.0,45.0,3.3,0.9,0.0,0.0,835.0,Idle,Cryptojacking,CoinIMP (CPU) (0%),ASUS Zenbook UX51VZ,Open Hardware Monitor,1
09:36:21.000,41.0,41.0,41.0,41.0,41.0,3.3,0.9,0.0,0.0,838.0,Idle,Cryptojacking,CoinIMP (CPU) (0%),ASUS Zenbook UX51VZ,Open Hardware Monitor,1
09:36:24.000,42.0,42.0,42.0,42.0,42.0,3.1,0.7,0.0,0.0,841.0,Idle,Cryptojacking,CoinIMP (CPU) (0%),ASUS Zenbook UX51VZ,Open Hardware Monitor,1
09:36:27.000,38.0,38.0,38.0,38.0,39.0,3.1,0.7,0.0,0.0,844.0,Idle,Cryptojacking,CoinIMP (CPU) (0%),ASUS Zenbook UX51VZ,Open Hardware Monitor,1
09:36:30.000,43.0,43.0,43.0,43.0,43.0,3.3,0.9,0.0,0.0,847.0,Idle,Cryptojacking,CoinIMP (CPU) (0%),ASUS Zenbook UX51VZ,Open Hardware Monitor,1
09:36:33.000,43.0,43.0,43.0,43.0,43.0,3.6,1.1,0.0,0.0,850.0,Idle,Cryptojacking,CoinIMP (CPU) (0%),ASUS Zenbook UX51VZ,Open Hardware Monitor,1
09:36:36.000,44.0,43.0,43.0,44.0,44.0,3.1,0.7,0.0,0.0,853.0,Idle,Cryptojacking,CoinIMP (CPU) (0%),ASUS Zenbook UX51VZ,Open Hardware Monitor,1
09:36:39.000,38.0,38.0,38.0,38.0,39.0,3.1,0.7,0.0,0.0,856.0,Idle,Cryptojacking,CoinIMP (CPU) (0%),ASUS Zenbook UX51VZ,Open Hardware Monitor,1
09:36:42.000,41.0,41.0,41.0,41.0,41.0,3.6,1.1,0.0,0.0,859.0,Idle,Cryptojacking,CoinIMP (CPU) (0%),ASUS Zenbook UX51VZ,Open Hardware Monitor,1
09:36:45.000,39.0,39.0,39.0,39.0,39.0,3.2,0.8,0.0,0.0,862.0,Idle,Cryptojacking,CoinIMP (CPU) (0%),ASUS Zenbook UX51VZ,Open Hardware Monitor,1
09:36:48.000,42.0,42.0,42.0,42.0,42.0,3.2,0.8,0.0,0.0,865.0,Idle,Cryptojacking,CoinIMP (CPU) (0%),ASUS Zenbook UX51VZ,Open Hardware Monitor,1
09:36:51.000,39.0,39.0,39.0,39.0,40.0,3.1,0.7,0.0,0.0,868.0,Idle,Cryptojacking,CoinIMP (CPU) (0%),ASUS Zenbook UX51VZ,Open Hardware Monitor,1
09:36:54.000,39.0,39.0,39.0,39.0,39.0,3.4,1.0,0.0,0.0,871.0,Idle,Cryptojacking,CoinIMP (CPU) (0%),ASUS Zenbook UX51VZ,Open Hardware Monitor,1
09:36:57.000,38.0,38.0,38.0,38.0,39.0,3.5,1.0,0.0,0.0,874.0,Idle,Cryptojacking,CoinIMP (CPU) (0%),ASUS Zenbook UX51VZ,Open Hardware Monitor,1
09:37:00.000,43.0,43.0,43.0,43.0,43.0,3.2,0.8,0.0,0.0,877.0,Idle,Cryptojacking,CoinIMP (CPU) (0%),ASUS Zenbook UX51VZ,Open Hardware Monitor,1
09:37:03.000,44.0,44.0,44.0,45.0,45.0,3.3,0.9,0.0,0.0,880.0,Idle,Cryptojacking,CoinIMP (CPU) (0%),ASUS Zenbook UX51VZ,Open Hardware Monitor,1
09:37:06.000,40.0,40.0,40.0,40.0,40.0,3.1,0.7,0.0,0.0,883.0,Idle,Cryptojacking,CoinIMP (CPU) (0%),ASUS Zenbook UX51VZ,Open Hardware Monitor,1
09:37:09.000,38.0,38.0,37.0,37.0,39.0,3.2,0.8,0.0,0.0,886.0,Idle,Cryptojacking,CoinIMP (CPU) (0%),ASUS Zenbook UX51VZ,Open Hardware Monitor,1
09:37:12.000,41.0,41.0,41.0,41.0,41.0,3.1,0.7,0.0,0.0,889.0,Idle,Cryptojacking,CoinIMP (CPU) (0%),ASUS Zenbook UX51VZ,Open Hardware Monitor,1
09:37:15.000,43.0,43.0,43.0,43.0,43.0,3.2,0.8,0.0,0.0,892.0,Idle,Cryptojacking,CoinIMP (CPU) (0%),ASUS Zenbook UX51VZ,Open Hardware Monitor,1
09:37:18.000,41.0,41.0,41.0,41.0,41.0,3.3,0.9,0.0,0.0,895.0,Idle,Cryptojacking,CoinIMP (CPU) (0%),ASUS Zenbook UX51VZ,Open Hardware Monitor,1
09:37:21.000,44.0,44.0,44.0,44.0,44.0,3.3,0.9,0.0,0.0,898.0,Idle,Cryptojacking,CoinIMP (CPU) (0%),ASUS Zenbook UX51VZ,Open Hardware Monitor,1
09:37:24.000,40.0,40.0,40.0,40.0,40.0,3.1,0.7,0.0,0.0,901.0,Idle,Cryptojacking,CoinIMP (CPU) (0%),ASUS Zenbook UX51VZ,Open Hardware Monitor,1
09:37:27.000,39.0,39.0,39.0,39.0,40.0,4.0,1.6,0.0,0.0,904.0,Idle,Cryptojacking,CoinIMP (CPU) (0%),ASUS Zenbook UX51VZ,Open Hardware Monitor,1
09:37:30.000,42.0,42.0,42.0,42.0,42.0,3.3,0.9,0.0,0.0,907.0,Idle,Cryptojacking,CoinIMP (CPU) (0%),ASUS Zenbook UX51VZ,Open Hardware Monitor,1
09:37:33.000,42.0,42.0,42.0,42.0,42.0,3.2,0.8,0.0,0.0,910.0,Idle,Cryptojacking,CoinIMP (CPU) (0%),ASUS Zenbook UX51VZ,Open Hardware Monitor,1
09:37:36.000,39.0,39.0,39.0,39.0,39.0,3.1,0.7,0.0,0.0,913.0,Idle,Cryptojacking,CoinIMP (CPU) (0%),ASUS Zenbook UX51VZ,Open Hardware Monitor,1
09:37:39.000,41.0,41.0,41.0,41.0,41.0,3.2,0.8,0.0,0.0,916.0,Idle,Cryptojacking,CoinIMP (CPU) (0%),ASUS Zenbook UX51VZ,Open Hardware Monitor,1
09:37:42.000,43.0,43.0,43.0,43.0,43.0,4.0,1.5,0.0,0.0,919.0,Idle,Cryptojacking,CoinIMP (CPU) (0%),ASUS Zenbook UX51VZ,Open Hardware Monitor,1
09:37:45.000,47.0,47.0,45.0,47.0,47.0,3.6,1.2,0.0,0.0,922.0,Idle,Cryptojacking,CoinIMP (CPU) (0%),ASUS Zenbook UX51VZ,Open Hardware Monitor,1
09:37:48.000,39.0,39.0,39.0,39.0,40.0,4.7,1.5,0.0,49.0,925.0,Idle,Cryptojacking,CoinIMP (CPU) (0%),ASUS Zenbook UX51VZ,Open Hardware Monitor,1
09:37:51.000,40.0,40.0,43.0,46.0,47.0,6.4,3.3,0.0,46.0,928.0,Idle,Cryptojacking,CoinIMP (CPU) (0%),ASUS Zenbook UX51VZ,Open Hardware Monitor,1
09:37:54.000,40.0,40.0,40.0,46.0,46.0,3.5,1.1,0.0,0.0,931.0,Idle,Cryptojacking,CoinIMP (CPU) (0%),ASUS Zenbook UX51VZ,Open Hardware Monitor,1
09:37:57.000,45.0,46.0,45.0,46.0,46.0,3.4,1.0,0.0,0.0,934.0,Idle,Cryptojacking,CoinIMP (CPU) (0%),ASUS Zenbook UX51VZ,Open Hardware Monitor,1
09:38:00.000,40.0,40.0,40.0,40.0,46.0,3.5,1.1,0.0,0.0,937.0,Idle,Cryptojacking,CoinIMP (CPU) (0%),ASUS Zenbook UX51VZ,Open Hardware Monitor,1
09:38:04.000,44.0,44.0,44.0,44.0,44.0,2.9,0.6,0.0,0.0,941.0,Idle,Cryptojacking,CoinIMP (CPU) (0%),ASUS Zenbook UX51VZ,Open Hardware Monitor,1
09:38:07.000,38.0,38.0,38.0,38.0,39.0,3.4,1.0,0.0,0.0,944.0,Idle,Cryptojacking,CoinIMP (CPU) (0%),ASUS Zenbook UX51VZ,Open Hardware Monitor,1
09:38:10.000,39.0,39.0,39.0,39.0,46.0,3.2,0.8,0.0,0.0,947.0,Idle,Cryptojacking,CoinIMP (CPU) (0%),ASUS Zenbook UX51VZ,Open Hardware Monitor,1
09:38:13.000,39.0,39.0,39.0,39.0,41.0,3.1,0.7,0.0,0.0,950.0,Idle,Cryptojacking,CoinIMP (CPU) (0%),ASUS Zenbook UX51VZ,Open Hardware Monitor,1
09:38:16.000,39.0,39.0,39.0,39.0,46.0,3.3,0.8,0.0,0.0,953.0,Idle,Cryptojacking,CoinIMP (CPU) (0%),ASUS Zenbook UX51VZ,Open Hardware Monitor,1
09:38:19.000,45.0,46.0,45.0,46.0,46.0,3.3,0.9,0.0,0.0,956.0,Idle,Cryptojacking,CoinIMP (CPU) (0%),ASUS Zenbook UX51VZ,Open Hardware Monitor,1
09:38:22.000,40.0,40.0,40.0,40.0,40.0,2.9,0.5,0.0,0.0,959.0,Idle,Cryptojacking,CoinIMP (CPU) (0%),ASUS Zenbook UX51VZ,Open Hardware Monitor,1
09:38:25.000,43.0,43.0,43.0,43.0,43.0,3.4,1.0,0.0,0.0,962.0,Idle,Cryptojacking,CoinIMP (CPU) (0%),ASUS Zenbook UX51VZ,Open Hardware Monitor,1
09:38:28.000,39.0,39.0,39.0,39.0,40.0,3.5,1.1,0.0,0.0,965.0,Idle,Cryptojacking,CoinIMP (CPU) (0%),ASUS Zenbook UX51VZ,Open Hardware Monitor,1
09:38:31.000,39.0,39.0,39.0,39.0,40.0,3.3,0.9,0.0,0.0,968.0,Idle,Cryptojacking,CoinIMP (CPU) (0%),ASUS Zenbook UX51VZ,Open Hardware Monitor,1
09:38:34.000,39.0,39.0,39.0,39.0,46.0,3.4,0.9,0.0,0.0,971.0,Idle,Cryptojacking,CoinIMP (CPU) (0%),ASUS Zenbook UX51VZ,Open Hardware Monitor,1
09:38:37.000,42.0,42.0,42.0,42.0,42.0,3.4,1.0,0.0,0.0,974.0,Idle,Cryptojacking,CoinIMP (CPU) (0%),ASUS Zenbook UX51VZ,Open Hardware Monitor,1
09:38:40.000,41.0,41.0,41.0,41.0,41.0,3.0,0.6,0.0,0.0,977.0,Idle,Cryptojacking,CoinIMP (CPU) (0%),ASUS Zenbook UX51VZ,Open Hardware Monitor,1
09:38:43.000,44.0,44.0,43.0,45.0,45.0,3.3,0.9,0.0,0.0,980.0,Idle,Cryptojacking,CoinIMP (CPU) (0%),ASUS Zenbook UX51VZ,Open Hardware Monitor,1
09:38:46.000,39.0,39.0,39.0,39.0,40.0,3.3,0.9,0.0,0.0,983.0,Idle,Cryptojacking,CoinIMP (CPU) (0%),ASUS Zenbook UX51VZ,Open Hardware Monitor,1
09:38:49.000,42.0,42.0,42.0,46.0,46.0,3.2,0.8,0.0,0.0,986.0,Idle,Cryptojacking,CoinIMP (CPU) (0%),ASUS Zenbook UX51VZ,Open Hardware Monitor,1
09:38:52.000,38.0,38.0,38.0,38.0,39.0,3.2,0.8,0.0,0.0,989.0,Idle,Cryptojacking,CoinIMP (CPU) (0%),ASUS Zenbook UX51VZ,Open Hardware Monitor,1
09:38:55.000,39.0,39.0,39.0,39.0,39.0,3.3,0.9,0.0,0.0,992.0,Idle,Cryptojacking,CoinIMP (CPU) (0%),ASUS Zenbook UX51VZ,Open Hardware Monitor,1
09:38:58.000,40.0,40.0,40.0,40.0,40.0,2.8,0.4,0.0,0.0,995.0,Idle,Cryptojacking,CoinIMP (CPU) (0%),ASUS Zenbook UX51VZ,Open Hardware Monitor,1
09:39:01.000,46.0,46.0,46.0,46.0,46.0,4.9,1.7,0.0,49.0,998.0,Idle,Cryptojacking,CoinIMP (CPU) (0%),ASUS Zenbook UX51VZ,Open Hardware Monitor,1
09:39:04.000,46.0,46.0,46.0,46.0,46.0,3.9,1.5,0.0,0.0,1001.0,Idle,Cryptojacking,CoinIMP (CPU) (0%),ASUS Zenbook UX51VZ,Open Hardware Monitor,1
09:39:07.000,45.0,45.0,45.0,45.0,45.0,3.0,0.6,0.0,0.0,1004.0,Idle,Cryptojacking,CoinIMP (CPU) (0%),ASUS Zenbook UX51VZ,Open Hardware Monitor,1
09:39:10.000,40.0,40.0,40.0,40.0,41.0,3.4,1.0,0.0,0.0,1007.0,Idle,Cryptojacking,CoinIMP (CPU) (0%),ASUS Zenbook UX51VZ,Open Hardware Monitor,1
09:39:13.000,45.0,45.0,44.0,47.0,47.0,3.8,1.3,0.0,0.0,1010.0,Idle,Cryptojacking,CoinIMP (CPU) (0%),ASUS Zenbook UX51VZ,Open Hardware Monitor,1
09:39:16.000,42.0,42.0,42.0,42.0,42.0,3.0,0.6,0.0,0.0,1013.0,Idle,Cryptojacking,CoinIMP (CPU) (0%),ASUS Zenbook UX51VZ,Open Hardware Monitor,1
09:39:19.000,40.0,40.0,40.0,46.0,46.0,3.5,1.1,0.0,0.0,1016.0,Idle,Cryptojacking,CoinIMP (CPU) (0%),ASUS Zenbook UX51VZ,Open Hardware Monitor,1
09:39:22.000,43.0,43.0,43.0,43.0,43.0,3.4,1.0,0.0,0.0,1019.0,Idle,Cryptojacking,CoinIMP (CPU) (0%),ASUS Zenbook UX51VZ,Open Hardware Monitor,1
09:39:25.000,45.0,45.0,45.0,45.0,45.0,3.4,1.0,0.0,0.0,1022.0,Idle,Cryptojacking,CoinIMP (CPU) (0%),ASUS Zenbook UX51VZ,Open Hardware Monitor,1
09:39:28.000,46.0,45.0,43.0,46.0,46.0,4.7,2.3,0.0,0.0,1025.0,Idle,Cryptojacking,CoinIMP (CPU) (0%),ASUS Zenbook UX51VZ,Open Hardware Monitor,1
09:39:31.000,43.0,43.0,43.0,43.0,43.0,3.4,1.0,0.0,0.0,1028.0,Idle,Cryptojacking,CoinIMP (CPU) (0%),ASUS Zenbook UX51VZ,Open Hardware Monitor,1
09:39:34.000,39.0,39.0,39.0,39.0,40.0,3.4,1.0,0.0,0.0,1031.0,Idle,Cryptojacking,CoinIMP (CPU) (0%),ASUS Zenbook UX51VZ,Open Hardware Monitor,1
09:39:37.000,46.0,47.0,45.0,47.0,47.0,3.8,1.3,0.0,0.0,1034.0,Idle,Cryptojacking,CoinIMP (CPU) (0%),ASUS Zenbook UX51VZ,Open Hardware Monitor,1
