Timestamp,Relative Time (s),CPU Usage (%),Memory Usage (%),Disk Read (Mo/s),Disk Write (Mo/s),Network (Ko/s),CPU Temperature (°C),Encrypted Files,Encrypted Disk Usage (%),Encrypted Files Size (Mo),Encryption Speed (o/s),Mode,Attack Type,Attack,Host,Measurement,Run
19:55:37.000,0.0,0.0,20.2,0.0,0.0,0.0,57.4,0,0.0,0.0,0,Idle,Ransomware,Randomware,Raspberry Pi 4B 2GB,System,1
19:55:38.030,1.03,0.0,20.2,0.0,0.0,0.0,57.4,0,0.0,0.0,0,Idle,Ransomware,Randomware,Raspberry Pi 4B 2GB,System,1
19:55:39.050,2.05,0.0,20.2,0.0,0.0,0.0,57.9,0,0.0,0.0,0,Idle,Ransomware,Randomware,Raspberry Pi 4B 2GB,System,1
19:55:40.080,3.08,21.9,20.3,0.0,0.07,0.0,59.4,0,0.0,0.0,0,Idle,Ransomware,Randomware,Raspberry Pi 4B 2GB,System,1
19:55:41.100,4.1,0.0,20.3,0.0,0.0,0.0,57.4,0,0.0,0.0,0,Idle,Ransomware,Randomware,Raspberry Pi 4B 2GB,System,1
19:55:42.130,5.13,0.0,20.3,0.0,0.0,0.0,57.9,0,0.0,0.0,0,Idle,Ransomware,Randomware,Raspberry Pi 4B 2GB,System,1
19:55:43.180,6.18,0.0,20.3,0.0,0.0,0.0,57.4,0,0.0,0.0,0,Idle,Ransomware,Randomware,Raspberry Pi 4B 2GB,System,1
19:55:44.240,7.24,2.5,20.3,0.0,0.0,0.0,57.9,0,0.0,0.0,0,Idle,Ransomware,Randomware,Raspberry Pi 4B 2GB,System,1
19:55:45.300,8.3,0.0,20.3,0.0,0.05,0.0,58.9,0,0.0,0.0,0,Idle,Ransomware,Randomware,Raspberry Pi 4B 2GB,System,1
19:55:46.360,9.36,0.0,20.3,0.0,0.0,0.0,58.9,0,0.0,0.0,0,Idle,Ransomware,Randomware,Raspberry Pi 4B 2GB,System,1
19:55:47.420,10.42,0.0,20.3,0.0,0.0,0.0,57.9,0,0.0,0.0,0,Idle,Ransomware,Randomware,Raspberry Pi 4B 2GB,System,1
19:55:48.470,11.47,0.0,20.2,0.0,0.02,0.0,57.9,0,0.0,0.0,0,Idle,Ransomware,Randomware,Raspberry Pi 4B 2GB,System,1
19:55:49.520,12.52,0.0,20.2,0.0,0.0,0.0,57.4,0,0.0,0.0,0,Idle,Ransomware,Randomware,Raspberry Pi 4B 2GB,System,1
19:55:50.570,13.57,0.0,20.3,0.0,0.0,0.0,57.4,0,0.0,0.0,0,Idle,Ransomware,Randomware,Raspberry Pi 4B 2GB,System,1
19:55:51.630,14.63,0.0,20.3,0.0,0.0,0.0,57.4,0,0.0,0.0,0,Idle,Ransomware,Randomware,Raspberry Pi 4B 2GB,System,1
19:55:52.690,15.69,0.0,20.3,0.0,0.0,0.0,57.4,0,0.0,0.0,0,Idle,Ransomware,Randomware,Raspberry Pi 4B 2GB,System,1
19:55:53.750,16.75,0.0,20.3,0.0,0.0,0.0,57.4,0,0.0,0.0,0,Idle,Ransomware,Randomware,Raspberry Pi 4B 2GB,System,1
19:55:54.800,17.8,0.0,20.3,0.0,0.0,0.0,57.9,0,0.0,0.0,0,Idle,Ransomware,Randomware,Raspberry Pi 4B 2GB,System,1
19:55:55.860,18.86,0.0,20.2,0.0,0.03,0.0,57.4,0,0.0,0.0,0,Idle,Ransomware,Randomware,Raspberry Pi 4B 2GB,System,1
19:55:56.920,19.92,0.5,20.2,0.0,0.0,0.0,57.4,0,0.0,0.0,0,Idle,Ransomware,Randomware,Raspberry Pi 4B 2GB,System,1
19:55:57.970,20.97,0.0,20.2,0.0,0.0,0.0,56.9,0,0.0,0.0,0,Idle,Ransomware,Randomware,Raspberry Pi 4B 2GB,System,1
19:55:59.030,22.03,0.0,20.2,0.0,0.0,0.0,57.4,0,0.0,0.0,0,Idle,Ransomware,Randomware,Raspberry Pi 4B 2GB,System,1
19:56:00.080,23.08,0.5,20.2,0.0,0.02,0.0,56.9,0,0.0,0.0,0,Idle,Ransomware,Randomware,Raspberry Pi 4B 2GB,System,1
19:56:01.130,24.13,0.0,20.2,0.0,0.0,0.0,57.4,0,0.0,0.0,0,Idle,Ransomware,Randomware,Raspberry Pi 4B 2GB,System,1
19:56:02.190,25.19,0.0,20.2,0.0,0.0,0.0,57.9,0,0.0,0.0,0,Idle,Ransomware,Randomware,Raspberry Pi 4B 2GB,System,1
19:56:03.250,26.25,0.0,20.2,0.0,0.0,0.0,57.4,0,0.0,0.0,0,Idle,Ransomware,Randomware,Raspberry Pi 4B 2GB,System,1
19:56:04.300,27.3,0.0,20.2,0.0,0.0,0.0,56.4,0,0.0,0.0,0,Idle,Ransomware,Randomware,Raspberry Pi 4B 2GB,System,1
19:56:05.360,28.36,0.0,20.2,0.0,0.0,0.0,57.4,0,0.0,0.0,0,Idle,Ransomware,Randomware,Raspberry Pi 4B 2GB,System,1
19:56:06.410,29.41,0.5,20.3,0.0,0.01,0.0,56.9,0,0.0,0.0,0,Idle,Ransomware,Randomware,Raspberry Pi 4B 2GB,System,1
19:56:07.470,30.47,0.0,20.2,0.0,0.0,0.0,56.9,0,0.0,0.0,0,Idle,Ransomware,Randomware,Raspberry Pi 4B 2GB,System,1
19:56:08.530,31.53,0.5,20.2,0.0,0.0,0.0,57.9,0,0.0,0.0,0,Idle,Ransomware,Randomware,Raspberry Pi 4B 2GB,System,1
19:56:09.590,32.59,0.0,20.2,0.0,0.0,0.0,57.4,0,0.0,0.0,0,Idle,Ransomware,Randomware,Raspberry Pi 4B 2GB,System,1
19:56:10.640,33.64,0.5,20.2,0.0,0.05,0.0,56.9,0,0.0,0.0,0,Idle,Ransomware,Randomware,Raspberry Pi 4B 2GB,System,1
19:56:11.700,34.7,0.5,20.2,0.0,0.0,0.0,57.4,0,0.0,0.0,0,Idle,Ransomware,Randomware,Raspberry Pi 4B 2GB,System,1
19:56:12.760,35.76,0.0,20.2,0.0,0.05,0.0,56.9,0,0.0,0.0,0,Idle,Ransomware,Randomware,Raspberry Pi 4B 2GB,System,1
19:56:13.820,36.82,0.5,20.2,0.0,0.0,0.0,57.9,0,0.0,0.0,0,Idle,Ransomware,Randomware,Raspberry Pi 4B 2GB,System,1
19:56:14.870,37.87,0.0,20.2,0.0,0.0,0.0,57.4,0,0.0,0.0,0,Idle,Ransomware,Randomware,Raspberry Pi 4B 2GB,System,1
19:56:15.930,38.93,0.0,20.2,0.0,0.16,0.0,57.4,0,0.0,0.0,0,Idle,Ransomware,Randomware,Raspberry Pi 4B 2GB,System,1
19:56:16.990,39.99,0.0,20.2,0.0,0.0,0.0,57.9,0,0.0,0.0,0,Idle,Ransomware,Randomware,Raspberry Pi 4B 2GB,System,1
19:56:18.040,41.04,0.0,20.2,0.0,0.0,0.0,57.4,0,0.0,0.0,0,Idle,Ransomware,Randomware,Raspberry Pi 4B 2GB,System,1
19:56:19.100,42.1,0.0,20.2,0.0,0.0,0.0,58.4,0,0.0,0.0,0,Idle,Ransomware,Randomware,Raspberry Pi 4B 2GB,System,1
19:56:20.150,43.15,0.0,20.2,0.0,0.0,0.0,58.4,0,0.0,0.0,0,Idle,Ransomware,Randomware,Raspberry Pi 4B 2GB,System,1
19:56:21.210,44.21,0.0,20.2,0.0,0.14,0.0,57.9,0,0.0,0.0,0,Idle,Ransomware,Randomware,Raspberry Pi 4B 2GB,System,1
19:56:22.260,45.26,0.5,20.2,0.0,0.0,0.0,57.4,0,0.0,0.0,0,Idle,Ransomware,Randomware,Raspberry Pi 4B 2GB,System,1
19:56:23.320,46.32,0.5,20.2,0.0,0.0,0.0,57.9,0,0.0,0.0,0,Idle,Ransomware,Randomware,Raspberry Pi 4B 2GB,System,1
19:56:24.370,47.37,2.0,20.2,0.0,0.02,0.0,57.4,0,0.0,0.0,0,Idle,Ransomware,Randomware,Raspberry Pi 4B 2GB,System,1
19:56:25.420,48.42,1.5,20.2,0.0,0.0,0.0,57.9,0,0.0,0.0,0,Idle,Ransomware,Randomware,Raspberry Pi 4B 2GB,System,1
19:56:26.480,49.48,0.0,20.2,0.0,0.12,0.0,57.4,0,0.0,0.0,0,Idle,Ransomware,Randomware,Raspberry Pi 4B 2GB,System,1
19:56:27.530,50.53,0.0,20.2,0.0,0.0,0.0,57.9,0,0.0,0.0,0,Idle,Ransomware,Randomware,Raspberry Pi 4B 2GB,System,1
19:56:28.590,51.59,0.5,20.2,0.0,0.0,0.0,57.4,0,0.0,0.0,0,Idle,Ransomware,Randomware,Raspberry Pi 4B 2GB,System,1
19:56:29.650,52.65,0.0,20.2,0.0,0.03,0.0,57.4,0,0.0,0.0,0,Idle,Ransomware,Randomware,Raspberry Pi 4B 2GB,System,1
19:56:30.710,53.71,0.0,20.2,0.0,0.0,0.0,57.9,0,0.0,0.0,0,Idle,Ransomware,Randomware,Raspberry Pi 4B 2GB,System,1
19:56:31.760,54.76,0.5,20.2,0.0,0.05,0.0,57.9,0,0.0,0.0,0,Idle,Ransomware,Randomware,Raspberry Pi 4B 2GB,System,1
19:56:32.820,55.82,0.0,20.2,0.0,0.0,0.0,56.9,0,0.0,0.0,0,Idle,Ransomware,Randomware,Raspberry Pi 4B 2GB,System,1
19:56:33.880,56.88,0.0,20.2,0.0,0.0,0.0,57.9,0,0.0,0.0,0,Idle,Ransomware,Randomware,Raspberry Pi 4B 2GB,System,1
19:56:34.930,57.93,0.5,20.2,0.0,0.0,0.0,57.4,0,0.0,0.0,0,Idle,Ransomware,Randomware,Raspberry Pi 4B 2GB,System,1
19:56:35.990,58.99,0.0,20.2,0.0,0.03,0.0,57.4,0,0.0,0.0,0,Idle,Ransomware,Randomware,Raspberry Pi 4B 2GB,System,1
19:56:37.050,60.05,0.5,20.2,0.0,0.0,0.0,57.4,0,0.0,0.0,0,Idle,Ransomware,Randomware,Raspberry Pi 4B 2GB,System,1
19:56:38.100,61.1,0.0,20.2,0.0,0.06,0.0,56.9,0,0.0,0.0,0,Idle,Ransomware,Randomware,Raspberry Pi 4B 2GB,System,1
19:56:39.160,62.16,0.0,20.2,0.0,0.0,0.0,57.4,0,0.0,0.0,0,Idle,Ransomware,Randomware,Raspberry Pi 4B 2GB,System,1
19:56:40.220,63.22,0.0,20.2,0.0,0.0,0.0,57.4,0,0.0,0.0,0,Idle,Ransomware,Randomware,Raspberry Pi 4B 2GB,System,1
19:56:41.270,64.27,0.0,20.2,0.0,0.0,0.0,57.4,0,0.0,0.0,0,Idle,Ransomware,Randomware,Raspberry Pi 4B 2GB,System,1
19:56:42.330,65.33,0.0,20.2,0.0,0.0,0.0,57.9,0,0.0,0.0,0,Idle,Ransomware,Randomware,Raspberry Pi 4B 2GB,System,1
19:56:43.380,66.38,0.5,20.2,0.0,0.03,0.0,57.9,0,0.0,0.0,0,Idle,Ransomware,Randomware,Raspberry Pi 4B 2GB,System,1
19:56:44.440,67.44,0.0,20.2,0.0,0.1,0.0,58.4,0,0.0,0.0,0,Idle,Ransomware,Randomware,Raspberry Pi 4B 2GB,System,1
19:56:45.500,68.5,0.0,20.2,0.0,0.0,0.0,58.4,0,0.0,0.0,0,Idle,Ransomware,Randomware,Raspberry Pi 4B 2GB,System,1
19:56:46.550,69.55,0.0,20.2,0.0,0.0,0.0,57.9,0,0.0,0.0,0,Idle,Ransomware,Randomware,Raspberry Pi 4B 2GB,System,1
19:56:47.610,70.61,0.5,20.2,0.0,0.0,0.0,57.9,0,0.0,0.0,0,Idle,Ransomware,Randomware,Raspberry Pi 4B 2GB,System,1
19:56:48.670,71.67,0.0,20.2,0.0,0.0,0.0,57.4,0,0.0,0.0,0,Idle,Ransomware,Randomware,Raspberry Pi 4B 2GB,System,1
19:56:49.720,72.72,0.0,20.2,0.0,0.07,0.0,57.4,0,0.0,0.0,0,Idle,Ransomware,Randomware,Raspberry Pi 4B 2GB,System,1
19:56:50.780,73.78,0.0,20.2,0.0,0.0,0.0,56.9,0,0.0,0.0,0,Idle,Ransomware,Randomware,Raspberry Pi 4B 2GB,System,1
19:56:51.830,74.83,0.0,20.2,0.0,0.0,0.0,57.9,0,0.0,0.0,0,Idle,Ransomware,Randomware,Raspberry Pi 4B 2GB,System,1
19:56:52.890,75.89,0.0,20.2,0.0,0.0,0.0,57.4,0,0.0,0.0,0,Idle,Ransomware,Randomware,Raspberry Pi 4B 2GB,System,1
19:56:53.950,76.95,0.0,20.2,0.0,0.0,0.0,57.4,0,0.0,0.0,0,Idle,Ransomware,Randomware,Raspberry Pi 4B 2GB,System,1
19:56:55.000,78.0,0.0,20.2,0.0,0.04,0.0,57.9,0,0.0,0.0,0,Idle,Ransomware,Randomware,Raspberry Pi 4B 2GB,System,1
19:56:56.060,79.06,0.0,20.2,0.0,0.03,0.0,56.9,0,0.0,0.0,0,Idle,Ransomware,Randomware,Raspberry Pi 4B 2GB,System,1
19:56:57.120,80.12,0.0,20.2,0.0,0.0,0.0,56.9,0,0.0,0.0,0,Idle,Ransomware,Randomware,Raspberry Pi 4B 2GB,System,1
19:56:58.170,81.17,0.0,20.2,0.0,0.0,0.0,57.9,0,0.0,0.0,0,Idle,Ransomware,Randomware,Raspberry Pi 4B 2GB,System,1
19:56:59.230,82.23,0.0,20.2,0.0,0.0,0.0,56.9,0,0.0,0.0,0,Idle,Ransomware,Randomware,Raspberry Pi 4B 2GB,System,1
19:57:00.290,83.29,1.0,20.2,0.0,0.09,0.0,58.4,0,0.0,0.0,0,Idle,Ransomware,Randomware,Raspberry Pi 4B 2GB,System,1
19:57:01.340,84.34,0.0,20.2,0.0,0.0,0.0,58.4,0,0.0,0.0,0,Idle,Ransomware,Randomware,Raspberry Pi 4B 2GB,System,1
19:57:02.400,85.4,0.0,20.2,0.0,0.03,0.0,58.4,0,0.0,0.0,0,Idle,Ransomware,Randomware,Raspberry Pi 4B 2GB,System,1
19:57:03.450,86.45,0.0,20.2,0.0,0.0,0.0,56.9,0,0.0,0.0,0,Idle,Ransomware,Randomware,Raspberry Pi 4B 2GB,System,1
19:57:04.510,87.51,0.0,20.2,0.0,0.0,0.0,57.9,0,0.0,0.0,0,Idle,Ransomware,Randomware,Raspberry Pi 4B 2GB,System,1
19:57:05.570,88.57,0.0,20.2,0.0,0.04,0.0,57.9,0,0.0,0.0,0,Idle,Ransomware,Randomware,Raspberry Pi 4B 2GB,System,1
19:57:06.620,89.62,0.5,20.2,0.0,0.02,0.0,56.4,0,0.0,0.0,0,Idle,Ransomware,Randomware,Raspberry Pi 4B 2GB,System,1
19:57:07.680,90.68,0.0,20.2,0.0,0.0,0.0,56.4,0,0.0,0.0,0,Idle,Ransomware,Randomware,Raspberry Pi 4B 2GB,System,1
19:57:08.730,91.73,0.0,20.2,0.0,0.04,0.0,58.4,0,0.0,0.0,0,Idle,Ransomware,Randomware,Raspberry Pi 4B 2GB,System,1
19:57:09.790,92.79,0.0,20.2,0.0,0.0,0.0,57.9,0,0.0,0.0,0,Idle,Ransomware,Randomware,Raspberry Pi 4B 2GB,System,1
19:57:10.850,93.85,0.5,20.2,0.0,0.0,0.0,58.4,0,0.0,0.0,0,Idle,Ransomware,Randomware,Raspberry Pi 4B 2GB,System,1
19:57:11.910,94.91,0.0,20.2,0.0,0.07,0.0,56.9,0,0.0,0.0,0,Idle,Ransomware,Randomware,Raspberry Pi 4B 2GB,System,1
19:57:12.960,95.96,0.0,20.2,0.0,0.0,0.0,58.4,0,0.0,0.0,0,Idle,Ransomware,Randomware,Raspberry Pi 4B 2GB,System,1
19:57:14.020,97.02,0.0,20.2,0.0,0.02,0.0,56.4,0,0.0,0.0,0,Idle,Ransomware,Randomware,Raspberry Pi 4B 2GB,System,1
19:57:15.070,98.07,0.0,20.2,0.0,0.0,0.0,57.4,0,0.0,0.0,0,Idle,Ransomware,Randomware,Raspberry Pi 4B 2GB,System,1
19:57:16.130,99.13,0.0,20.2,0.0,0.0,0.0,57.9,0,0.0,0.0,0,Idle,Ransomware,Randomware,Raspberry Pi 4B 2GB,System,1
19:57:17.190,100.19,0.0,20.2,0.0,0.0,0.0,57.9,0,0.0,0.0,0,Idle,Ransomware,Randomware,Raspberry Pi 4B 2GB,System,1
19:57:18.240,101.24,0.5,20.2,0.0,0.13,0.0,57.9,0,0.0,0.0,0,Idle,Ransomware,Randomware,Raspberry Pi 4B 2GB,System,1
19:57:19.300,102.3,0.0,20.2,0.0,0.0,0.0,57.4,0,0.0,0.0,0,Idle,Ransomware,Randomware,Raspberry Pi 4B 2GB,System,1
19:57:20.350,103.35,0.0,20.2,0.0,0.0,0.0,57.9,0,0.0,0.0,0,Idle,Ransomware,Randomware,Raspberry Pi 4B 2GB,System,1
19:57:21.410,104.41,0.0,20.2,0.0,0.0,0.0,58.4,0,0.0,0.0,0,Idle,Ransomware,Randomware,Raspberry Pi 4B 2GB,System,1
19:57:22.470,105.47,0.0,20.2,0.0,0.0,0.0,57.4,0,0.0,0.0,0,Idle,Ransomware,Randomware,Raspberry Pi 4B 2GB,System,1
19:57:23.520,106.52,0.0,20.2,0.0,0.1,0.0,56.9,0,0.0,0.0,0,Idle,Ransomware,Randomware,Raspberry Pi 4B 2GB,System,1
19:57:24.580,107.58,1.0,20.2,0.0,0.03,0.0,57.4,0,0.0,0.0,0,Idle,Ransomware,Randomware,Raspberry Pi 4B 2GB,System,1
19:57:25.630,108.63,0.5,20.2,0.0,0.0,0.0,57.9,0,0.0,0.0,0,Idle,Ransomware,Randomware,Raspberry Pi 4B 2GB,System,1
19:57:26.690,109.69,0.0,20.2,0.0,0.0,0.0,58.4,0,0.0,0.0,0,Idle,Ransomware,Randomware,Raspberry Pi 4B 2GB,System,1
19:57:27.740,110.74,0.0,20.2,0.0,0.0,0.0,57.4,0,0.0,0.0,0,Idle,Ransomware,Randomware,Raspberry Pi 4B 2GB,System,1
19:57:28.800,111.8,0.5,20.2,0.0,0.11,0.0,58.4,0,0.0,0.0,0,Idle,Ransomware,Randomware,Raspberry Pi 4B 2GB,System,1
19:57:29.860,112.86,0.0,20.2,0.0,0.0,0.0,57.4,0,0.0,0.0,0,Idle,Ransomware,Randomware,Raspberry Pi 4B 2GB,System,1
19:57:30.920,113.92,0.0,20.2,0.0,0.04,0.0,57.9,0,0.0,0.0,0,Idle,Ransomware,Randomware,Raspberry Pi 4B 2GB,System,1
19:57:31.970,114.97,0.0,20.2,0.0,0.0,0.0,57.4,0,0.0,0.0,0,Idle,Ransomware,Randomware,Raspberry Pi 4B 2GB,System,1
19:57:33.030,116.03,0.0,20.2,0.0,0.0,0.0,57.9,0,0.0,0.0,0,Idle,Ransomware,Randomware,Raspberry Pi 4B 2GB,System,1
19:57:34.080,117.08,0.0,20.2,0.0,0.0,0.0,57.4,0,0.0,0.0,0,Idle,Ransomware,Randomware,Raspberry Pi 4B 2GB,System,1
19:57:35.140,118.14,0.0,20.2,0.0,0.0,0.0,57.9,0,0.0,0.0,0,Idle,Ransomware,Randomware,Raspberry Pi 4B 2GB,System,1
19:57:36.200,119.2,0.5,20.2,0.0,0.02,0.0,58.4,0,0.0,0.0,0,Idle,Ransomware,Randomware,Raspberry Pi 4B 2GB,System,1
19:57:37.250,120.25,0.0,20.2,0.0,0.0,0.0,57.4,0,0.0,0.0,0,Attack,Ransomware,Randomware,Raspberry Pi 4B 2GB,System,1
19:57:38.310,121.31,0.0,20.2,0.0,0.0,0.0,57.9,0,0.0,0.0,0,Attack,Ransomware,Randomware,Raspberry Pi 4B 2GB,System,1
19:57:39.370,122.37,0.0,20.2,0.0,0.08,0.0,57.4,0,0.0,0.0,0,Attack,Ransomware,Randomware,Raspberry Pi 4B 2GB,System,1
19:57:40.430,123.43,11.7,20.2,0.01,0.0,0.0,58.9,802,96.9,1.95,2048634,Attack,Ransomware,Randomware,Raspberry Pi 4B 2GB,System,1
19:57:41.460,124.46,0.0,20.2,0.0,0.0,0.0,57.9,802,96.9,1.95,0,Attack,Ransomware,Randomware,Raspberry Pi 4B 2GB,System,1
19:57:42.490,125.49,0.0,20.2,0.0,0.38,0.0,58.4,802,96.9,1.95,0,Attack,Ransomware,Randomware,Raspberry Pi 4B 2GB,System,1
19:57:43.530,126.53,0.0,20.2,0.0,0.0,0.0,57.9,802,96.9,1.95,0,Attack,Ransomware,Randomware,Raspberry Pi 4B 2GB,System,1
19:57:44.560,127.56,0.5,20.2,0.0,3.28,0.0,58.9,802,96.9,1.95,0,Attack,Ransomware,Randomware,Raspberry Pi 4B 2GB,System,1
19:57:45.590,128.59,0.0,20.2,0.0,0.0,0.0,57.9,802,96.9,1.95,0,Attack,Ransomware,Randomware,Raspberry Pi 4B 2GB,System,1
19:57:46.670,129.67,0.0,20.2,0.0,0.0,0.0,58.9,802,96.9,1.95,0,Attack,Ransomware,Randomware,Raspberry Pi 4B 2GB,System,1
19:57:47.740,130.74,0.0,20.2,0.0,0.0,0.0,58.4,802,96.9,1.95,0,Recovery,Ransomware,Randomware,Raspberry Pi 4B 2GB,System,1
19:57:48.830,131.83,0.5,20.2,0.0,0.0,0.0,58.4,802,96.9,1.95,0,Recovery,Ransomware,Randomware,Raspberry Pi 4B 2GB,System,1
19:57:49.910,132.91,0.0,20.2,0.0,0.29,0.0,58.4,802,96.9,1.95,0,Recovery,Ransomware,Randomware,Raspberry Pi 4B 2GB,System,1
19:57:50.980,133.98,0.0,20.2,0.0,0.07,0.0,58.4,802,96.9,1.95,0,Recovery,Ransomware,Randomware,Raspberry Pi 4B 2GB,System,1
19:57:52.070,135.07,0.5,20.2,0.0,0.0,0.0,57.9,802,96.9,1.95,0,Recovery,Ransomware,Randomware,Raspberry Pi 4B 2GB,System,1
19:57:53.150,136.15,0.0,20.2,0.0,0.0,0.0,57.9,802,96.9,1.95,0,Recovery,Ransomware,Randomware,Raspberry Pi 4B 2GB,System,1
19:57:54.230,137.23,0.0,20.2,0.0,0.0,0.0,57.4,802,96.9,1.95,0,Recovery,Ransomware,Randomware,Raspberry Pi 4B 2GB,System,1
19:57:55.320,138.32,0.5,20.2,0.0,0.0,0.0,58.9,802,96.9,1.95,0,Recovery,Ransomware,Randomware,Raspberry Pi 4B 2GB,System,1
19:57:56.400,139.4,0.0,20.2,0.0,0.05,0.0,57.9,802,96.9,1.95,0,Recovery,Ransomware,Randomware,Raspberry Pi 4B 2GB,System,1
19:57:57.480,140.48,0.0,20.2,0.0,0.0,0.0,58.4,802,96.9,1.95,0,Recovery,Ransomware,Randomware,Raspberry Pi 4B 2GB,System,1
19:57:58.560,141.56,1.5,20.2,0.0,0.0,0.0,57.9,802,96.9,1.95,0,Recovery,Ransomware,Randomware,Raspberry Pi 4B 2GB,System,1
19:57:59.640,142.64,2.0,20.2,0.0,0.0,0.0,57.4,802,96.9,1.95,0,Recovery,Ransomware,Randomware,Raspberry Pi 4B 2GB,System,1
19:58:00.710,143.71,0.0,20.2,0.0,0.0,0.0,57.9,802,96.9,1.95,0,Recovery,Ransomware,Randomware,Raspberry Pi 4B 2GB,System,1
19:58:01.790,144.79,0.0,20.2,0.0,0.0,0.0,58.4,802,96.9,1.95,0,Recovery,Ransomware,Randomware,Raspberry Pi 4B 2GB,System,1
19:58:02.860,145.86,0.0,20.2,0.0,0.0,0.0,57.4,802,96.9,1.95,0,Recovery,Ransomware,Randomware,Raspberry Pi 4B 2GB,System,1
19:58:03.940,146.94,0.0,20.2,0.0,0.0,0.0,58.4,802,96.9,1.95,0,Recovery,Ransomware,Randomware,Raspberry Pi 4B 2GB,System,1
19:58:05.030,148.03,1.0,20.2,0.0,0.43,0.0,57.9,802,96.9,1.95,0,Recovery,Ransomware,Randomware,Raspberry Pi 4B 2GB,System,1
19:58:06.100,149.1,0.0,20.2,0.0,0.0,0.0,57.9,802,96.9,1.95,0,Recovery,Ransomware,Randomware,Raspberry Pi 4B 2GB,System,1
19:58:07.170,150.17,0.0,20.2,0.0,0.0,0.0,58.4,802,96.9,1.95,0,Recovery,Ransomware,Randomware,Raspberry Pi 4B 2GB,System,1
19:58:08.260,151.26,0.0,20.2,0.0,0.0,0.0,57.4,802,96.9,1.95,0,Recovery,Ransomware,Randomware,Raspberry Pi 4B 2GB,System,1
19:58:09.340,152.34,0.0,20.2,0.0,0.0,0.0,57.9,802,96.9,1.95,0,Recovery,Ransomware,Randomware,Raspberry Pi 4B 2GB,System,1
19:58:10.420,153.42,0.0,20.2,0.0,0.0,0.0,57.9,802,96.9,1.95,0,Recovery,Ransomware,Randomware,Raspberry Pi 4B 2GB,System,1
19:58:11.500,154.5,0.5,20.2,0.0,0.0,0.0,57.4,802,96.9,1.95,0,Recovery,Ransomware,Randomware,Raspberry Pi 4B 2GB,System,1
19:58:12.590,155.59,0.0,20.2,0.0,0.03,0.0,57.4,802,96.9,1.95,0,Recovery,Ransomware,Randomware,Raspberry Pi 4B 2GB,System,1
19:58:13.670,156.67,0.0,20.2,0.0,0.0,0.0,57.9,802,96.9,1.95,0,Recovery,Ransomware,Randomware,Raspberry Pi 4B 2GB,System,1
19:58:14.750,157.75,2.0,20.2,0.0,0.0,0.0,58.4,802,96.9,1.95,0,Recovery,Ransomware,Randomware,Raspberry Pi 4B 2GB,System,1
19:58:15.790,158.79,3.0,20.2,0.0,0.0,0.0,57.9,802,96.9,1.95,0,Recovery,Ransomware,Randomware,Raspberry Pi 4B 2GB,System,1
19:58:16.820,159.82,5.0,20.2,0.0,0.0,0.0,58.9,802,96.9,1.95,0,Recovery,Ransomware,Randomware,Raspberry Pi 4B 2GB,System,1
19:58:17.860,160.86,0.0,20.2,0.0,0.0,0.0,59.4,802,96.9,1.95,0,Recovery,Ransomware,Randomware,Raspberry Pi 4B 2GB,System,1
19:58:18.890,161.89,0.0,20.2,0.0,0.0,0.0,58.4,802,96.9,1.95,0,Recovery,Ransomware,Randomware,Raspberry Pi 4B 2GB,System,1
19:58:19.960,162.96,3.5,20.2,0.0,0.02,0.0,58.4,802,96.9,1.95,0,Recovery,Ransomware,Randomware,Raspberry Pi 4B 2GB,System,1
19:58:21.030,164.03,3.5,20.2,0.0,0.02,0.0,58.4,802,96.9,1.95,0,Recovery,Ransomware,Randomware,Raspberry Pi 4B 2GB,System,1
19:58:22.100,165.1,5.6,20.2,0.0,0.0,0.0,58.4,802,96.9,1.95,0,Recovery,Ransomware,Randomware,Raspberry Pi 4B 2GB,System,1
19:58:23.160,166.16,0.0,20.2,0.0,0.0,0.0,58.4,802,96.9,1.95,0,Recovery,Ransomware,Randomware,Raspberry Pi 4B 2GB,System,1
19:58:24.240,167.24,3.1,20.2,0.0,0.0,0.0,58.9,802,96.9,1.95,0,Recovery,Ransomware,Randomware,Raspberry Pi 4B 2GB,System,1
19:58:25.300,168.3,0.5,20.2,0.0,0.02,0.0,58.4,802,96.9,1.95,0,Recovery,Ransomware,Randomware,Raspberry Pi 4B 2GB,System,1
19:58:26.370,169.37,0.0,20.2,0.0,0.0,0.0,58.4,802,96.9,1.95,0,Recovery,Ransomware,Randomware,Raspberry Pi 4B 2GB,System,1
19:58:27.460,170.46,1.0,20.2,0.0,0.0,0.0,57.9,802,96.9,1.95,0,Recovery,Ransomware,Randomware,Raspberry Pi 4B 2GB,System,1
19:58:28.530,171.53,0.5,20.2,0.0,0.0,0.0,58.4,802,96.9,1.95,0,Recovery,Ransomware,Randomware,Raspberry Pi 4B 2GB,System,1
19:58:29.600,172.6,0.0,20.2,0.0,0.0,0.0,58.9,802,96.9,1.95,0,Recovery,Ransomware,Randomware,Raspberry Pi 4B 2GB,System,1
19:58:30.690,173.69,0.0,20.2,0.0,0.0,0.0,58.4,802,96.9,1.95,0,Recovery,Ransomware,Randomware,Raspberry Pi 4B 2GB,System,1
19:58:31.770,174.77,1.5,20.2,0.0,0.02,0.0,59.4,802,96.9,1.95,0,Recovery,Ransomware,Randomware,Raspberry Pi 4B 2GB,System,1
19:58:32.850,175.85,0.5,20.2,0.0,0.0,0.0,58.4,802,96.9,1.95,0,Recovery,Ransomware,Randomware,Raspberry Pi 4B 2GB,System,1
19:58:33.930,176.93,2.9,20.2,0.0,0.0,0.0,58.4,802,96.9,1.95,0,Recovery,Ransomware,Randomware,Raspberry Pi 4B 2GB,System,1
19:58:35.010,178.01,0.0,20.2,0.0,0.0,0.0,57.9,802,96.9,1.95,0,Recovery,Ransomware,Randomware,Raspberry Pi 4B 2GB,System,1
19:58:36.050,179.05,0.5,20.2,0.0,0.0,0.0,58.9,802,96.9,1.95,0,Recovery,Ransomware,Randomware,Raspberry Pi 4B 2GB,System,1
19:58:37.080,180.08,0.0,20.2,0.0,0.0,0.0,58.9,802,96.9,1.95,0,Recovery,Ransomware,Randomware,Raspberry Pi 4B 2GB,System,1
19:58:38.110,181.11,0.0,20.2,0.0,0.0,0.0,58.9,802,96.9,1.95,0,Recovery,Ransomware,Randomware,Raspberry Pi 4B 2GB,System,1
19:58:39.150,182.15,0.0,20.2,0.0,0.0,0.0,59.4,802,96.9,1.95,0,Recovery,Ransomware,Randomware,Raspberry Pi 4B 2GB,System,1
19:58:40.220,183.22,0.0,20.2,0.0,0.0,0.0,58.4,802,96.9,1.95,0,Recovery,Ransomware,Randomware,Raspberry Pi 4B 2GB,System,1
19:58:41.310,184.31,0.0,20.2,0.0,0.13,0.0,58.9,802,96.9,1.95,0,Recovery,Ransomware,Randomware,Raspberry Pi 4B 2GB,System,1
19:58:42.380,185.38,0.5,20.2,0.0,0.0,0.0,59.4,802,96.9,1.95,0,Recovery,Ransomware,Randomware,Raspberry Pi 4B 2GB,System,1
19:58:43.460,186.46,3.1,20.2,0.0,0.0,0.0,59.4,802,96.9,1.95,0,Recovery,Ransomware,Randomware,Raspberry Pi 4B 2GB,System,1
19:58:44.500,187.5,2.0,20.2,0.0,0.0,0.0,58.9,802,96.9,1.95,0,Recovery,Ransomware,Randomware,Raspberry Pi 4B 2GB,System,1
19:58:45.540,188.54,0.0,20.2,0.0,0.0,0.0,58.9,802,96.9,1.95,0,Recovery,Ransomware,Randomware,Raspberry Pi 4B 2GB,System,1
19:58:46.580,189.58,0.0,20.2,0.0,0.0,0.0,59.4,802,96.9,1.95,0,Recovery,Ransomware,Randomware,Raspberry Pi 4B 2GB,System,1
19:58:47.620,190.62,0.5,20.2,0.0,0.0,0.0,59.4,802,96.9,1.95,0,Recovery,Ransomware,Randomware,Raspberry Pi 4B 2GB,System,1
19:58:48.650,191.65,10.7,20.2,0.0,0.03,0.0,59.9,802,96.9,1.95,0,Recovery,Ransomware,Randomware,Raspberry Pi 4B 2GB,System,1
19:58:49.710,192.71,0.0,20.3,0.0,0.0,0.0,59.9,802,96.9,1.95,0,Recovery,Ransomware,Randomware,Raspberry Pi 4B 2GB,System,1
19:58:50.790,193.79,1.0,20.2,0.0,0.0,0.0,58.4,802,96.9,1.95,0,Recovery,Ransomware,Randomware,Raspberry Pi 4B 2GB,System,1
19:58:51.880,194.88,0.0,20.2,0.0,0.26,0.0,58.4,802,96.9,1.95,0,Recovery,Ransomware,Randomware,Raspberry Pi 4B 2GB,System,1
19:58:52.970,195.97,0.0,20.3,0.0,0.0,0.0,57.9,802,96.9,1.95,0,Recovery,Ransomware,Randomware,Raspberry Pi 4B 2GB,System,1
19:58:54.040,197.04,0.0,20.1,0.0,0.0,0.0,58.4,802,96.9,1.95,0,Recovery,Ransomware,Randomware,Raspberry Pi 4B 2GB,System,1
19:58:55.120,198.12,0.0,20.2,0.0,0.0,0.0,57.9,802,96.9,1.95,0,Recovery,Ransomware,Randomware,Raspberry Pi 4B 2GB,System,1
19:58:56.200,199.2,0.0,20.2,0.0,0.06,0.0,58.4,802,96.9,1.95,0,Recovery,Ransomware,Randomware,Raspberry Pi 4B 2GB,System,1
19:58:57.290,200.29,0.0,20.2,0.0,0.0,0.0,57.9,802,96.9,1.95,0,Recovery,Ransomware,Randomware,Raspberry Pi 4B 2GB,System,1
19:58:58.370,201.37,0.0,20.2,0.0,0.0,0.0,58.9,802,96.9,1.95,0,Recovery,Ransomware,Randomware,Raspberry Pi 4B 2GB,System,1
19:58:59.450,202.45,0.5,20.2,0.0,0.0,0.0,57.9,802,96.9,1.95,0,Recovery,Ransomware,Randomware,Raspberry Pi 4B 2GB,System,1
19:59:00.540,203.54,0.0,20.2,0.0,0.0,0.0,58.4,802,96.9,1.95,0,Recovery,Ransomware,Randomware,Raspberry Pi 4B 2GB,System,1
19:59:01.620,204.62,0.0,20.2,0.0,0.0,0.0,57.9,802,96.9,1.95,0,Recovery,Ransomware,Randomware,Raspberry Pi 4B 2GB,System,1
19:59:02.690,205.69,0.0,20.2,0.0,0.0,0.0,58.9,802,96.9,1.95,0,Recovery,Ransomware,Randomware,Raspberry Pi 4B 2GB,System,1
19:59:03.780,206.78,0.0,20.2,0.0,0.02,0.0,58.4,802,96.9,1.95,0,Recovery,Ransomware,Randomware,Raspberry Pi 4B 2GB,System,1
19:59:04.850,207.85,0.5,20.2,0.0,0.0,0.0,58.9,802,96.9,1.95,0,Recovery,Ransomware,Randomware,Raspberry Pi 4B 2GB,System,1
19:59:05.930,208.93,0.0,20.2,0.0,0.0,0.0,57.9,802,96.9,1.95,0,Recovery,Ransomware,Randomware,Raspberry Pi 4B 2GB,System,1
19:59:07.020,210.02,0.0,20.2,0.0,0.0,0.0,58.4,802,96.9,1.95,0,Recovery,Ransomware,Randomware,Raspberry Pi 4B 2GB,System,1
19:59:08.090,211.09,0.0,20.2,0.0,0.0,0.0,58.4,802,96.9,1.95,0,Recovery,Ransomware,Randomware,Raspberry Pi 4B 2GB,System,1
19:59:09.170,212.17,0.0,20.2,0.0,0.0,0.0,58.9,802,96.9,1.95,0,Recovery,Ransomware,Randomware,Raspberry Pi 4B 2GB,System,1
19:59:10.250,213.25,0.0,20.2,0.0,0.0,0.0,57.9,802,96.9,1.95,0,Recovery,Ransomware,Randomware,Raspberry Pi 4B 2GB,System,1
19:59:11.340,214.34,0.0,20.2,0.0,0.0,0.0,58.4,802,96.9,1.95,0,Recovery,Ransomware,Randomware,Raspberry Pi 4B 2GB,System,1
19:59:12.420,215.42,0.0,20.2,0.0,0.0,0.0,57.9,802,96.9,1.95,0,Recovery,Ransomware,Randomware,Raspberry Pi 4B 2GB,System,1
19:59:13.490,216.49,0.0,20.2,0.0,0.0,0.0,59.4,802,96.9,1.95,0,Recovery,Ransomware,Randomware,Raspberry Pi 4B 2GB,System,1
19:59:14.570,217.57,0.0,20.2,0.0,0.0,0.0,58.9,802,96.9,1.95,0,Recovery,Ransomware,Randomware,Raspberry Pi 4B 2GB,System,1
19:59:15.640,218.64,14.1,20.2,0.0,0.0,0.0,59.4,802,96.9,1.95,0,Recovery,Ransomware,Randomware,Raspberry Pi 4B 2GB,System,1
19:59:16.680,219.68,0.0,20.2,0.0,0.0,0.0,58.4,802,96.9,1.95,0,Recovery,Ransomware,Randomware,Raspberry Pi 4B 2GB,System,1
19:59:17.720,220.72,2.5,20.2,0.0,0.0,0.0,60.3,802,96.9,1.95,0,Recovery,Ransomware,Randomware,Raspberry Pi 4B 2GB,System,1
19:59:18.770,221.77,0.0,20.2,0.0,0.0,0.0,59.4,802,96.9,1.95,0,Recovery,Ransomware,Randomware,Raspberry Pi 4B 2GB,System,1
19:59:19.800,222.8,1.0,20.2,0.0,0.01,0.0,59.9,802,96.9,1.95,0,Recovery,Ransomware,Randomware,Raspberry Pi 4B 2GB,System,1
19:59:20.830,223.83,0.0,20.2,0.0,0.0,0.0,59.4,802,96.9,1.95,0,Recovery,Ransomware,Randomware,Raspberry Pi 4B 2GB,System,1
19:59:21.920,224.92,0.0,20.2,0.0,0.0,0.0,59.4,802,96.9,1.95,0,Recovery,Ransomware,Randomware,Raspberry Pi 4B 2GB,System,1
19:59:23.000,226.0,0.0,20.2,0.0,0.05,0.0,58.9,802,96.9,1.95,0,Recovery,Ransomware,Randomware,Raspberry Pi 4B 2GB,System,1
19:59:24.080,227.08,0.0,20.2,0.0,0.0,0.0,58.9,802,96.9,1.95,0,Recovery,Ransomware,Randomware,Raspberry Pi 4B 2GB,System,1
19:59:25.150,228.15,0.0,20.2,0.0,0.0,0.0,58.4,802,96.9,1.95,0,Recovery,Ransomware,Randomware,Raspberry Pi 4B 2GB,System,1
19:59:26.230,229.23,0.0,20.2,0.0,0.02,0.0,58.9,802,96.9,1.95,0,Recovery,Ransomware,Randomware,Raspberry Pi 4B 2GB,System,1
19:59:27.310,230.31,0.0,20.2,0.0,0.13,0.0,58.4,802,96.9,1.95,0,Recovery,Ransomware,Randomware,Raspberry Pi 4B 2GB,System,1
19:59:28.390,231.39,0.0,20.2,0.0,0.0,0.0,58.4,802,96.9,1.95,0,Recovery,Ransomware,Randomware,Raspberry Pi 4B 2GB,System,1
19:59:29.470,232.47,0.0,20.2,0.0,0.0,0.0,58.4,802,96.9,1.95,0,Recovery,Ransomware,Randomware,Raspberry Pi 4B 2GB,System,1
19:59:30.550,233.55,0.0,20.2,0.0,0.03,0.0,59.4,802,96.9,1.95,0,Recovery,Ransomware,Randomware,Raspberry Pi 4B 2GB,System,1
19:59:31.620,234.62,0.0,20.2,0.0,0.0,0.0,58.4,802,96.9,1.95,0,Recovery,Ransomware,Randomware,Raspberry Pi 4B 2GB,System,1
19:59:32.700,235.7,0.5,20.2,0.0,0.02,0.0,58.9,802,96.9,1.95,0,Recovery,Ransomware,Randomware,Raspberry Pi 4B 2GB,System,1
19:59:33.780,236.78,0.0,20.2,0.0,0.0,0.0,58.4,802,96.9,1.95,0,Recovery,Ransomware,Randomware,Raspberry Pi 4B 2GB,System,1
19:59:34.850,237.85,0.0,20.2,0.0,0.0,0.0,57.9,802,96.9,1.95,0,Recovery,Ransomware,Randomware,Raspberry Pi 4B 2GB,System,1
19:59:35.940,238.94,0.0,20.2,0.0,0.0,0.0,58.4,802,96.9,1.95,0,Recovery,Ransomware,Randomware,Raspberry Pi 4B 2GB,System,1
19:59:37.010,240.01,0.0,20.2,0.0,0.0,0.0,57.9,802,96.9,1.95,0,Recovery,Ransomware,Randomware,Raspberry Pi 4B 2GB,System,1
19:59:38.090,241.09,0.0,20.2,0.0,0.0,0.0,58.4,802,96.9,1.95,0,Recovery,Ransomware,Randomware,Raspberry Pi 4B 2GB,System,1
19:59:39.160,242.16,0.5,20.2,0.0,0.0,0.0,57.9,802,96.9,1.95,0,Recovery,Ransomware,Randomware,Raspberry Pi 4B 2GB,System,1
19:59:40.240,243.24,0.0,20.2,0.0,0.02,0.0,57.9,802,96.9,1.95,0,Recovery,Ransomware,Randomware,Raspberry Pi 4B 2GB,System,1
19:59:41.320,244.32,0.0,20.2,0.0,0.0,0.0,57.9,802,96.9,1.95,0,Recovery,Ransomware,Randomware,Raspberry Pi 4B 2GB,System,1
