Timestamp,CPU Temperature (°C),CPU Usage (%),Memory Usage (%),Relative Time (s),Mode,Attack Type,Attack,Host,Measurement,Run
02:45:00.547,49.9,33.3,18.3005,0.0,Idle,Cryptojacking,CoinIMP (CPU) (100%),Raspberry Pi 3B 1GB,System,1
02:45:01.781,50.5,14.3,18.2949,1.234,Idle,Cryptojacking,CoinIMP (CPU) (100%),Raspberry Pi 3B 1GB,System,1
02:45:03.013,50.5,14.3,18.322,2.466,Idle,Cryptojacking,CoinIMP (CPU) (100%),Raspberry Pi 3B 1GB,System,1
02:45:04.271,50.5,25.0,18.3212,3.724,Idle,Cryptojacking,CoinIMP (CPU) (100%),Raspberry Pi 3B 1GB,System,1
02:45:05.537,49.9,26.7,18.3212,4.99,Idle,Cryptojacking,CoinIMP (CPU) (100%),Raspberry Pi 3B 1GB,System,1
02:45:06.770,50.5,25.0,18.3483,6.223,Idle,Cryptojacking,CoinIMP (CPU) (100%),Raspberry Pi 3B 1GB,System,1
02:45:08.003,50.5,25.0,18.3539,7.456,Idle,Cryptojacking,CoinIMP (CPU) (100%),Raspberry Pi 3B 1GB,System,1
02:45:09.236,50.5,30.0,18.3483,8.689,Idle,Cryptojacking,CoinIMP (CPU) (100%),Raspberry Pi 3B 1GB,System,1
02:45:10.498,50.5,25.0,18.3474,9.951,Idle,Cryptojacking,CoinIMP (CPU) (100%),Raspberry Pi 3B 1GB,System,1
02:45:11.766,50.5,25.0,18.3474,11.219,Idle,Cryptojacking,CoinIMP (CPU) (100%),Raspberry Pi 3B 1GB,System,1
02:45:12.999,50.5,12.5,18.353,12.452,Idle,Cryptojacking,CoinIMP (CPU) (100%),Raspberry Pi 3B 1GB,System,1
02:45:14.234,50.5,33.3,18.353,13.687,Idle,Cryptojacking,CoinIMP (CPU) (100%),Raspberry Pi 3B 1GB,System,1
02:45:15.468,50.5,25.0,18.3746,14.921,Idle,Cryptojacking,CoinIMP (CPU) (100%),Raspberry Pi 3B 1GB,System,1
02:45:16.732,50.5,25.0,18.3746,16.185,Idle,Cryptojacking,CoinIMP (CPU) (100%),Raspberry Pi 3B 1GB,System,1
02:45:17.967,51.0,25.0,18.3522,17.42,Idle,Cryptojacking,CoinIMP (CPU) (100%),Raspberry Pi 3B 1GB,System,1
02:45:19.201,50.5,30.0,18.3466,18.654,Idle,Cryptojacking,CoinIMP (CPU) (100%),Raspberry Pi 3B 1GB,System,1
02:45:20.436,50.5,22.2,18.325,19.889,Idle,Cryptojacking,CoinIMP (CPU) (100%),Raspberry Pi 3B 1GB,System,1
02:45:21.670,50.5,25.0,18.2708,21.123,Idle,Cryptojacking,CoinIMP (CPU) (100%),Raspberry Pi 3B 1GB,System,1
02:45:22.949,49.4,23.1,17.8131,22.402,Idle,Cryptojacking,CoinIMP (CPU) (100%),Raspberry Pi 3B 1GB,System,1
02:45:24.217,49.9,31.3,17.8402,23.67,Idle,Cryptojacking,CoinIMP (CPU) (100%),Raspberry Pi 3B 1GB,System,1
02:45:25.451,49.9,12.5,18.0572,24.904,Idle,Cryptojacking,CoinIMP (CPU) (100%),Raspberry Pi 3B 1GB,System,1
02:45:26.684,50.5,25.0,18.0572,26.137,Idle,Cryptojacking,CoinIMP (CPU) (100%),Raspberry Pi 3B 1GB,System,1
02:45:27.917,50.5,33.3,18.0357,27.37,Idle,Cryptojacking,CoinIMP (CPU) (100%),Raspberry Pi 3B 1GB,System,1
02:45:29.176,51.0,25.0,18.1115,28.629,Idle,Cryptojacking,CoinIMP (CPU) (100%),Raspberry Pi 3B 1GB,System,1
02:45:30.412,50.5,25.0,18.0297,29.865,Idle,Cryptojacking,CoinIMP (CPU) (100%),Raspberry Pi 3B 1GB,System,1
02:45:31.646,50.5,25.0,18.0292,31.099,Idle,Cryptojacking,CoinIMP (CPU) (100%),Raspberry Pi 3B 1GB,System,1
02:45:32.880,50.5,25.0,18.0564,32.333,Idle,Cryptojacking,CoinIMP (CPU) (100%),Raspberry Pi 3B 1GB,System,1
02:45:34.115,50.5,25.0,18.0564,33.568,Idle,Cryptojacking,CoinIMP (CPU) (100%),Raspberry Pi 3B 1GB,System,1
02:45:35.381,49.9,26.7,18.0826,34.834,Idle,Cryptojacking,CoinIMP (CPU) (100%),Raspberry Pi 3B 1GB,System,1
02:45:36.614,50.5,12.5,18.0826,36.067,Idle,Cryptojacking,CoinIMP (CPU) (100%),Raspberry Pi 3B 1GB,System,1
02:45:37.849,50.5,25.0,18.0826,37.302,Idle,Cryptojacking,CoinIMP (CPU) (100%),Raspberry Pi 3B 1GB,System,1
02:45:39.083,50.5,22.2,18.0826,38.536,Idle,Cryptojacking,CoinIMP (CPU) (100%),Raspberry Pi 3B 1GB,System,1
02:45:40.345,50.5,25.0,18.0826,39.798,Idle,Cryptojacking,CoinIMP (CPU) (100%),Raspberry Pi 3B 1GB,System,1
02:45:41.579,50.5,33.3,18.136,41.032,Idle,Cryptojacking,CoinIMP (CPU) (100%),Raspberry Pi 3B 1GB,System,1
02:45:42.813,50.5,33.3,18.136,42.266,Idle,Cryptojacking,CoinIMP (CPU) (100%),Raspberry Pi 3B 1GB,System,1
02:45:44.047,50.5,25.0,18.1903,43.5,Idle,Cryptojacking,CoinIMP (CPU) (100%),Raspberry Pi 3B 1GB,System,1
02:45:45.280,50.5,25.0,18.1903,44.733,Idle,Cryptojacking,CoinIMP (CPU) (100%),Raspberry Pi 3B 1GB,System,1
02:45:46.544,50.5,20.0,18.1903,45.997,Idle,Cryptojacking,CoinIMP (CPU) (100%),Raspberry Pi 3B 1GB,System,1
02:45:47.777,50.5,25.0,18.167,47.23,Idle,Cryptojacking,CoinIMP (CPU) (100%),Raspberry Pi 3B 1GB,System,1
02:45:49.009,50.5,33.3,18.139,48.462,Idle,Cryptojacking,CoinIMP (CPU) (100%),Raspberry Pi 3B 1GB,System,1
02:45:50.241,50.5,22.2,18.1446,49.694,Idle,Cryptojacking,CoinIMP (CPU) (100%),Raspberry Pi 3B 1GB,System,1
02:45:51.502,50.5,14.3,18.139,50.955,Idle,Cryptojacking,CoinIMP (CPU) (100%),Raspberry Pi 3B 1GB,System,1
02:45:52.766,49.9,26.6,18.139,52.219,Idle,Cryptojacking,CoinIMP (CPU) (100%),Raspberry Pi 3B 1GB,System,1
02:45:53.999,51.0,25.0,18.1382,53.452,Idle,Cryptojacking,CoinIMP (CPU) (100%),Raspberry Pi 3B 1GB,System,1
02:45:55.231,49.9,14.3,18.1382,54.684,Idle,Cryptojacking,CoinIMP (CPU) (100%),Raspberry Pi 3B 1GB,System,1
02:45:56.466,50.5,25.0,18.2196,55.919,Idle,Cryptojacking,CoinIMP (CPU) (100%),Raspberry Pi 3B 1GB,System,1
02:45:57.725,51.0,33.3,18.2196,57.178,Idle,Cryptojacking,CoinIMP (CPU) (100%),Raspberry Pi 3B 1GB,System,1
02:45:59.007,49.9,23.1,18.2196,58.46,Idle,Cryptojacking,CoinIMP (CPU) (100%),Raspberry Pi 3B 1GB,System,1
02:46:00.287,49.9,25.0,18.2187,59.74,Idle,Cryptojacking,CoinIMP (CPU) (100%),Raspberry Pi 3B 1GB,System,1
02:46:01.551,49.4,26.7,18.3543,61.004,Idle,Cryptojacking,CoinIMP (CPU) (100%),Raspberry Pi 3B 1GB,System,1
02:46:02.783,50.5,25.0,18.3543,62.236,Idle,Cryptojacking,CoinIMP (CPU) (100%),Raspberry Pi 3B 1GB,System,1
02:46:04.016,50.5,33.3,18.3543,63.469,Idle,Cryptojacking,CoinIMP (CPU) (100%),Raspberry Pi 3B 1GB,System,1
02:46:05.249,49.9,12.5,18.3535,64.702,Idle,Cryptojacking,CoinIMP (CPU) (100%),Raspberry Pi 3B 1GB,System,1
02:46:06.509,50.5,25.0,18.3535,65.962,Idle,Cryptojacking,CoinIMP (CPU) (100%),Raspberry Pi 3B 1GB,System,1
02:46:07.776,49.9,20.0,18.3535,67.229,Idle,Cryptojacking,CoinIMP (CPU) (100%),Raspberry Pi 3B 1GB,System,1
02:46:09.009,50.5,14.3,18.3776,68.462,Idle,Cryptojacking,CoinIMP (CPU) (100%),Raspberry Pi 3B 1GB,System,1
02:46:10.241,50.5,25.0,18.4047,69.694,Idle,Cryptojacking,CoinIMP (CPU) (100%),Raspberry Pi 3B 1GB,System,1
02:46:11.474,49.9,14.3,18.4047,70.927,Idle,Cryptojacking,CoinIMP (CPU) (100%),Raspberry Pi 3B 1GB,System,1
02:46:12.732,50.5,22.2,18.4038,72.185,Idle,Cryptojacking,CoinIMP (CPU) (100%),Raspberry Pi 3B 1GB,System,1
02:46:13.964,50.5,22.2,18.3823,73.417,Idle,Cryptojacking,CoinIMP (CPU) (100%),Raspberry Pi 3B 1GB,System,1
02:46:15.198,50.5,25.0,18.3767,74.651,Idle,Cryptojacking,CoinIMP (CPU) (100%),Raspberry Pi 3B 1GB,System,1
02:46:16.433,51.0,30.0,18.3496,75.886,Idle,Cryptojacking,CoinIMP (CPU) (100%),Raspberry Pi 3B 1GB,System,1
02:46:17.666,50.5,25.0,18.3487,77.119,Idle,Cryptojacking,CoinIMP (CPU) (100%),Raspberry Pi 3B 1GB,System,1
02:46:18.931,49.9,26.7,18.3487,78.384,Idle,Cryptojacking,CoinIMP (CPU) (100%),Raspberry Pi 3B 1GB,System,1
02:46:20.164,50.5,25.0,18.3487,79.617,Idle,Cryptojacking,CoinIMP (CPU) (100%),Raspberry Pi 3B 1GB,System,1
02:46:21.397,50.5,33.3,18.3487,80.85,Idle,Cryptojacking,CoinIMP (CPU) (100%),Raspberry Pi 3B 1GB,System,1
02:46:22.630,50.5,22.2,18.3758,82.083,Idle,Cryptojacking,CoinIMP (CPU) (100%),Raspberry Pi 3B 1GB,System,1
02:46:23.890,50.5,33.3,18.375,83.343,Idle,Cryptojacking,CoinIMP (CPU) (100%),Raspberry Pi 3B 1GB,System,1
02:46:25.156,49.9,26.6,18.375,84.609,Idle,Cryptojacking,CoinIMP (CPU) (100%),Raspberry Pi 3B 1GB,System,1
02:46:26.389,49.9,22.2,18.375,85.842,Idle,Cryptojacking,CoinIMP (CPU) (100%),Raspberry Pi 3B 1GB,System,1
02:46:27.621,50.5,33.3,18.375,87.074,Idle,Cryptojacking,CoinIMP (CPU) (100%),Raspberry Pi 3B 1GB,System,1
02:46:28.854,50.5,14.3,18.375,88.307,Idle,Cryptojacking,CoinIMP (CPU) (100%),Raspberry Pi 3B 1GB,System,1
02:46:30.116,51.0,25.0,18.375,89.569,Idle,Cryptojacking,CoinIMP (CPU) (100%),Raspberry Pi 3B 1GB,System,1
02:46:31.395,49.9,30.8,18.3255,90.848,Idle,Cryptojacking,CoinIMP (CPU) (100%),Raspberry Pi 3B 1GB,System,1
02:46:32.661,49.9,25.0,18.3138,92.114,Idle,Cryptojacking,CoinIMP (CPU) (100%),Raspberry Pi 3B 1GB,System,1
02:46:33.894,50.5,25.0,18.3082,93.347,Idle,Cryptojacking,CoinIMP (CPU) (100%),Raspberry Pi 3B 1GB,System,1
02:46:35.127,50.5,22.2,18.3082,94.58,Idle,Cryptojacking,CoinIMP (CPU) (100%),Raspberry Pi 3B 1GB,System,1
02:46:36.360,50.5,33.3,18.3345,95.813,Idle,Cryptojacking,CoinIMP (CPU) (100%),Raspberry Pi 3B 1GB,System,1
02:46:37.618,50.5,33.3,18.3345,97.071,Idle,Cryptojacking,CoinIMP (CPU) (100%),Raspberry Pi 3B 1GB,System,1
02:46:38.884,49.9,20.0,18.3345,98.337,Idle,Cryptojacking,CoinIMP (CPU) (100%),Raspberry Pi 3B 1GB,System,1
02:46:40.117,50.5,30.0,18.3345,99.57,Idle,Cryptojacking,CoinIMP (CPU) (100%),Raspberry Pi 3B 1GB,System,1
02:46:41.350,51.0,25.0,18.3345,100.803,Idle,Cryptojacking,CoinIMP (CPU) (100%),Raspberry Pi 3B 1GB,System,1
02:46:42.582,50.5,33.3,18.3345,102.035,Idle,Cryptojacking,CoinIMP (CPU) (100%),Raspberry Pi 3B 1GB,System,1
02:46:43.840,50.5,25.0,18.3121,103.293,Idle,Cryptojacking,CoinIMP (CPU) (100%),Raspberry Pi 3B 1GB,System,1
02:46:45.121,49.9,23.1,18.3935,104.574,Idle,Cryptojacking,CoinIMP (CPU) (100%),Raspberry Pi 3B 1GB,System,1
02:46:46.406,49.4,23.1,18.3608,105.859,Idle,Cryptojacking,CoinIMP (CPU) (100%),Raspberry Pi 3B 1GB,System,1
02:46:47.673,49.9,25.0,18.2846,107.126,Idle,Cryptojacking,CoinIMP (CPU) (100%),Raspberry Pi 3B 1GB,System,1
02:46:48.905,50.5,25.0,18.3057,108.358,Idle,Cryptojacking,CoinIMP (CPU) (100%),Raspberry Pi 3B 1GB,System,1
02:46:50.138,49.9,22.2,18.3384,109.591,Idle,Cryptojacking,CoinIMP (CPU) (100%),Raspberry Pi 3B 1GB,System,1
02:46:51.370,49.9,25.0,18.2785,110.823,Idle,Cryptojacking,CoinIMP (CPU) (100%),Raspberry Pi 3B 1GB,System,1
02:46:52.630,50.5,25.0,18.2785,112.083,Idle,Cryptojacking,CoinIMP (CPU) (100%),Raspberry Pi 3B 1GB,System,1
02:46:53.864,50.5,25.0,18.3319,113.317,Idle,Cryptojacking,CoinIMP (CPU) (100%),Raspberry Pi 3B 1GB,System,1
02:46:55.098,50.5,25.0,18.3319,114.551,Idle,Cryptojacking,CoinIMP (CPU) (100%),Raspberry Pi 3B 1GB,System,1
02:46:56.333,50.5,33.3,18.2777,115.786,Idle,Cryptojacking,CoinIMP (CPU) (100%),Raspberry Pi 3B 1GB,System,1
02:46:57.566,50.5,22.2,18.3048,117.019,Idle,Cryptojacking,CoinIMP (CPU) (100%),Raspberry Pi 3B 1GB,System,1
02:46:58.854,50.5,28.5,18.3039,118.307,Idle,Cryptojacking,CoinIMP (CPU) (100%),Raspberry Pi 3B 1GB,System,1
02:47:00.120,49.9,25.0,18.3039,119.573,Idle,Cryptojacking,CoinIMP (CPU) (100%),Raspberry Pi 3B 1GB,System,1
02:47:01.353,50.5,25.0,18.3039,120.806,Idle,Cryptojacking,CoinIMP (CPU) (100%),Raspberry Pi 3B 1GB,System,1
02:47:02.591,50.5,25.0,18.2557,122.044,Idle,Cryptojacking,CoinIMP (CPU) (100%),Raspberry Pi 3B 1GB,System,1
02:47:03.824,50.5,33.3,18.2226,123.277,Idle,Cryptojacking,CoinIMP (CPU) (100%),Raspberry Pi 3B 1GB,System,1
02:47:05.083,50.5,14.3,18.2217,124.536,Idle,Cryptojacking,CoinIMP (CPU) (100%),Raspberry Pi 3B 1GB,System,1
02:47:06.317,50.5,30.0,18.2002,125.77,Idle,Cryptojacking,CoinIMP (CPU) (100%),Raspberry Pi 3B 1GB,System,1
02:47:07.550,50.5,14.3,18.2114,127.003,Idle,Cryptojacking,CoinIMP (CPU) (100%),Raspberry Pi 3B 1GB,System,1
02:47:08.783,50.5,22.2,18.3741,128.236,Idle,Cryptojacking,CoinIMP (CPU) (100%),Raspberry Pi 3B 1GB,System,1
02:47:10.015,50.5,33.3,18.3414,129.468,Idle,Cryptojacking,CoinIMP (CPU) (100%),Raspberry Pi 3B 1GB,System,1
02:47:11.280,50.5,21.4,18.3956,130.733,Idle,Cryptojacking,CoinIMP (CPU) (100%),Raspberry Pi 3B 1GB,System,1
02:47:12.513,49.9,25.0,18.3956,131.966,Idle,Cryptojacking,CoinIMP (CPU) (100%),Raspberry Pi 3B 1GB,System,1
02:47:13.745,50.5,14.3,18.3948,133.198,Idle,Cryptojacking,CoinIMP (CPU) (100%),Raspberry Pi 3B 1GB,System,1
02:47:14.977,50.5,33.3,18.3948,134.43,Idle,Cryptojacking,CoinIMP (CPU) (100%),Raspberry Pi 3B 1GB,System,1
02:47:16.239,50.5,33.3,18.3677,135.692,Idle,Cryptojacking,CoinIMP (CPU) (100%),Raspberry Pi 3B 1GB,System,1
02:47:17.504,49.9,25.0,18.3405,136.957,Idle,Cryptojacking,CoinIMP (CPU) (100%),Raspberry Pi 3B 1GB,System,1
02:47:18.736,50.5,33.3,18.319,138.189,Idle,Cryptojacking,CoinIMP (CPU) (100%),Raspberry Pi 3B 1GB,System,1
02:47:19.969,49.9,22.2,18.3126,139.422,Idle,Cryptojacking,CoinIMP (CPU) (100%),Raspberry Pi 3B 1GB,System,1
02:47:21.203,50.5,25.0,18.291,140.656,Idle,Cryptojacking,CoinIMP (CPU) (100%),Raspberry Pi 3B 1GB,System,1
02:47:22.463,50.5,22.2,18.2583,141.916,Idle,Cryptojacking,CoinIMP (CPU) (100%),Raspberry Pi 3B 1GB,System,1
02:47:23.741,49.9,23.1,18.2583,143.194,Idle,Cryptojacking,CoinIMP (CPU) (100%),Raspberry Pi 3B 1GB,System,1
02:47:25.027,49.4,25.0,18.2583,144.48,Idle,Cryptojacking,CoinIMP (CPU) (100%),Raspberry Pi 3B 1GB,System,1
02:47:26.307,49.9,23.1,18.2846,145.76,Idle,Cryptojacking,CoinIMP (CPU) (100%),Raspberry Pi 3B 1GB,System,1
02:47:27.573,49.4,29.4,18.2846,147.026,Idle,Cryptojacking,CoinIMP (CPU) (100%),Raspberry Pi 3B 1GB,System,1
02:47:28.805,49.9,25.0,18.3117,148.258,Idle,Cryptojacking,CoinIMP (CPU) (100%),Raspberry Pi 3B 1GB,System,1
02:47:30.039,49.9,25.0,18.3117,149.492,Idle,Cryptojacking,CoinIMP (CPU) (100%),Raspberry Pi 3B 1GB,System,1
02:47:31.273,49.9,25.0,18.3117,150.726,Idle,Cryptojacking,CoinIMP (CPU) (100%),Raspberry Pi 3B 1GB,System,1
02:47:32.535,50.5,14.3,18.3388,151.988,Idle,Cryptojacking,CoinIMP (CPU) (100%),Raspberry Pi 3B 1GB,System,1
02:47:33.768,50.5,33.3,18.338,153.221,Idle,Cryptojacking,CoinIMP (CPU) (100%),Raspberry Pi 3B 1GB,System,1
02:47:35.002,50.5,22.2,18.338,154.455,Idle,Cryptojacking,CoinIMP (CPU) (100%),Raspberry Pi 3B 1GB,System,1
02:47:36.235,50.5,33.3,18.338,155.688,Idle,Cryptojacking,CoinIMP (CPU) (100%),Raspberry Pi 3B 1GB,System,1
02:47:37.468,50.5,30.0,18.338,156.921,Idle,Cryptojacking,CoinIMP (CPU) (100%),Raspberry Pi 3B 1GB,System,1
02:47:38.756,49.9,28.6,18.338,158.209,Idle,Cryptojacking,CoinIMP (CPU) (100%),Raspberry Pi 3B 1GB,System,1
02:47:40.039,49.9,25.0,18.31,159.492,Idle,Cryptojacking,CoinIMP (CPU) (100%),Raspberry Pi 3B 1GB,System,1
02:47:41.307,49.4,21.4,18.31,160.76,Idle,Cryptojacking,CoinIMP (CPU) (100%),Raspberry Pi 3B 1GB,System,1
02:47:42.541,50.5,33.3,18.3052,161.994,Idle,Cryptojacking,CoinIMP (CPU) (100%),Raspberry Pi 3B 1GB,System,1
02:47:43.775,50.5,30.0,18.338,163.228,Idle,Cryptojacking,CoinIMP (CPU) (100%),Raspberry Pi 3B 1GB,System,1
02:47:45.009,49.9,25.0,18.3044,164.462,Idle,Cryptojacking,CoinIMP (CPU) (100%),Raspberry Pi 3B 1GB,System,1
02:47:46.269,50.5,30.0,18.3044,165.722,Idle,Cryptojacking,CoinIMP (CPU) (100%),Raspberry Pi 3B 1GB,System,1
02:47:47.532,49.4,21.4,18.3315,166.985,Idle,Cryptojacking,CoinIMP (CPU) (100%),Raspberry Pi 3B 1GB,System,1
02:47:48.764,50.5,25.0,18.3044,168.217,Idle,Cryptojacking,CoinIMP (CPU) (100%),Raspberry Pi 3B 1GB,System,1
02:47:49.997,50.5,25.0,18.3315,169.45,Idle,Cryptojacking,CoinIMP (CPU) (100%),Raspberry Pi 3B 1GB,System,1
02:47:51.233,50.5,33.3,18.3306,170.686,Idle,Cryptojacking,CoinIMP (CPU) (100%),Raspberry Pi 3B 1GB,System,1
02:47:52.493,50.5,14.3,18.3035,171.946,Idle,Cryptojacking,CoinIMP (CPU) (100%),Raspberry Pi 3B 1GB,System,1
02:47:53.770,49.9,26.7,18.2764,173.223,Idle,Cryptojacking,CoinIMP (CPU) (100%),Raspberry Pi 3B 1GB,System,1
02:47:55.036,49.4,25.0,18.2764,174.489,Idle,Cryptojacking,CoinIMP (CPU) (100%),Raspberry Pi 3B 1GB,System,1
02:47:56.269,49.9,22.2,18.2764,175.722,Idle,Cryptojacking,CoinIMP (CPU) (100%),Raspberry Pi 3B 1GB,System,1
02:47:57.502,50.5,22.2,18.3026,176.955,Idle,Cryptojacking,CoinIMP (CPU) (100%),Raspberry Pi 3B 1GB,System,1
02:47:58.735,50.5,25.0,18.3026,178.188,Idle,Cryptojacking,CoinIMP (CPU) (100%),Raspberry Pi 3B 1GB,System,1
02:47:59.999,50.5,25.0,18.3298,179.452,Idle,Cryptojacking,CoinIMP (CPU) (100%),Raspberry Pi 3B 1GB,System,1
02:48:01.233,50.5,33.3,18.3569,180.686,Idle_browser_open,Cryptojacking,CoinIMP (CPU) (100%),Raspberry Pi 3B 1GB,System,1
02:48:02.467,50.5,25.0,18.5468,181.92,Idle_browser_open,Cryptojacking,CoinIMP (CPU) (100%),Raspberry Pi 3B 1GB,System,1
02:48:03.720,51.5,77.8,22.1101,183.173,Idle_browser_open,Cryptojacking,CoinIMP (CPU) (100%),Raspberry Pi 3B 1GB,System,1
02:48:05.011,52.1,70.0,25.6635,184.464,Idle_browser_open,Cryptojacking,CoinIMP (CPU) (100%),Raspberry Pi 3B 1GB,System,1
02:48:06.337,53.7,80.0,31.2354,185.79,Idle_browser_open,Cryptojacking,CoinIMP (CPU) (100%),Raspberry Pi 3B 1GB,System,1
02:48:07.771,54.8,94.7,38.2685,187.224,Idle_browser_open,Cryptojacking,CoinIMP (CPU) (100%),Raspberry Pi 3B 1GB,System,1
02:48:09.066,54.8,55.5,41.8052,188.519,Idle_browser_open,Cryptojacking,CoinIMP (CPU) (100%),Raspberry Pi 3B 1GB,System,1
02:48:10.311,54.8,55.5,42.5251,189.764,Idle_browser_open,Cryptojacking,CoinIMP (CPU) (100%),Raspberry Pi 3B 1GB,System,1
02:48:11.567,54.2,25.0,42.4773,191.02,Idle_browser_open,Cryptojacking,CoinIMP (CPU) (100%),Raspberry Pi 3B 1GB,System,1
02:48:12.852,54.8,90.0,47.1738,192.305,Idle_browser_open,Cryptojacking,CoinIMP (CPU) (100%),Raspberry Pi 3B 1GB,System,1
02:48:14.110,54.8,54.6,45.2027,193.563,Idle_browser_open,Cryptojacking,CoinIMP (CPU) (100%),Raspberry Pi 3B 1GB,System,1
02:48:15.349,54.2,22.2,45.4464,194.802,Idle_browser_open,Cryptojacking,CoinIMP (CPU) (100%),Raspberry Pi 3B 1GB,System,1
02:48:16.586,52.6,33.3,45.4348,196.039,Idle_browser_open,Cryptojacking,CoinIMP (CPU) (100%),Raspberry Pi 3B 1GB,System,1
02:48:17.823,53.7,22.2,45.4064,197.276,Idle_browser_open,Cryptojacking,CoinIMP (CPU) (100%),Raspberry Pi 3B 1GB,System,1
02:48:19.061,53.7,22.2,45.3848,198.514,Idle_browser_open,Cryptojacking,CoinIMP (CPU) (100%),Raspberry Pi 3B 1GB,System,1
02:48:20.322,53.2,22.2,45.3521,199.775,Idle_browser_open,Cryptojacking,CoinIMP (CPU) (100%),Raspberry Pi 3B 1GB,System,1
02:48:21.603,52.1,25.0,45.3792,201.056,Idle_browser_open,Cryptojacking,CoinIMP (CPU) (100%),Raspberry Pi 3B 1GB,System,1
02:48:22.864,51.5,21.4,45.1962,202.317,Idle_browser_open,Cryptojacking,CoinIMP (CPU) (100%),Raspberry Pi 3B 1GB,System,1
02:48:24.100,51.5,22.2,45.1885,203.553,Idle_browser_open,Cryptojacking,CoinIMP (CPU) (100%),Raspberry Pi 3B 1GB,System,1
02:48:25.337,52.1,22.2,45.0809,204.79,Idle_browser_open,Cryptojacking,CoinIMP (CPU) (100%),Raspberry Pi 3B 1GB,System,1
02:48:26.574,52.1,30.0,45.0856,206.027,Idle_browser_open,Cryptojacking,CoinIMP (CPU) (100%),Raspberry Pi 3B 1GB,System,1
02:48:27.836,52.1,25.0,44.6215,207.289,Idle_browser_open,Cryptojacking,CoinIMP (CPU) (100%),Raspberry Pi 3B 1GB,System,1
02:48:29.119,51.5,26.6,44.6206,208.572,Idle_browser_open,Cryptojacking,CoinIMP (CPU) (100%),Raspberry Pi 3B 1GB,System,1
02:48:30.380,51.5,26.7,44.7554,209.833,Idle_browser_open,Cryptojacking,CoinIMP (CPU) (100%),Raspberry Pi 3B 1GB,System,1
02:48:31.616,51.5,22.2,44.7825,211.069,Idle_browser_open,Cryptojacking,CoinIMP (CPU) (100%),Raspberry Pi 3B 1GB,System,1
02:48:32.851,52.1,22.2,44.7881,212.304,Idle_browser_open,Cryptojacking,CoinIMP (CPU) (100%),Raspberry Pi 3B 1GB,System,1
02:48:34.089,52.1,22.2,44.8096,213.542,Idle_browser_open,Cryptojacking,CoinIMP (CPU) (100%),Raspberry Pi 3B 1GB,System,1
02:48:35.350,52.1,22.2,44.9771,214.803,Idle_browser_open,Cryptojacking,CoinIMP (CPU) (100%),Raspberry Pi 3B 1GB,System,1
02:48:36.632,51.5,35.7,44.9749,216.085,Idle_browser_open,Cryptojacking,CoinIMP (CPU) (100%),Raspberry Pi 3B 1GB,System,1
02:48:37.903,51.0,26.6,44.6916,217.356,Idle_browser_open,Cryptojacking,CoinIMP (CPU) (100%),Raspberry Pi 3B 1GB,System,1
02:48:39.139,51.5,30.0,43.2816,218.592,Idle_browser_open,Cryptojacking,CoinIMP (CPU) (100%),Raspberry Pi 3B 1GB,System,1
02:48:40.375,52.1,22.2,43.2816,219.828,Idle_browser_open,Cryptojacking,CoinIMP (CPU) (100%),Raspberry Pi 3B 1GB,System,1
02:48:41.616,51.5,22.2,43.2704,221.069,Idle_browser_open,Cryptojacking,CoinIMP (CPU) (100%),Raspberry Pi 3B 1GB,System,1
02:48:42.880,51.5,25.0,43.2639,222.333,Idle_browser_open,Cryptojacking,CoinIMP (CPU) (100%),Raspberry Pi 3B 1GB,System,1
02:48:44.152,51.5,23.5,43.2639,223.605,Idle_browser_open,Cryptojacking,CoinIMP (CPU) (100%),Raspberry Pi 3B 1GB,System,1
02:48:45.386,51.5,22.2,43.2639,224.839,Idle_browser_open,Cryptojacking,CoinIMP (CPU) (100%),Raspberry Pi 3B 1GB,System,1
02:48:46.625,51.5,30.0,43.2639,226.078,Idle_browser_open,Cryptojacking,CoinIMP (CPU) (100%),Raspberry Pi 3B 1GB,System,1
02:48:47.862,51.5,33.3,43.2639,227.315,Idle_browser_open,Cryptojacking,CoinIMP (CPU) (100%),Raspberry Pi 3B 1GB,System,1
02:48:49.136,51.5,22.2,43.2639,228.589,Idle_browser_open,Cryptojacking,CoinIMP (CPU) (100%),Raspberry Pi 3B 1GB,System,1
02:48:50.373,51.5,25.0,43.263,229.826,Idle_browser_open,Cryptojacking,CoinIMP (CPU) (100%),Raspberry Pi 3B 1GB,System,1
02:48:51.613,51.5,33.3,43.2902,231.066,Idle_browser_open,Cryptojacking,CoinIMP (CPU) (100%),Raspberry Pi 3B 1GB,System,1
02:48:52.849,51.5,30.0,43.2897,232.302,Idle_browser_open,Cryptojacking,CoinIMP (CPU) (100%),Raspberry Pi 3B 1GB,System,1
02:48:54.085,51.5,30.0,43.2626,233.538,Idle_browser_open,Cryptojacking,CoinIMP (CPU) (100%),Raspberry Pi 3B 1GB,System,1
02:48:55.360,51.0,27.8,43.2131,234.813,Idle_browser_open,Cryptojacking,CoinIMP (CPU) (100%),Raspberry Pi 3B 1GB,System,1
02:48:56.599,51.0,14.3,43.1593,236.052,Idle_browser_open,Cryptojacking,CoinIMP (CPU) (100%),Raspberry Pi 3B 1GB,System,1
02:48:57.839,51.5,25.0,43.1046,237.292,Idle_browser_open,Cryptojacking,CoinIMP (CPU) (100%),Raspberry Pi 3B 1GB,System,1
02:48:59.075,51.5,33.3,43.1261,238.528,Idle_browser_open,Cryptojacking,CoinIMP (CPU) (100%),Raspberry Pi 3B 1GB,System,1
02:49:00.341,51.5,33.3,43.1261,239.794,Idle_browser_open,Cryptojacking,CoinIMP (CPU) (100%),Raspberry Pi 3B 1GB,System,1
02:49:01.604,51.5,26.6,43.1532,241.057,Idle_browser_open,Cryptojacking,CoinIMP (CPU) (100%),Raspberry Pi 3B 1GB,System,1
02:49:02.844,51.0,22.2,43.1524,242.297,Idle_browser_open,Cryptojacking,CoinIMP (CPU) (100%),Raspberry Pi 3B 1GB,System,1
02:49:04.080,51.5,25.0,43.1524,243.533,Idle_browser_open,Cryptojacking,CoinIMP (CPU) (100%),Raspberry Pi 3B 1GB,System,1
02:49:05.318,51.5,25.0,43.1511,244.771,Idle_browser_open,Cryptojacking,CoinIMP (CPU) (100%),Raspberry Pi 3B 1GB,System,1
02:49:06.582,51.0,40.0,42.8816,246.035,Idle_browser_open,Cryptojacking,CoinIMP (CPU) (100%),Raspberry Pi 3B 1GB,System,1
02:49:07.823,52.1,54.6,42.6396,247.276,Idle_browser_open,Cryptojacking,CoinIMP (CPU) (100%),Raspberry Pi 3B 1GB,System,1
02:49:09.061,53.2,40.0,42.5384,248.514,Idle_browser_open,Cryptojacking,CoinIMP (CPU) (100%),Raspberry Pi 3B 1GB,System,1
02:49:10.302,53.2,40.0,42.0562,249.755,Idle_browser_open,Cryptojacking,CoinIMP (CPU) (100%),Raspberry Pi 3B 1GB,System,1
02:49:11.544,53.7,50.0,42.1991,250.997,Idle_browser_open,Cryptojacking,CoinIMP (CPU) (100%),Raspberry Pi 3B 1GB,System,1
02:49:12.783,53.7,44.4,42.1078,252.236,Idle_browser_open,Cryptojacking,CoinIMP (CPU) (100%),Raspberry Pi 3B 1GB,System,1
02:49:14.024,53.7,50.0,42.2517,253.477,Idle_browser_open,Cryptojacking,CoinIMP (CPU) (100%),Raspberry Pi 3B 1GB,System,1
02:49:15.273,53.7,54.6,41.5408,254.726,Idle_browser_open,Cryptojacking,CoinIMP (CPU) (100%),Raspberry Pi 3B 1GB,System,1
02:49:23.057,54.2,55.5,41.4444,262.51,Idle_browser_open,Cryptojacking,CoinIMP (CPU) (100%),Raspberry Pi 3B 1GB,System,1
02:49:27.289,52.1,2.5,41.7638,266.742,Idle_browser_open,Cryptojacking,CoinIMP (CPU) (100%),Raspberry Pi 3B 1GB,System,1
02:49:28.529,52.6,20.0,41.9455,267.982,Idle_browser_open,Cryptojacking,CoinIMP (CPU) (100%),Raspberry Pi 3B 1GB,System,1
02:49:29.765,52.6,20.0,42.1345,269.218,Idle_browser_open,Cryptojacking,CoinIMP (CPU) (100%),Raspberry Pi 3B 1GB,System,1
02:49:31.001,52.6,25.0,42.3007,270.454,Idle_browser_open,Cryptojacking,CoinIMP (CPU) (100%),Raspberry Pi 3B 1GB,System,1
02:49:32.242,52.6,27.3,42.5169,271.695,Idle_browser_open,Cryptojacking,CoinIMP (CPU) (100%),Raspberry Pi 3B 1GB,System,1
02:49:33.508,52.6,23.1,42.5875,272.961,Idle_browser_open,Cryptojacking,CoinIMP (CPU) (100%),Raspberry Pi 3B 1GB,System,1
02:49:34.746,52.6,25.0,42.5724,274.199,Idle_browser_open,Cryptojacking,CoinIMP (CPU) (100%),Raspberry Pi 3B 1GB,System,1
02:49:36.530,52.1,12.5,42.2077,275.983,Idle_browser_open,Cryptojacking,CoinIMP (CPU) (100%),Raspberry Pi 3B 1GB,System,1
02:49:37.766,51.5,22.2,42.2349,277.219,Idle_browser_open,Cryptojacking,CoinIMP (CPU) (100%),Raspberry Pi 3B 1GB,System,1
02:49:39.040,52.1,35.2,42.259,278.493,Idle_browser_open,Cryptojacking,CoinIMP (CPU) (100%),Raspberry Pi 3B 1GB,System,1
02:49:40.277,51.5,22.2,42.259,279.73,Idle_browser_open,Cryptojacking,CoinIMP (CPU) (100%),Raspberry Pi 3B 1GB,System,1
02:49:41.515,52.1,33.3,42.2581,280.968,Idle_browser_open,Cryptojacking,CoinIMP (CPU) (100%),Raspberry Pi 3B 1GB,System,1
02:49:42.751,52.1,30.0,42.2577,282.204,Idle_browser_open,Cryptojacking,CoinIMP (CPU) (100%),Raspberry Pi 3B 1GB,System,1
02:49:44.015,52.1,30.0,42.2525,283.468,Idle_browser_open,Cryptojacking,CoinIMP (CPU) (100%),Raspberry Pi 3B 1GB,System,1
02:49:45.300,51.5,21.4,42.2232,284.753,Idle_browser_open,Cryptojacking,CoinIMP (CPU) (100%),Raspberry Pi 3B 1GB,System,1
02:49:46.591,51.5,28.6,42.2232,286.044,Idle_browser_open,Cryptojacking,CoinIMP (CPU) (100%),Raspberry Pi 3B 1GB,System,1
02:49:47.862,51.5,23.5,42.2232,287.315,Idle_browser_open,Cryptojacking,CoinIMP (CPU) (100%),Raspberry Pi 3B 1GB,System,1
02:49:49.099,52.1,30.0,42.228,288.552,Idle_browser_open,Cryptojacking,CoinIMP (CPU) (100%),Raspberry Pi 3B 1GB,System,1
02:49:50.338,51.5,25.0,42.2224,289.791,Idle_browser_open,Cryptojacking,CoinIMP (CPU) (100%),Raspberry Pi 3B 1GB,System,1
02:49:51.575,52.1,25.0,42.228,291.028,Idle_browser_open,Cryptojacking,CoinIMP (CPU) (100%),Raspberry Pi 3B 1GB,System,1
02:49:52.839,51.5,25.0,42.2224,292.292,Idle_browser_open,Cryptojacking,CoinIMP (CPU) (100%),Raspberry Pi 3B 1GB,System,1
02:49:54.110,51.5,25.0,42.2224,293.563,Idle_browser_open,Cryptojacking,CoinIMP (CPU) (100%),Raspberry Pi 3B 1GB,System,1
02:49:55.350,51.5,30.0,42.2486,294.803,Idle_browser_open,Cryptojacking,CoinIMP (CPU) (100%),Raspberry Pi 3B 1GB,System,1
02:49:56.587,51.5,30.0,42.2814,296.04,Idle_browser_open,Cryptojacking,CoinIMP (CPU) (100%),Raspberry Pi 3B 1GB,System,1
02:49:57.825,52.1,22.2,42.1742,297.278,Idle_browser_open,Cryptojacking,CoinIMP (CPU) (100%),Raspberry Pi 3B 1GB,System,1
02:49:59.103,51.5,33.3,42.1208,298.556,Idle_browser_open,Cryptojacking,CoinIMP (CPU) (100%),Raspberry Pi 3B 1GB,System,1
02:50:00.344,51.5,25.0,42.1686,299.797,Attack,Cryptojacking,CoinIMP (CPU) (100%),Raspberry Pi 3B 1GB,System,1
02:50:01.588,51.5,30.0,42.0006,301.041,Attack,Cryptojacking,CoinIMP (CPU) (100%),Raspberry Pi 3B 1GB,System,1
02:50:02.873,53.2,50.0,41.9257,302.326,Attack,Cryptojacking,CoinIMP (CPU) (100%),Raspberry Pi 3B 1GB,System,1
02:50:04.307,53.7,100.0,46.8517,303.76,Attack,Cryptojacking,CoinIMP (CPU) (100%),Raspberry Pi 3B 1GB,System,1
02:50:05.800,57.5,100.0,46.8513,305.253,Attack,Cryptojacking,CoinIMP (CPU) (100%),Raspberry Pi 3B 1GB,System,1
02:50:07.248,58.0,100.0,46.6541,306.701,Attack,Cryptojacking,CoinIMP (CPU) (100%),Raspberry Pi 3B 1GB,System,1
02:50:08.728,60.1,100.0,46.6838,308.181,Attack,Cryptojacking,CoinIMP (CPU) (100%),Raspberry Pi 3B 1GB,System,1
02:50:10.197,61.2,100.0,46.7282,309.65,Attack,Cryptojacking,CoinIMP (CPU) (100%),Raspberry Pi 3B 1GB,System,1
02:50:11.685,61.8,100.0,46.897,311.138,Attack,Cryptojacking,CoinIMP (CPU) (100%),Raspberry Pi 3B 1GB,System,1
02:50:13.174,62.3,100.0,47.0528,312.627,Attack,Cryptojacking,CoinIMP (CPU) (100%),Raspberry Pi 3B 1GB,System,1
02:50:14.604,62.8,90.6,46.2963,314.057,Attack,Cryptojacking,CoinIMP (CPU) (100%),Raspberry Pi 3B 1GB,System,1
02:50:16.064,62.8,100.0,46.3235,315.517,Attack,Cryptojacking,CoinIMP (CPU) (100%),Raspberry Pi 3B 1GB,System,1
02:50:17.496,63.9,100.0,46.3235,316.949,Attack,Cryptojacking,CoinIMP (CPU) (100%),Raspberry Pi 3B 1GB,System,1
02:50:18.961,64.5,100.0,46.3506,318.414,Attack,Cryptojacking,CoinIMP (CPU) (100%),Raspberry Pi 3B 1GB,System,1
02:50:20.352,64.5,100.0,46.3497,319.805,Attack,Cryptojacking,CoinIMP (CPU) (100%),Raspberry Pi 3B 1GB,System,1
02:50:21.832,64.5,100.0,46.5396,321.285,Attack,Cryptojacking,CoinIMP (CPU) (100%),Raspberry Pi 3B 1GB,System,1
02:50:23.308,65.0,100.0,46.5392,322.761,Attack,Cryptojacking,CoinIMP (CPU) (100%),Raspberry Pi 3B 1GB,System,1
02:50:24.800,65.5,100.0,46.5383,324.253,Attack,Cryptojacking,CoinIMP (CPU) (100%),Raspberry Pi 3B 1GB,System,1
02:50:26.285,66.6,100.0,46.5383,325.738,Attack,Cryptojacking,CoinIMP (CPU) (100%),Raspberry Pi 3B 1GB,System,1
02:50:27.775,66.6,100.0,46.5336,327.228,Attack,Cryptojacking,CoinIMP (CPU) (100%),Raspberry Pi 3B 1GB,System,1
02:50:29.252,66.6,100.0,46.5323,328.705,Attack,Cryptojacking,CoinIMP (CPU) (100%),Raspberry Pi 3B 1GB,System,1
02:50:30.703,67.7,100.0,46.5865,330.156,Attack,Cryptojacking,CoinIMP (CPU) (100%),Raspberry Pi 3B 1GB,System,1
02:50:32.173,67.1,100.0,46.6408,331.626,Attack,Cryptojacking,CoinIMP (CPU) (100%),Raspberry Pi 3B 1GB,System,1
02:50:33.701,67.7,100.0,46.5818,333.154,Attack,Cryptojacking,CoinIMP (CPU) (100%),Raspberry Pi 3B 1GB,System,1
02:50:35.182,67.7,100.0,46.3717,334.635,Attack,Cryptojacking,CoinIMP (CPU) (100%),Raspberry Pi 3B 1GB,System,1
02:50:36.673,68.8,100.0,46.3622,336.126,Attack,Cryptojacking,CoinIMP (CPU) (100%),Raspberry Pi 3B 1GB,System,1
02:50:38.032,68.8,100.0,46.3678,337.485,Attack,Cryptojacking,CoinIMP (CPU) (100%),Raspberry Pi 3B 1GB,System,1
02:50:39.453,68.8,100.0,46.3303,338.906,Attack,Cryptojacking,CoinIMP (CPU) (100%),Raspberry Pi 3B 1GB,System,1
02:50:40.864,68.8,100.0,46.3032,340.317,Attack,Cryptojacking,CoinIMP (CPU) (100%),Raspberry Pi 3B 1GB,System,1
02:50:42.341,69.3,97.2,46.2976,341.794,Attack,Cryptojacking,CoinIMP (CPU) (100%),Raspberry Pi 3B 1GB,System,1
02:50:43.747,69.3,100.0,46.2976,343.2,Attack,Cryptojacking,CoinIMP (CPU) (100%),Raspberry Pi 3B 1GB,System,1
02:50:45.228,69.8,100.0,46.1413,344.681,Attack,Cryptojacking,CoinIMP (CPU) (100%),Raspberry Pi 3B 1GB,System,1
02:50:46.647,70.9,100.0,46.1611,346.1,Attack,Cryptojacking,CoinIMP (CPU) (100%),Raspberry Pi 3B 1GB,System,1
02:50:48.129,70.9,100.0,46.351,347.582,Attack,Cryptojacking,CoinIMP (CPU) (100%),Raspberry Pi 3B 1GB,System,1
02:50:49.526,70.9,100.0,46.3506,348.979,Attack,Cryptojacking,CoinIMP (CPU) (100%),Raspberry Pi 3B 1GB,System,1
02:50:51.004,70.9,100.0,46.4048,350.457,Attack,Cryptojacking,CoinIMP (CPU) (100%),Raspberry Pi 3B 1GB,System,1
02:50:52.465,70.9,100.0,46.4311,351.918,Attack,Cryptojacking,CoinIMP (CPU) (100%),Raspberry Pi 3B 1GB,System,1
02:50:53.944,71.4,100.0,46.4057,353.397,Attack,Cryptojacking,CoinIMP (CPU) (100%),Raspberry Pi 3B 1GB,System,1
02:50:55.428,71.4,100.0,46.1349,354.881,Attack,Cryptojacking,CoinIMP (CPU) (100%),Raspberry Pi 3B 1GB,System,1
02:50:56.924,72.0,100.0,46.376,356.377,Attack,Cryptojacking,CoinIMP (CPU) (100%),Raspberry Pi 3B 1GB,System,1
02:50:58.287,72.5,100.0,46.3988,357.74,Attack,Cryptojacking,CoinIMP (CPU) (100%),Raspberry Pi 3B 1GB,System,1
02:50:59.659,72.5,100.0,46.3446,359.112,Attack,Cryptojacking,CoinIMP (CPU) (100%),Raspberry Pi 3B 1GB,System,1
02:51:01.048,72.5,95.7,46.2688,360.501,Attack,Cryptojacking,CoinIMP (CPU) (100%),Raspberry Pi 3B 1GB,System,1
02:51:02.428,72.0,100.0,46.2679,361.881,Attack,Cryptojacking,CoinIMP (CPU) (100%),Raspberry Pi 3B 1GB,System,1
02:51:03.825,73.1,100.0,46.2081,363.278,Attack,Cryptojacking,CoinIMP (CPU) (100%),Raspberry Pi 3B 1GB,System,1
02:51:05.344,73.1,100.0,46.202,364.797,Attack,Cryptojacking,CoinIMP (CPU) (100%),Raspberry Pi 3B 1GB,System,1
02:51:06.827,73.1,100.0,46.3377,366.28,Attack,Cryptojacking,CoinIMP (CPU) (100%),Raspberry Pi 3B 1GB,System,1
02:51:08.336,73.6,100.0,46.3966,367.789,Attack,Cryptojacking,CoinIMP (CPU) (100%),Raspberry Pi 3B 1GB,System,1
02:51:09.792,73.6,100.0,46.4182,369.245,Attack,Cryptojacking,CoinIMP (CPU) (100%),Raspberry Pi 3B 1GB,System,1
02:51:11.228,73.6,100.0,46.4453,370.681,Attack,Cryptojacking,CoinIMP (CPU) (100%),Raspberry Pi 3B 1GB,System,1
02:51:12.717,74.1,100.0,46.4509,372.17,Attack,Cryptojacking,CoinIMP (CPU) (100%),Raspberry Pi 3B 1GB,System,1
02:51:14.209,74.7,100.0,46.45,373.662,Attack,Cryptojacking,CoinIMP (CPU) (100%),Raspberry Pi 3B 1GB,System,1
02:51:15.696,74.1,100.0,46.4444,375.149,Attack,Cryptojacking,CoinIMP (CPU) (100%),Raspberry Pi 3B 1GB,System,1
02:51:17.177,74.1,100.0,46.4444,376.63,Attack,Cryptojacking,CoinIMP (CPU) (100%),Raspberry Pi 3B 1GB,System,1
02:51:18.657,75.2,100.0,46.4229,378.11,Attack,Cryptojacking,CoinIMP (CPU) (100%),Raspberry Pi 3B 1GB,System,1
02:51:20.144,75.2,100.0,46.4165,379.597,Attack,Cryptojacking,CoinIMP (CPU) (100%),Raspberry Pi 3B 1GB,System,1
02:51:21.628,75.8,100.0,46.3148,381.081,Attack,Cryptojacking,CoinIMP (CPU) (100%),Raspberry Pi 3B 1GB,System,1
02:51:23.109,75.2,100.0,46.5577,382.562,Attack,Cryptojacking,CoinIMP (CPU) (100%),Raspberry Pi 3B 1GB,System,1
02:51:24.545,76.3,100.0,46.6606,383.998,Attack,Cryptojacking,CoinIMP (CPU) (100%),Raspberry Pi 3B 1GB,System,1
02:51:26.028,75.8,100.0,46.6868,385.481,Attack,Cryptojacking,CoinIMP (CPU) (100%),Raspberry Pi 3B 1GB,System,1
02:51:27.521,75.8,100.0,46.4716,386.974,Attack,Cryptojacking,CoinIMP (CPU) (100%),Raspberry Pi 3B 1GB,System,1
02:51:29.015,76.3,100.0,46.416,388.468,Attack,Cryptojacking,CoinIMP (CPU) (100%),Raspberry Pi 3B 1GB,System,1
02:51:30.459,76.3,97.3,46.4156,389.912,Attack,Cryptojacking,CoinIMP (CPU) (100%),Raspberry Pi 3B 1GB,System,1
02:51:31.948,76.8,100.0,46.3932,391.401,Attack,Cryptojacking,CoinIMP (CPU) (100%),Raspberry Pi 3B 1GB,System,1
02:51:33.433,77.4,100.0,46.2317,392.886,Attack,Cryptojacking,CoinIMP (CPU) (100%),Raspberry Pi 3B 1GB,System,1
02:51:34.924,76.8,100.0,46.1637,394.377,Attack,Cryptojacking,CoinIMP (CPU) (100%),Raspberry Pi 3B 1GB,System,1
02:51:36.408,77.4,100.0,46.1555,395.861,Attack,Cryptojacking,CoinIMP (CPU) (100%),Raspberry Pi 3B 1GB,System,1
02:51:37.876,77.4,100.0,46.1547,397.329,Attack,Cryptojacking,CoinIMP (CPU) (100%),Raspberry Pi 3B 1GB,System,1
02:51:39.277,77.4,100.0,46.1603,398.73,Attack,Cryptojacking,CoinIMP (CPU) (100%),Raspberry Pi 3B 1GB,System,1
02:51:40.769,77.4,100.0,46.1547,400.222,Attack,Cryptojacking,CoinIMP (CPU) (100%),Raspberry Pi 3B 1GB,System,1
02:51:42.268,77.4,100.0,46.0724,401.721,Attack,Cryptojacking,CoinIMP (CPU) (100%),Raspberry Pi 3B 1GB,System,1
02:51:43.740,77.9,100.0,45.9967,403.193,Attack,Cryptojacking,CoinIMP (CPU) (100%),Raspberry Pi 3B 1GB,System,1
02:51:45.209,77.9,100.0,45.9906,404.662,Attack,Cryptojacking,CoinIMP (CPU) (100%),Raspberry Pi 3B 1GB,System,1
02:51:46.597,77.4,100.0,46.1263,406.05,Attack,Cryptojacking,CoinIMP (CPU) (100%),Raspberry Pi 3B 1GB,System,1
02:51:48.056,78.4,100.0,46.1254,407.509,Attack,Cryptojacking,CoinIMP (CPU) (100%),Raspberry Pi 3B 1GB,System,1
02:51:49.521,77.9,100.0,46.1525,408.974,Attack,Cryptojacking,CoinIMP (CPU) (100%),Raspberry Pi 3B 1GB,System,1
02:51:51.012,79.0,100.0,46.2339,410.465,Attack,Cryptojacking,CoinIMP (CPU) (100%),Raspberry Pi 3B 1GB,System,1
02:51:52.432,78.4,100.0,46.2339,411.885,Attack,Cryptojacking,CoinIMP (CPU) (100%),Raspberry Pi 3B 1GB,System,1
02:51:53.852,78.4,100.0,46.233,413.305,Attack,Cryptojacking,CoinIMP (CPU) (100%),Raspberry Pi 3B 1GB,System,1
02:51:55.328,79.0,100.0,46.2602,414.781,Attack,Cryptojacking,CoinIMP (CPU) (100%),Raspberry Pi 3B 1GB,System,1
02:51:56.804,78.4,100.0,46.2873,416.257,Attack,Cryptojacking,CoinIMP (CPU) (100%),Raspberry Pi 3B 1GB,System,1
02:51:58.222,79.0,100.0,46.2873,417.675,Attack,Cryptojacking,CoinIMP (CPU) (100%),Raspberry Pi 3B 1GB,System,1
02:51:59.704,79.5,100.0,46.314,419.157,Attack,Cryptojacking,CoinIMP (CPU) (100%),Raspberry Pi 3B 1GB,System,1
02:52:01.188,79.5,100.0,46.233,420.641,Attack,Cryptojacking,CoinIMP (CPU) (100%),Raspberry Pi 3B 1GB,System,1
02:52:02.665,79.5,100.0,46.205,422.118,Attack,Cryptojacking,CoinIMP (CPU) (100%),Raspberry Pi 3B 1GB,System,1
02:52:04.141,79.5,100.0,46.2593,423.594,Attack,Cryptojacking,CoinIMP (CPU) (100%),Raspberry Pi 3B 1GB,System,1
02:52:05.607,79.5,100.0,46.4212,425.06,Attack,Cryptojacking,CoinIMP (CPU) (100%),Raspberry Pi 3B 1GB,System,1
02:52:07.068,79.5,100.0,46.4212,426.521,Attack,Cryptojacking,CoinIMP (CPU) (100%),Raspberry Pi 3B 1GB,System,1
02:52:08.477,79.5,100.0,46.5288,427.93,Attack,Cryptojacking,CoinIMP (CPU) (100%),Raspberry Pi 3B 1GB,System,1
02:52:09.954,80.1,100.0,46.5288,429.407,Attack,Cryptojacking,CoinIMP (CPU) (100%),Raspberry Pi 3B 1GB,System,1
02:52:11.420,79.5,100.0,46.5288,430.873,Attack,Cryptojacking,CoinIMP (CPU) (100%),Raspberry Pi 3B 1GB,System,1
02:52:12.888,80.6,100.0,46.4268,432.341,Attack,Cryptojacking,CoinIMP (CPU) (100%),Raspberry Pi 3B 1GB,System,1
02:52:14.293,80.1,100.0,46.4195,433.746,Attack,Cryptojacking,CoinIMP (CPU) (100%),Raspberry Pi 3B 1GB,System,1
02:52:15.772,80.6,100.0,46.6093,435.225,Attack,Cryptojacking,CoinIMP (CPU) (100%),Raspberry Pi 3B 1GB,System,1
02:52:17.249,80.6,96.7,46.5336,436.702,Attack,Cryptojacking,CoinIMP (CPU) (100%),Raspberry Pi 3B 1GB,System,1
02:52:18.744,80.6,100.0,46.6477,438.197,Attack,Cryptojacking,CoinIMP (CPU) (100%),Raspberry Pi 3B 1GB,System,1
02:52:20.217,80.6,100.0,46.3997,439.67,Attack,Cryptojacking,CoinIMP (CPU) (100%),Raspberry Pi 3B 1GB,System,1
02:52:21.582,80.6,100.0,46.3971,441.035,Attack,Cryptojacking,CoinIMP (CPU) (100%),Raspberry Pi 3B 1GB,System,1
02:52:22.992,80.6,97.0,46.6106,442.445,Attack,Cryptojacking,CoinIMP (CPU) (100%),Raspberry Pi 3B 1GB,System,1
02:52:24.471,80.1,100.0,46.4436,443.924,Attack,Cryptojacking,CoinIMP (CPU) (100%),Raspberry Pi 3B 1GB,System,1
02:52:25.916,80.1,100.0,46.5508,445.369,Attack,Cryptojacking,CoinIMP (CPU) (100%),Raspberry Pi 3B 1GB,System,1
02:52:27.378,80.6,100.0,46.5779,446.831,Attack,Cryptojacking,CoinIMP (CPU) (100%),Raspberry Pi 3B 1GB,System,1
02:52:28.860,81.1,100.0,46.5771,448.313,Attack,Cryptojacking,CoinIMP (CPU) (100%),Raspberry Pi 3B 1GB,System,1
02:52:30.224,80.6,100.0,46.6313,449.677,Attack,Cryptojacking,CoinIMP (CPU) (100%),Raspberry Pi 3B 1GB,System,1
02:52:31.692,80.6,100.0,46.6098,451.145,Attack,Cryptojacking,CoinIMP (CPU) (100%),Raspberry Pi 3B 1GB,System,1
02:52:33.173,81.7,100.0,46.6042,452.626,Attack,Cryptojacking,CoinIMP (CPU) (100%),Raspberry Pi 3B 1GB,System,1
02:52:34.640,81.1,100.0,46.6033,454.093,Attack,Cryptojacking,CoinIMP (CPU) (100%),Raspberry Pi 3B 1GB,System,1
02:52:36.098,80.6,100.0,46.6033,455.551,Attack,Cryptojacking,CoinIMP (CPU) (100%),Raspberry Pi 3B 1GB,System,1
02:52:37.560,81.7,100.0,46.6033,457.013,Attack,Cryptojacking,CoinIMP (CPU) (100%),Raspberry Pi 3B 1GB,System,1
02:52:39.048,80.6,100.0,46.6033,458.501,Attack,Cryptojacking,CoinIMP (CPU) (100%),Raspberry Pi 3B 1GB,System,1
02:52:40.528,81.7,100.0,46.528,459.981,Attack,Cryptojacking,CoinIMP (CPU) (100%),Raspberry Pi 3B 1GB,System,1
02:52:42.005,81.7,100.0,46.5211,461.458,Attack,Cryptojacking,CoinIMP (CPU) (100%),Raspberry Pi 3B 1GB,System,1
02:52:43.407,81.1,0.0,46.5211,462.86,Attack,Cryptojacking,CoinIMP (CPU) (100%),Raspberry Pi 3B 1GB,System,1
02:52:44.881,80.6,100.0,46.5211,464.334,Attack,Cryptojacking,CoinIMP (CPU) (100%),Raspberry Pi 3B 1GB,System,1
02:52:46.372,81.7,100.0,46.4931,465.825,Attack,Cryptojacking,CoinIMP (CPU) (100%),Raspberry Pi 3B 1GB,System,1
02:52:47.848,81.1,97.0,46.4931,467.301,Attack,Cryptojacking,CoinIMP (CPU) (100%),Raspberry Pi 3B 1GB,System,1
02:52:49.222,81.7,100.0,46.5465,468.675,Attack,Cryptojacking,CoinIMP (CPU) (100%),Raspberry Pi 3B 1GB,System,1
02:52:50.704,81.7,100.0,46.385,470.157,Attack,Cryptojacking,CoinIMP (CPU) (100%),Raspberry Pi 3B 1GB,System,1
02:52:52.176,81.7,100.0,46.3622,471.629,Attack,Cryptojacking,CoinIMP (CPU) (100%),Raspberry Pi 3B 1GB,System,1
02:52:53.548,81.7,100.0,46.3566,473.001,Attack,Cryptojacking,CoinIMP (CPU) (100%),Raspberry Pi 3B 1GB,System,1
02:52:54.985,81.7,95.4,46.3351,474.438,Attack,Cryptojacking,CoinIMP (CPU) (100%),Raspberry Pi 3B 1GB,System,1
02:52:56.459,81.7,100.0,46.3286,475.912,Attack,Cryptojacking,CoinIMP (CPU) (100%),Raspberry Pi 3B 1GB,System,1
02:52:57.936,81.1,100.0,46.5727,477.389,Attack,Cryptojacking,CoinIMP (CPU) (100%),Raspberry Pi 3B 1GB,System,1
02:52:59.436,81.7,100.0,46.6055,478.889,Attack,Cryptojacking,CoinIMP (CPU) (100%),Raspberry Pi 3B 1GB,System,1
02:53:00.864,82.2,100.0,46.5999,480.317,Attack,Cryptojacking,CoinIMP (CPU) (100%),Raspberry Pi 3B 1GB,System,1
02:53:02.340,81.7,100.0,46.7889,481.793,Attack,Cryptojacking,CoinIMP (CPU) (100%),Raspberry Pi 3B 1GB,System,1
02:53:03.812,81.7,100.0,46.7889,483.265,Attack,Cryptojacking,CoinIMP (CPU) (100%),Raspberry Pi 3B 1GB,System,1
02:53:05.292,82.2,100.0,46.7618,484.745,Attack,Cryptojacking,CoinIMP (CPU) (100%),Raspberry Pi 3B 1GB,System,1
02:53:06.785,81.1,100.0,46.6059,486.238,Attack,Cryptojacking,CoinIMP (CPU) (100%),Raspberry Pi 3B 1GB,System,1
02:53:08.260,82.2,100.0,46.7067,487.713,Attack,Cryptojacking,CoinIMP (CPU) (100%),Raspberry Pi 3B 1GB,System,1
02:53:09.705,81.7,96.8,46.7067,489.158,Attack,Cryptojacking,CoinIMP (CPU) (100%),Raspberry Pi 3B 1GB,System,1
02:53:11.192,81.7,100.0,46.6795,490.645,Attack,Cryptojacking,CoinIMP (CPU) (100%),Raspberry Pi 3B 1GB,System,1
02:53:12.620,81.7,100.0,46.6795,492.073,Attack,Cryptojacking,CoinIMP (CPU) (100%),Raspberry Pi 3B 1GB,System,1
02:53:14.108,81.7,100.0,46.7058,493.561,Attack,Cryptojacking,CoinIMP (CPU) (100%),Raspberry Pi 3B 1GB,System,1
02:53:15.585,81.7,100.0,46.7058,495.038,Attack,Cryptojacking,CoinIMP (CPU) (100%),Raspberry Pi 3B 1GB,System,1
02:53:17.006,81.7,100.0,46.6843,496.459,Attack,Cryptojacking,CoinIMP (CPU) (100%),Raspberry Pi 3B 1GB,System,1
02:53:18.419,81.7,100.0,46.63,497.872,Attack,Cryptojacking,CoinIMP (CPU) (100%),Raspberry Pi 3B 1GB,System,1
02:53:19.904,81.7,100.0,46.5977,499.357,Attack,Cryptojacking,CoinIMP (CPU) (100%),Raspberry Pi 3B 1GB,System,1
02:53:21.385,82.2,94.2,46.7583,500.838,Attack,Cryptojacking,CoinIMP (CPU) (100%),Raspberry Pi 3B 1GB,System,1
02:53:22.868,82.2,100.0,46.7816,502.321,Attack,Cryptojacking,CoinIMP (CPU) (100%),Raspberry Pi 3B 1GB,System,1
02:53:24.271,82.2,100.0,46.7583,503.724,Attack,Cryptojacking,CoinIMP (CPU) (100%),Raspberry Pi 3B 1GB,System,1
02:53:25.752,82.2,100.0,46.7527,505.205,Attack,Cryptojacking,CoinIMP (CPU) (100%),Raspberry Pi 3B 1GB,System,1
02:53:27.232,82.2,100.0,46.7519,506.685,Attack,Cryptojacking,CoinIMP (CPU) (100%),Raspberry Pi 3B 1GB,System,1
02:53:28.600,82.7,100.0,46.7846,508.053,Attack,Cryptojacking,CoinIMP (CPU) (100%),Raspberry Pi 3B 1GB,System,1
02:53:30.069,81.7,100.0,46.7575,509.522,Attack,Cryptojacking,CoinIMP (CPU) (100%),Raspberry Pi 3B 1GB,System,1
02:53:31.549,81.7,100.0,46.7247,511.002,Attack,Cryptojacking,CoinIMP (CPU) (100%),Raspberry Pi 3B 1GB,System,1
02:53:32.911,81.7,94.5,46.9736,512.364,Attack,Cryptojacking,CoinIMP (CPU) (100%),Raspberry Pi 3B 1GB,System,1
02:53:34.393,82.2,100.0,46.7579,513.846,Attack,Cryptojacking,CoinIMP (CPU) (100%),Raspberry Pi 3B 1GB,System,1
02:53:35.868,82.2,100.0,46.7295,515.321,Attack,Cryptojacking,CoinIMP (CPU) (100%),Raspberry Pi 3B 1GB,System,1
02:53:37.343,82.2,100.0,46.5357,516.796,Attack,Cryptojacking,CoinIMP (CPU) (100%),Raspberry Pi 3B 1GB,System,1
02:53:38.749,82.2,75.0,46.4815,518.202,Attack,Cryptojacking,CoinIMP (CPU) (100%),Raspberry Pi 3B 1GB,System,1
02:53:40.131,81.7,100.0,46.4574,519.584,Attack,Cryptojacking,CoinIMP (CPU) (100%),Raspberry Pi 3B 1GB,System,1
02:53:41.604,82.2,100.0,46.506,521.057,Attack,Cryptojacking,CoinIMP (CPU) (100%),Raspberry Pi 3B 1GB,System,1
02:53:43.050,81.7,100.0,46.5603,522.503,Attack,Cryptojacking,CoinIMP (CPU) (100%),Raspberry Pi 3B 1GB,System,1
02:53:44.512,82.2,100.0,46.5331,523.965,Attack,Cryptojacking,CoinIMP (CPU) (100%),Raspberry Pi 3B 1GB,System,1
02:53:45.940,82.2,100.0,46.6137,525.393,Attack,Cryptojacking,CoinIMP (CPU) (100%),Raspberry Pi 3B 1GB,System,1
02:53:47.392,82.7,100.0,46.6137,526.845,Attack,Cryptojacking,CoinIMP (CPU) (100%),Raspberry Pi 3B 1GB,System,1
02:53:48.816,81.7,100.0,46.695,528.269,Attack,Cryptojacking,CoinIMP (CPU) (100%),Raspberry Pi 3B 1GB,System,1
02:53:50.304,82.2,100.0,46.6735,529.757,Attack,Cryptojacking,CoinIMP (CPU) (100%),Raspberry Pi 3B 1GB,System,1
02:53:51.756,82.2,100.0,46.6455,531.209,Attack,Cryptojacking,CoinIMP (CPU) (100%),Raspberry Pi 3B 1GB,System,1
02:53:53.121,81.7,100.0,46.7484,532.574,Attack,Cryptojacking,CoinIMP (CPU) (100%),Raspberry Pi 3B 1GB,System,1
02:53:54.605,82.2,100.0,46.7484,534.058,Attack,Cryptojacking,CoinIMP (CPU) (100%),Raspberry Pi 3B 1GB,System,1
02:53:56.104,82.7,100.0,46.7484,535.557,Attack,Cryptojacking,CoinIMP (CPU) (100%),Raspberry Pi 3B 1GB,System,1
02:53:57.588,82.2,100.0,46.6778,537.041,Attack,Cryptojacking,CoinIMP (CPU) (100%),Raspberry Pi 3B 1GB,System,1
02:53:59.076,82.2,100.0,46.4509,538.529,Attack,Cryptojacking,CoinIMP (CPU) (100%),Raspberry Pi 3B 1GB,System,1
02:54:00.457,82.7,100.0,46.4492,539.91,Attack,Cryptojacking,CoinIMP (CPU) (100%),Raspberry Pi 3B 1GB,System,1
02:54:01.855,82.2,100.0,46.6933,541.308,Attack,Cryptojacking,CoinIMP (CPU) (100%),Raspberry Pi 3B 1GB,System,1
02:54:03.249,82.2,96.3,46.6929,542.702,Attack,Cryptojacking,CoinIMP (CPU) (100%),Raspberry Pi 3B 1GB,System,1
02:54:04.728,81.7,100.0,46.7463,544.181,Attack,Cryptojacking,CoinIMP (CPU) (100%),Raspberry Pi 3B 1GB,System,1
02:54:06.200,82.7,85.2,46.7463,545.653,Attack,Cryptojacking,CoinIMP (CPU) (100%),Raspberry Pi 3B 1GB,System,1
02:54:07.605,82.7,100.0,46.9633,547.058,Attack,Cryptojacking,CoinIMP (CPU) (100%),Raspberry Pi 3B 1GB,System,1
02:54:09.096,82.7,100.0,46.4208,548.549,Attack,Cryptojacking,CoinIMP (CPU) (100%),Raspberry Pi 3B 1GB,System,1
02:54:10.592,83.3,100.0,46.4195,550.045,Attack,Cryptojacking,CoinIMP (CPU) (100%),Raspberry Pi 3B 1GB,System,1
02:54:12.032,82.2,100.0,46.4466,551.485,Attack,Cryptojacking,CoinIMP (CPU) (100%),Raspberry Pi 3B 1GB,System,1
02:54:13.436,82.7,100.0,46.4466,552.889,Attack,Cryptojacking,CoinIMP (CPU) (100%),Raspberry Pi 3B 1GB,System,1
02:54:14.916,82.2,100.0,46.4466,554.369,Attack,Cryptojacking,CoinIMP (CPU) (100%),Raspberry Pi 3B 1GB,System,1
02:54:16.392,82.7,100.0,46.4457,555.845,Attack,Cryptojacking,CoinIMP (CPU) (100%),Raspberry Pi 3B 1GB,System,1
02:54:17.806,82.7,100.0,46.5271,557.259,Attack,Cryptojacking,CoinIMP (CPU) (100%),Raspberry Pi 3B 1GB,System,1
02:54:19.293,82.7,100.0,46.3928,558.746,Attack,Cryptojacking,CoinIMP (CPU) (100%),Raspberry Pi 3B 1GB,System,1
02:54:20.717,82.7,100.0,46.3915,560.17,Attack,Cryptojacking,CoinIMP (CPU) (100%),Raspberry Pi 3B 1GB,System,1
02:54:22.220,82.7,97.2,46.3906,561.673,Attack,Cryptojacking,CoinIMP (CPU) (100%),Raspberry Pi 3B 1GB,System,1
02:54:23.709,82.2,97.3,46.3906,563.162,Attack,Cryptojacking,CoinIMP (CPU) (100%),Raspberry Pi 3B 1GB,System,1
02:54:25.081,82.2,100.0,46.3906,564.534,Attack,Cryptojacking,CoinIMP (CPU) (100%),Raspberry Pi 3B 1GB,System,1
02:54:26.523,82.2,100.0,46.4991,565.976,Attack,Cryptojacking,CoinIMP (CPU) (100%),Raspberry Pi 3B 1GB,System,1
02:54:27.959,82.7,100.0,46.4983,567.412,Attack,Cryptojacking,CoinIMP (CPU) (100%),Raspberry Pi 3B 1GB,System,1
02:54:29.452,82.2,100.0,46.4983,568.905,Attack,Cryptojacking,CoinIMP (CPU) (100%),Raspberry Pi 3B 1GB,System,1
02:54:30.939,82.7,100.0,46.4711,570.392,Attack,Cryptojacking,CoinIMP (CPU) (100%),Raspberry Pi 3B 1GB,System,1
02:54:32.427,82.2,100.0,46.4983,571.88,Attack,Cryptojacking,CoinIMP (CPU) (100%),Raspberry Pi 3B 1GB,System,1
02:54:33.895,82.2,100.0,46.4983,573.348,Attack,Cryptojacking,CoinIMP (CPU) (100%),Raspberry Pi 3B 1GB,System,1
02:54:35.357,82.2,100.0,46.5245,574.81,Attack,Cryptojacking,CoinIMP (CPU) (100%),Raspberry Pi 3B 1GB,System,1
02:54:36.833,82.7,100.0,46.5232,576.286,Attack,Cryptojacking,CoinIMP (CPU) (100%),Raspberry Pi 3B 1GB,System,1
02:54:38.318,82.7,100.0,46.5232,577.771,Attack,Cryptojacking,CoinIMP (CPU) (100%),Raspberry Pi 3B 1GB,System,1
02:54:39.692,82.2,100.0,46.5232,579.145,Attack,Cryptojacking,CoinIMP (CPU) (100%),Raspberry Pi 3B 1GB,System,1
02:54:41.165,82.2,100.0,46.5766,580.618,Attack,Cryptojacking,CoinIMP (CPU) (100%),Raspberry Pi 3B 1GB,System,1
02:54:42.551,82.2,100.0,46.5766,582.004,Attack,Cryptojacking,CoinIMP (CPU) (100%),Raspberry Pi 3B 1GB,System,1
02:54:44.034,82.2,100.0,46.5766,583.487,Attack,Cryptojacking,CoinIMP (CPU) (100%),Raspberry Pi 3B 1GB,System,1
02:54:45.536,82.7,100.0,46.5008,584.989,Attack,Cryptojacking,CoinIMP (CPU) (100%),Raspberry Pi 3B 1GB,System,1
02:54:47.026,82.7,100.0,46.3704,586.479,Attack,Cryptojacking,CoinIMP (CPU) (100%),Raspberry Pi 3B 1GB,System,1
02:54:48.512,82.7,100.0,46.3101,587.965,Attack,Cryptojacking,CoinIMP (CPU) (100%),Raspberry Pi 3B 1GB,System,1
02:54:49.956,82.2,100.0,46.2774,589.409,Attack,Cryptojacking,CoinIMP (CPU) (100%),Raspberry Pi 3B 1GB,System,1
02:54:51.445,82.7,100.0,46.2774,590.898,Attack,Cryptojacking,CoinIMP (CPU) (100%),Raspberry Pi 3B 1GB,System,1
02:54:52.931,82.2,100.0,46.2765,592.384,Attack,Cryptojacking,CoinIMP (CPU) (100%),Raspberry Pi 3B 1GB,System,1
02:54:54.380,82.7,100.0,46.3579,593.833,Attack,Cryptojacking,CoinIMP (CPU) (100%),Raspberry Pi 3B 1GB,System,1
02:54:55.830,82.7,100.0,46.3394,595.283,Attack,Cryptojacking,CoinIMP (CPU) (100%),Raspberry Pi 3B 1GB,System,1
02:54:57.292,82.2,100.0,46.258,596.745,Attack,Cryptojacking,CoinIMP (CPU) (100%),Raspberry Pi 3B 1GB,System,1
02:54:58.780,82.7,100.0,46.2571,598.233,Attack,Cryptojacking,CoinIMP (CPU) (100%),Raspberry Pi 3B 1GB,System,1
02:55:00.197,82.2,96.6,46.2571,599.65,Recovery,Cryptojacking,CoinIMP (CPU) (100%),Raspberry Pi 3B 1GB,System,1
02:55:01.632,82.2,100.0,45.8145,601.085,Recovery,Cryptojacking,CoinIMP (CPU) (100%),Raspberry Pi 3B 1GB,System,1
02:55:02.887,80.6,50.0,20.3069,602.34,Recovery,Cryptojacking,CoinIMP (CPU) (100%),Raspberry Pi 3B 1GB,System,1
02:55:04.120,78.4,33.3,20.2152,603.573,Recovery,Cryptojacking,CoinIMP (CPU) (100%),Raspberry Pi 3B 1GB,System,1
02:55:05.352,77.4,22.2,17.4092,604.805,Recovery,Cryptojacking,CoinIMP (CPU) (100%),Raspberry Pi 3B 1GB,System,1
02:55:06.585,76.3,25.0,17.4906,606.038,Recovery,Cryptojacking,CoinIMP (CPU) (100%),Raspberry Pi 3B 1GB,System,1
02:55:07.817,75.8,25.0,17.6805,607.27,Recovery,Cryptojacking,CoinIMP (CPU) (100%),Raspberry Pi 3B 1GB,System,1
02:55:09.050,74.1,25.0,17.6792,608.503,Recovery,Cryptojacking,CoinIMP (CPU) (100%),Raspberry Pi 3B 1GB,System,1
02:55:10.328,74.1,28.6,17.6792,609.781,Recovery,Cryptojacking,CoinIMP (CPU) (100%),Raspberry Pi 3B 1GB,System,1
02:55:11.611,73.1,23.1,17.6792,611.064,Recovery,Cryptojacking,CoinIMP (CPU) (100%),Raspberry Pi 3B 1GB,System,1
02:55:12.892,73.1,25.0,17.6792,612.345,Recovery,Cryptojacking,CoinIMP (CPU) (100%),Raspberry Pi 3B 1GB,System,1
02:55:14.156,72.0,35.3,17.814,613.609,Recovery,Cryptojacking,CoinIMP (CPU) (100%),Raspberry Pi 3B 1GB,System,1
02:55:15.389,72.0,25.0,17.8381,614.842,Recovery,Cryptojacking,CoinIMP (CPU) (100%),Raspberry Pi 3B 1GB,System,1
02:55:16.621,70.9,25.0,17.8381,616.074,Recovery,Cryptojacking,CoinIMP (CPU) (100%),Raspberry Pi 3B 1GB,System,1
02:55:17.852,71.4,25.0,17.8381,617.305,Recovery,Cryptojacking,CoinIMP (CPU) (100%),Raspberry Pi 3B 1GB,System,1
02:55:19.112,70.9,22.2,17.8652,618.565,Recovery,Cryptojacking,CoinIMP (CPU) (100%),Raspberry Pi 3B 1GB,System,1
02:55:20.390,70.9,21.4,17.8643,619.843,Recovery,Cryptojacking,CoinIMP (CPU) (100%),Raspberry Pi 3B 1GB,System,1
02:55:21.669,69.8,28.5,17.8643,621.122,Recovery,Cryptojacking,CoinIMP (CPU) (100%),Raspberry Pi 3B 1GB,System,1
02:55:22.955,69.8,23.1,17.8643,622.408,Recovery,Cryptojacking,CoinIMP (CPU) (100%),Raspberry Pi 3B 1GB,System,1
02:55:24.219,69.3,20.0,17.8643,623.672,Recovery,Cryptojacking,CoinIMP (CPU) (100%),Raspberry Pi 3B 1GB,System,1
02:55:25.451,69.3,25.0,17.8643,624.904,Recovery,Cryptojacking,CoinIMP (CPU) (100%),Raspberry Pi 3B 1GB,System,1
02:55:26.683,68.8,22.2,17.8643,626.136,Recovery,Cryptojacking,CoinIMP (CPU) (100%),Raspberry Pi 3B 1GB,System,1
02:55:27.916,69.3,22.2,17.8635,627.369,Recovery,Cryptojacking,CoinIMP (CPU) (100%),Raspberry Pi 3B 1GB,System,1
02:55:29.173,68.8,22.2,17.8635,628.626,Recovery,Cryptojacking,CoinIMP (CPU) (100%),Raspberry Pi 3B 1GB,System,1
02:55:30.435,68.2,33.3,17.8635,629.888,Recovery,Cryptojacking,CoinIMP (CPU) (100%),Raspberry Pi 3B 1GB,System,1
02:55:31.668,68.8,22.2,17.8635,631.121,Recovery,Cryptojacking,CoinIMP (CPU) (100%),Raspberry Pi 3B 1GB,System,1
02:55:32.901,68.2,14.3,17.8626,632.354,Recovery,Cryptojacking,CoinIMP (CPU) (100%),Raspberry Pi 3B 1GB,System,1
02:55:34.133,68.2,14.3,17.944,633.586,Recovery,Cryptojacking,CoinIMP (CPU) (100%),Raspberry Pi 3B 1GB,System,1
02:55:35.390,68.2,25.0,17.9225,634.843,Recovery,Cryptojacking,CoinIMP (CPU) (100%),Raspberry Pi 3B 1GB,System,1
02:55:36.657,67.7,29.4,17.8897,636.11,Recovery,Cryptojacking,CoinIMP (CPU) (100%),Raspberry Pi 3B 1GB,System,1
02:55:37.892,68.2,22.2,17.86,637.345,Recovery,Cryptojacking,CoinIMP (CPU) (100%),Raspberry Pi 3B 1GB,System,1
02:55:39.125,66.6,22.2,17.8265,638.578,Recovery,Cryptojacking,CoinIMP (CPU) (100%),Raspberry Pi 3B 1GB,System,1
02:55:40.359,67.1,25.0,17.8265,639.812,Recovery,Cryptojacking,CoinIMP (CPU) (100%),Raspberry Pi 3B 1GB,System,1
02:55:41.614,67.7,25.0,17.832,641.067,Recovery,Cryptojacking,CoinIMP (CPU) (100%),Raspberry Pi 3B 1GB,System,1
02:55:42.880,66.6,20.0,17.8213,642.333,Recovery,Cryptojacking,CoinIMP (CPU) (100%),Raspberry Pi 3B 1GB,System,1
02:55:44.114,67.1,25.0,17.7998,643.567,Recovery,Cryptojacking,CoinIMP (CPU) (100%),Raspberry Pi 3B 1GB,System,1
02:55:45.348,66.6,33.3,17.7662,644.801,Recovery,Cryptojacking,CoinIMP (CPU) (100%),Raspberry Pi 3B 1GB,System,1
02:55:46.582,66.6,25.0,17.7933,646.035,Recovery,Cryptojacking,CoinIMP (CPU) (100%),Raspberry Pi 3B 1GB,System,1
02:55:47.844,65.5,12.5,17.7933,647.297,Recovery,Cryptojacking,CoinIMP (CPU) (100%),Raspberry Pi 3B 1GB,System,1
02:55:49.111,65.5,26.7,17.7933,648.564,Recovery,Cryptojacking,CoinIMP (CPU) (100%),Raspberry Pi 3B 1GB,System,1
02:55:50.343,65.5,33.3,17.7933,649.796,Recovery,Cryptojacking,CoinIMP (CPU) (100%),Raspberry Pi 3B 1GB,System,1
02:55:51.577,65.5,33.3,17.7933,651.03,Recovery,Cryptojacking,CoinIMP (CPU) (100%),Raspberry Pi 3B 1GB,System,1
02:55:52.810,65.5,33.3,17.7924,652.263,Recovery,Cryptojacking,CoinIMP (CPU) (100%),Raspberry Pi 3B 1GB,System,1
02:55:54.067,65.5,30.0,17.7924,653.52,Recovery,Cryptojacking,CoinIMP (CPU) (100%),Raspberry Pi 3B 1GB,System,1
02:55:55.333,64.5,26.7,17.7924,654.786,Recovery,Cryptojacking,CoinIMP (CPU) (100%),Raspberry Pi 3B 1GB,System,1
02:55:56.566,65.0,12.5,17.7924,656.019,Recovery,Cryptojacking,CoinIMP (CPU) (100%),Raspberry Pi 3B 1GB,System,1
02:55:57.799,65.0,25.0,17.8196,657.252,Recovery,Cryptojacking,CoinIMP (CPU) (100%),Raspberry Pi 3B 1GB,System,1
02:55:59.032,64.5,22.2,17.8187,658.485,Recovery,Cryptojacking,CoinIMP (CPU) (100%),Raspberry Pi 3B 1GB,System,1
02:56:00.291,64.5,25.0,17.8187,659.744,Recovery,Cryptojacking,CoinIMP (CPU) (100%),Raspberry Pi 3B 1GB,System,1
02:56:01.557,64.5,23.5,17.8187,661.01,Recovery,Cryptojacking,CoinIMP (CPU) (100%),Raspberry Pi 3B 1GB,System,1
02:56:02.790,63.4,25.0,17.8187,662.243,Recovery,Cryptojacking,CoinIMP (CPU) (100%),Raspberry Pi 3B 1GB,System,1
02:56:04.022,64.5,33.3,17.8178,663.475,Recovery,Cryptojacking,CoinIMP (CPU) (100%),Raspberry Pi 3B 1GB,System,1
02:56:05.254,63.4,33.3,17.845,664.707,Recovery,Cryptojacking,CoinIMP (CPU) (100%),Raspberry Pi 3B 1GB,System,1
02:56:06.521,63.4,33.3,17.845,665.974,Recovery,Cryptojacking,CoinIMP (CPU) (100%),Raspberry Pi 3B 1GB,System,1
02:56:07.753,63.4,25.0,17.845,667.206,Recovery,Cryptojacking,CoinIMP (CPU) (100%),Raspberry Pi 3B 1GB,System,1
02:56:08.986,63.9,25.0,17.8691,668.439,Recovery,Cryptojacking,CoinIMP (CPU) (100%),Raspberry Pi 3B 1GB,System,1
02:56:10.218,63.4,12.5,17.8691,669.671,Recovery,Cryptojacking,CoinIMP (CPU) (100%),Raspberry Pi 3B 1GB,System,1
02:56:11.450,63.4,22.2,17.8682,670.903,Recovery,Cryptojacking,CoinIMP (CPU) (100%),Raspberry Pi 3B 1GB,System,1
02:56:12.716,62.3,25.0,17.9496,672.169,Recovery,Cryptojacking,CoinIMP (CPU) (100%),Raspberry Pi 3B 1GB,System,1
02:56:13.949,62.3,25.0,17.9496,673.402,Recovery,Cryptojacking,CoinIMP (CPU) (100%),Raspberry Pi 3B 1GB,System,1
02:56:15.183,62.3,25.0,17.9225,674.636,Recovery,Cryptojacking,CoinIMP (CPU) (100%),Raspberry Pi 3B 1GB,System,1
02:56:16.418,62.8,25.0,17.9225,675.871,Recovery,Cryptojacking,CoinIMP (CPU) (100%),Raspberry Pi 3B 1GB,System,1
02:56:17.678,62.3,25.0,17.9216,677.131,Recovery,Cryptojacking,CoinIMP (CPU) (100%),Raspberry Pi 3B 1GB,System,1
02:56:18.939,62.3,23.1,17.9216,678.392,Recovery,Cryptojacking,CoinIMP (CPU) (100%),Raspberry Pi 3B 1GB,System,1
02:56:20.172,62.3,33.3,17.9216,679.625,Recovery,Cryptojacking,CoinIMP (CPU) (100%),Raspberry Pi 3B 1GB,System,1
02:56:21.407,62.3,30.0,17.9216,680.86,Recovery,Cryptojacking,CoinIMP (CPU) (100%),Raspberry Pi 3B 1GB,System,1
02:56:22.642,62.3,25.0,17.8996,682.095,Recovery,Cryptojacking,CoinIMP (CPU) (100%),Raspberry Pi 3B 1GB,System,1
02:56:23.901,62.3,25.0,17.8936,683.354,Recovery,Cryptojacking,CoinIMP (CPU) (100%),Raspberry Pi 3B 1GB,System,1
02:56:25.170,61.8,20.0,17.8936,684.623,Recovery,Cryptojacking,CoinIMP (CPU) (100%),Raspberry Pi 3B 1GB,System,1
02:56:26.404,61.2,25.0,17.8773,685.857,Recovery,Cryptojacking,CoinIMP (CPU) (100%),Raspberry Pi 3B 1GB,System,1
02:56:27.638,61.2,22.2,17.8773,687.091,Recovery,Cryptojacking,CoinIMP (CPU) (100%),Raspberry Pi 3B 1GB,System,1
02:56:28.872,61.2,30.0,17.8764,688.325,Recovery,Cryptojacking,CoinIMP (CPU) (100%),Raspberry Pi 3B 1GB,System,1
02:56:30.130,61.2,25.0,17.9035,689.583,Recovery,Cryptojacking,CoinIMP (CPU) (100%),Raspberry Pi 3B 1GB,System,1
02:56:31.396,60.1,29.4,17.9306,690.849,Recovery,Cryptojacking,CoinIMP (CPU) (100%),Raspberry Pi 3B 1GB,System,1
02:56:32.630,61.2,22.2,17.882,692.083,Recovery,Cryptojacking,CoinIMP (CPU) (100%),Raspberry Pi 3B 1GB,System,1
02:56:33.865,61.2,14.3,17.8493,693.318,Recovery,Cryptojacking,CoinIMP (CPU) (100%),Raspberry Pi 3B 1GB,System,1
02:56:35.097,60.7,25.0,17.8221,694.55,Recovery,Cryptojacking,CoinIMP (CPU) (100%),Raspberry Pi 3B 1GB,System,1
02:56:36.356,60.7,22.2,17.7942,695.809,Recovery,Cryptojacking,CoinIMP (CPU) (100%),Raspberry Pi 3B 1GB,System,1
02:56:37.621,60.7,26.7,17.7942,697.074,Recovery,Cryptojacking,CoinIMP (CPU) (100%),Raspberry Pi 3B 1GB,System,1
02:56:38.855,60.7,25.0,17.7942,698.308,Recovery,Cryptojacking,CoinIMP (CPU) (100%),Raspberry Pi 3B 1GB,System,1
02:56:40.088,60.7,30.0,17.7942,699.541,Recovery,Cryptojacking,CoinIMP (CPU) (100%),Raspberry Pi 3B 1GB,System,1
02:56:41.322,60.1,25.0,17.7933,700.775,Recovery,Cryptojacking,CoinIMP (CPU) (100%),Raspberry Pi 3B 1GB,System,1
02:56:42.586,60.1,22.2,17.7933,702.039,Recovery,Cryptojacking,CoinIMP (CPU) (100%),Raspberry Pi 3B 1GB,System,1
02:56:43.820,60.1,14.3,17.8204,703.273,Recovery,Cryptojacking,CoinIMP (CPU) (100%),Raspberry Pi 3B 1GB,System,1
02:56:45.053,60.1,33.3,17.8204,704.506,Recovery,Cryptojacking,CoinIMP (CPU) (100%),Raspberry Pi 3B 1GB,System,1
02:56:46.288,60.1,14.3,17.8475,705.741,Recovery,Cryptojacking,CoinIMP (CPU) (100%),Raspberry Pi 3B 1GB,System,1
02:56:47.523,60.1,25.0,17.8475,706.976,Recovery,Cryptojacking,CoinIMP (CPU) (100%),Raspberry Pi 3B 1GB,System,1
02:56:48.804,59.1,23.1,17.8467,708.257,Recovery,Cryptojacking,CoinIMP (CPU) (100%),Raspberry Pi 3B 1GB,System,1
02:56:50.085,59.1,23.1,17.8467,709.538,Recovery,Cryptojacking,CoinIMP (CPU) (100%),Raspberry Pi 3B 1GB,System,1
02:56:51.353,59.1,26.6,17.8467,710.806,Recovery,Cryptojacking,CoinIMP (CPU) (100%),Raspberry Pi 3B 1GB,System,1
02:56:52.586,59.1,25.0,17.8467,712.039,Recovery,Cryptojacking,CoinIMP (CPU) (100%),Raspberry Pi 3B 1GB,System,1
02:56:53.819,59.1,14.3,17.9001,713.272,Recovery,Cryptojacking,CoinIMP (CPU) (100%),Raspberry Pi 3B 1GB,System,1
02:56:55.052,59.1,25.0,17.9272,714.505,Recovery,Cryptojacking,CoinIMP (CPU) (100%),Raspberry Pi 3B 1GB,System,1
02:56:56.311,59.1,25.0,17.9272,715.764,Recovery,Cryptojacking,CoinIMP (CPU) (100%),Raspberry Pi 3B 1GB,System,1
02:56:57.546,59.6,25.0,17.873,716.999,Recovery,Cryptojacking,CoinIMP (CPU) (100%),Raspberry Pi 3B 1GB,System,1
02:56:58.780,59.1,22.2,17.8187,718.233,Recovery,Cryptojacking,CoinIMP (CPU) (100%),Raspberry Pi 3B 1GB,System,1
02:57:00.015,59.1,30.0,17.7907,719.468,Recovery,Cryptojacking,CoinIMP (CPU) (100%),Raspberry Pi 3B 1GB,System,1
02:57:01.249,59.1,25.0,17.7838,720.702,Recovery,Cryptojacking,CoinIMP (CPU) (100%),Raspberry Pi 3B 1GB,System,1
02:57:02.527,58.5,33.3,17.8923,721.98,Recovery,Cryptojacking,CoinIMP (CPU) (100%),Raspberry Pi 3B 1GB,System,1
02:57:03.794,58.0,21.4,17.8923,723.247,Recovery,Cryptojacking,CoinIMP (CPU) (100%),Raspberry Pi 3B 1GB,System,1
02:57:05.029,58.5,22.2,17.8923,724.482,Recovery,Cryptojacking,CoinIMP (CPU) (100%),Raspberry Pi 3B 1GB,System,1
02:57:06.262,58.5,22.2,17.891,725.715,Recovery,Cryptojacking,CoinIMP (CPU) (100%),Raspberry Pi 3B 1GB,System,1
02:57:07.494,58.5,22.2,17.891,726.947,Recovery,Cryptojacking,CoinIMP (CPU) (100%),Raspberry Pi 3B 1GB,System,1
02:57:08.752,58.5,25.0,17.891,728.205,Recovery,Cryptojacking,CoinIMP (CPU) (100%),Raspberry Pi 3B 1GB,System,1
02:57:10.020,58.0,29.4,17.8424,729.473,Recovery,Cryptojacking,CoinIMP (CPU) (100%),Raspberry Pi 3B 1GB,System,1
02:57:11.255,58.5,14.3,17.8368,730.708,Recovery,Cryptojacking,CoinIMP (CPU) (100%),Raspberry Pi 3B 1GB,System,1
02:57:12.489,59.1,33.3,17.9182,731.942,Recovery,Cryptojacking,CoinIMP (CPU) (100%),Raspberry Pi 3B 1GB,System,1
02:57:13.723,58.5,25.0,17.9173,733.176,Recovery,Cryptojacking,CoinIMP (CPU) (100%),Raspberry Pi 3B 1GB,System,1
02:57:14.984,58.0,33.3,17.9173,734.437,Recovery,Cryptojacking,CoinIMP (CPU) (100%),Raspberry Pi 3B 1GB,System,1
02:57:16.251,57.5,26.6,17.9173,735.704,Recovery,Cryptojacking,CoinIMP (CPU) (100%),Raspberry Pi 3B 1GB,System,1
02:57:17.484,58.0,30.0,17.9173,736.937,Recovery,Cryptojacking,CoinIMP (CPU) (100%),Raspberry Pi 3B 1GB,System,1
02:57:18.717,58.0,25.0,17.9173,738.17,Recovery,Cryptojacking,CoinIMP (CPU) (100%),Raspberry Pi 3B 1GB,System,1
02:57:19.950,58.0,25.0,17.9147,739.403,Recovery,Cryptojacking,CoinIMP (CPU) (100%),Raspberry Pi 3B 1GB,System,1
02:57:21.213,56.9,14.3,17.9147,740.666,Recovery,Cryptojacking,CoinIMP (CPU) (100%),Raspberry Pi 3B 1GB,System,1
02:57:22.448,56.9,25.0,17.9139,741.901,Recovery,Cryptojacking,CoinIMP (CPU) (100%),Raspberry Pi 3B 1GB,System,1
02:57:23.681,58.0,14.3,17.9139,743.134,Recovery,Cryptojacking,CoinIMP (CPU) (100%),Raspberry Pi 3B 1GB,System,1
02:57:24.914,57.5,22.2,17.9139,744.367,Recovery,Cryptojacking,CoinIMP (CPU) (100%),Raspberry Pi 3B 1GB,System,1
02:57:26.147,57.5,25.0,17.9139,745.6,Recovery,Cryptojacking,CoinIMP (CPU) (100%),Raspberry Pi 3B 1GB,System,1
02:57:27.410,56.9,20.0,17.9139,746.863,Recovery,Cryptojacking,CoinIMP (CPU) (100%),Raspberry Pi 3B 1GB,System,1
02:57:28.643,56.9,12.5,17.9401,748.096,Recovery,Cryptojacking,CoinIMP (CPU) (100%),Raspberry Pi 3B 1GB,System,1
02:57:29.877,56.9,33.3,17.9186,749.33,Recovery,Cryptojacking,CoinIMP (CPU) (100%),Raspberry Pi 3B 1GB,System,1
02:57:31.111,57.5,25.0,17.8859,750.564,Recovery,Cryptojacking,CoinIMP (CPU) (100%),Raspberry Pi 3B 1GB,System,1
02:57:32.370,56.9,33.3,17.9672,751.823,Recovery,Cryptojacking,CoinIMP (CPU) (100%),Raspberry Pi 3B 1GB,System,1
02:57:33.655,56.9,28.6,17.9672,753.108,Recovery,Cryptojacking,CoinIMP (CPU) (100%),Raspberry Pi 3B 1GB,System,1
02:57:34.921,56.4,25.0,17.9664,754.374,Recovery,Cryptojacking,CoinIMP (CPU) (100%),Raspberry Pi 3B 1GB,System,1
02:57:36.153,56.4,25.0,17.9664,755.606,Recovery,Cryptojacking,CoinIMP (CPU) (100%),Raspberry Pi 3B 1GB,System,1
02:57:37.386,56.9,14.3,17.972,756.839,Recovery,Cryptojacking,CoinIMP (CPU) (100%),Raspberry Pi 3B 1GB,System,1
02:57:38.621,56.9,33.3,17.9393,758.074,Recovery,Cryptojacking,CoinIMP (CPU) (100%),Raspberry Pi 3B 1GB,System,1
02:57:39.880,56.9,22.2,17.9664,759.333,Recovery,Cryptojacking,CoinIMP (CPU) (100%),Raspberry Pi 3B 1GB,System,1
02:57:41.144,56.4,23.1,17.9169,760.597,Recovery,Cryptojacking,CoinIMP (CPU) (100%),Raspberry Pi 3B 1GB,System,1
02:57:42.378,56.9,33.3,17.8355,761.831,Recovery,Cryptojacking,CoinIMP (CPU) (100%),Raspberry Pi 3B 1GB,System,1
02:57:43.612,56.9,25.0,17.857,763.065,Recovery,Cryptojacking,CoinIMP (CPU) (100%),Raspberry Pi 3B 1GB,System,1
02:57:44.846,56.9,25.0,17.8841,764.299,Recovery,Cryptojacking,CoinIMP (CPU) (100%),Raspberry Pi 3B 1GB,System,1
02:57:46.105,56.4,25.0,17.8841,765.558,Recovery,Cryptojacking,CoinIMP (CPU) (100%),Raspberry Pi 3B 1GB,System,1
02:57:47.371,55.8,21.4,17.8833,766.824,Recovery,Cryptojacking,CoinIMP (CPU) (100%),Raspberry Pi 3B 1GB,System,1
02:57:48.606,56.4,33.3,17.8833,768.059,Recovery,Cryptojacking,CoinIMP (CPU) (100%),Raspberry Pi 3B 1GB,System,1
02:57:49.840,56.4,25.0,17.8023,769.293,Recovery,Cryptojacking,CoinIMP (CPU) (100%),Raspberry Pi 3B 1GB,System,1
02:57:51.073,56.4,25.0,17.9104,770.526,Recovery,Cryptojacking,CoinIMP (CPU) (100%),Raspberry Pi 3B 1GB,System,1
02:57:52.332,56.4,25.0,17.9104,771.785,Recovery,Cryptojacking,CoinIMP (CPU) (100%),Raspberry Pi 3B 1GB,System,1
02:57:53.593,55.8,25.0,17.8833,773.046,Recovery,Cryptojacking,CoinIMP (CPU) (100%),Raspberry Pi 3B 1GB,System,1
02:57:54.827,56.4,33.3,17.9095,774.28,Recovery,Cryptojacking,CoinIMP (CPU) (100%),Raspberry Pi 3B 1GB,System,1
02:57:56.060,56.4,33.3,17.9151,775.513,Recovery,Cryptojacking,CoinIMP (CPU) (100%),Raspberry Pi 3B 1GB,System,1
02:57:57.294,55.8,14.3,17.8824,776.747,Recovery,Cryptojacking,CoinIMP (CPU) (100%),Raspberry Pi 3B 1GB,System,1
02:57:58.552,55.8,33.3,17.8824,778.005,Recovery,Cryptojacking,CoinIMP (CPU) (100%),Raspberry Pi 3B 1GB,System,1
02:57:59.835,55.8,23.1,17.9095,779.288,Recovery,Cryptojacking,CoinIMP (CPU) (100%),Raspberry Pi 3B 1GB,System,1
02:58:01.120,55.8,28.6,17.9629,780.573,Recovery,Cryptojacking,CoinIMP (CPU) (100%),Raspberry Pi 3B 1GB,System,1
02:58:02.354,55.8,14.3,17.9629,781.807,Recovery,Cryptojacking,CoinIMP (CPU) (100%),Raspberry Pi 3B 1GB,System,1
02:58:03.586,55.8,14.3,17.9629,783.039,Recovery,Cryptojacking,CoinIMP (CPU) (100%),Raspberry Pi 3B 1GB,System,1
02:58:04.819,55.8,22.2,17.9621,784.272,Recovery,Cryptojacking,CoinIMP (CPU) (100%),Raspberry Pi 3B 1GB,System,1
02:58:06.053,55.8,25.0,17.9621,785.506,Recovery,Cryptojacking,CoinIMP (CPU) (100%),Raspberry Pi 3B 1GB,System,1
02:58:07.335,55.3,26.6,17.9621,786.788,Recovery,Cryptojacking,CoinIMP (CPU) (100%),Raspberry Pi 3B 1GB,System,1
02:58:08.602,54.8,26.6,17.9405,788.055,Recovery,Cryptojacking,CoinIMP (CPU) (100%),Raspberry Pi 3B 1GB,System,1
02:58:09.834,55.8,25.0,17.9134,789.287,Recovery,Cryptojacking,CoinIMP (CPU) (100%),Raspberry Pi 3B 1GB,System,1
02:58:11.067,54.8,25.0,17.9134,790.52,Recovery,Cryptojacking,CoinIMP (CPU) (100%),Raspberry Pi 3B 1GB,System,1
02:58:12.299,55.8,25.0,17.8798,791.752,Recovery,Cryptojacking,CoinIMP (CPU) (100%),Raspberry Pi 3B 1GB,System,1
02:58:13.559,55.8,40.0,17.8583,793.012,Recovery,Cryptojacking,CoinIMP (CPU) (100%),Raspberry Pi 3B 1GB,System,1
02:58:14.826,54.8,26.6,17.9668,794.279,Recovery,Cryptojacking,CoinIMP (CPU) (100%),Raspberry Pi 3B 1GB,System,1
02:58:16.060,54.8,25.0,17.9612,795.513,Recovery,Cryptojacking,CoinIMP (CPU) (100%),Raspberry Pi 3B 1GB,System,1
02:58:17.294,55.8,25.0,17.9332,796.747,Recovery,Cryptojacking,CoinIMP (CPU) (100%),Raspberry Pi 3B 1GB,System,1
02:58:18.527,55.3,14.3,17.9604,797.98,Recovery,Cryptojacking,CoinIMP (CPU) (100%),Raspberry Pi 3B 1GB,System,1
02:58:19.791,54.8,25.0,17.9332,799.244,Recovery,Cryptojacking,CoinIMP (CPU) (100%),Raspberry Pi 3B 1GB,System,1
02:58:21.023,55.3,22.2,17.9332,800.476,Recovery,Cryptojacking,CoinIMP (CPU) (100%),Raspberry Pi 3B 1GB,System,1
02:58:22.257,54.8,12.5,17.9332,801.71,Recovery,Cryptojacking,CoinIMP (CPU) (100%),Raspberry Pi 3B 1GB,System,1
02:58:23.491,54.8,25.0,17.9117,802.944,Recovery,Cryptojacking,CoinIMP (CPU) (100%),Raspberry Pi 3B 1GB,System,1
02:58:24.724,55.3,30.0,17.8837,804.177,Recovery,Cryptojacking,CoinIMP (CPU) (100%),Raspberry Pi 3B 1GB,System,1
02:58:25.990,54.2,26.6,17.851,805.443,Recovery,Cryptojacking,CoinIMP (CPU) (100%),Raspberry Pi 3B 1GB,System,1
02:58:27.222,54.8,25.0,17.8295,806.675,Recovery,Cryptojacking,CoinIMP (CPU) (100%),Raspberry Pi 3B 1GB,System,1
02:58:28.456,54.8,33.3,17.851,807.909,Recovery,Cryptojacking,CoinIMP (CPU) (100%),Raspberry Pi 3B 1GB,System,1
02:58:29.690,55.3,30.0,17.8501,809.143,Recovery,Cryptojacking,CoinIMP (CPU) (100%),Raspberry Pi 3B 1GB,System,1
02:58:30.952,54.8,22.2,17.9315,810.405,Recovery,Cryptojacking,CoinIMP (CPU) (100%),Raspberry Pi 3B 1GB,System,1
02:58:32.187,54.2,22.2,17.8562,811.64,Recovery,Cryptojacking,CoinIMP (CPU) (100%),Raspberry Pi 3B 1GB,System,1
02:58:33.420,54.8,33.3,17.8773,812.873,Recovery,Cryptojacking,CoinIMP (CPU) (100%),Raspberry Pi 3B 1GB,System,1
02:58:34.654,54.2,25.0,17.8773,814.107,Recovery,Cryptojacking,CoinIMP (CPU) (100%),Raspberry Pi 3B 1GB,System,1
02:58:35.888,54.8,22.2,17.8764,815.341,Recovery,Cryptojacking,CoinIMP (CPU) (100%),Raspberry Pi 3B 1GB,System,1
02:58:37.154,54.8,25.0,17.8764,816.607,Recovery,Cryptojacking,CoinIMP (CPU) (100%),Raspberry Pi 3B 1GB,System,1
02:58:38.387,54.2,30.0,17.9035,817.84,Recovery,Cryptojacking,CoinIMP (CPU) (100%),Raspberry Pi 3B 1GB,System,1
02:58:39.619,54.8,22.2,17.9035,819.072,Recovery,Cryptojacking,CoinIMP (CPU) (100%),Raspberry Pi 3B 1GB,System,1
02:58:40.854,54.2,25.0,17.9035,820.307,Recovery,Cryptojacking,CoinIMP (CPU) (100%),Raspberry Pi 3B 1GB,System,1
02:58:42.116,54.8,25.0,17.9306,821.569,Recovery,Cryptojacking,CoinIMP (CPU) (100%),Raspberry Pi 3B 1GB,System,1
02:58:43.403,54.2,26.7,17.8811,822.856,Recovery,Cryptojacking,CoinIMP (CPU) (100%),Raspberry Pi 3B 1GB,System,1
02:58:44.665,54.2,28.5,17.8811,824.118,Recovery,Cryptojacking,CoinIMP (CPU) (100%),Raspberry Pi 3B 1GB,System,1
02:58:45.898,54.8,22.2,17.8755,825.351,Recovery,Cryptojacking,CoinIMP (CPU) (100%),Raspberry Pi 3B 1GB,System,1
02:58:47.131,54.2,12.5,17.8755,826.584,Recovery,Cryptojacking,CoinIMP (CPU) (100%),Raspberry Pi 3B 1GB,System,1
02:58:48.364,54.8,30.0,17.8747,827.817,Recovery,Cryptojacking,CoinIMP (CPU) (100%),Raspberry Pi 3B 1GB,System,1
02:58:49.625,54.2,25.0,17.8747,829.078,Recovery,Cryptojacking,CoinIMP (CPU) (100%),Raspberry Pi 3B 1GB,System,1
02:58:50.894,53.7,20.0,17.956,830.347,Recovery,Cryptojacking,CoinIMP (CPU) (100%),Raspberry Pi 3B 1GB,System,1
02:58:52.126,53.7,22.2,17.956,831.579,Recovery,Cryptojacking,CoinIMP (CPU) (100%),Raspberry Pi 3B 1GB,System,1
02:58:53.360,53.7,30.0,17.9552,832.813,Recovery,Cryptojacking,CoinIMP (CPU) (100%),Raspberry Pi 3B 1GB,System,1
02:58:54.593,54.2,25.0,17.9552,834.046,Recovery,Cryptojacking,CoinIMP (CPU) (100%),Raspberry Pi 3B 1GB,System,1
02:58:55.852,53.7,12.5,17.9552,835.305,Recovery,Cryptojacking,CoinIMP (CPU) (100%),Raspberry Pi 3B 1GB,System,1
02:58:57.129,53.7,28.6,17.9552,836.582,Recovery,Cryptojacking,CoinIMP (CPU) (100%),Raspberry Pi 3B 1GB,System,1
02:58:58.392,53.7,28.6,17.9552,837.845,Recovery,Cryptojacking,CoinIMP (CPU) (100%),Raspberry Pi 3B 1GB,System,1
02:58:59.626,54.2,25.0,17.9552,839.079,Recovery,Cryptojacking,CoinIMP (CPU) (100%),Raspberry Pi 3B 1GB,System,1
02:59:00.859,53.7,33.3,17.9543,840.312,Recovery,Cryptojacking,CoinIMP (CPU) (100%),Raspberry Pi 3B 1GB,System,1
02:59:02.092,53.7,25.0,17.9543,841.545,Recovery,Cryptojacking,CoinIMP (CPU) (100%),Raspberry Pi 3B 1GB,System,1
02:59:03.348,53.7,33.3,17.9328,842.801,Recovery,Cryptojacking,CoinIMP (CPU) (100%),Raspberry Pi 3B 1GB,System,1
02:59:04.629,53.7,28.6,17.8996,844.082,Recovery,Cryptojacking,CoinIMP (CPU) (100%),Raspberry Pi 3B 1GB,System,1
02:59:05.908,53.7,28.5,17.8721,845.361,Recovery,Cryptojacking,CoinIMP (CPU) (100%),Raspberry Pi 3B 1GB,System,1
02:59:07.175,53.7,25.0,17.8454,846.628,Recovery,Cryptojacking,CoinIMP (CPU) (100%),Raspberry Pi 3B 1GB,System,1
02:59:08.410,53.7,30.0,17.894,847.863,Recovery,Cryptojacking,CoinIMP (CPU) (100%),Raspberry Pi 3B 1GB,System,1
02:59:09.643,53.7,25.0,17.894,849.096,Recovery,Cryptojacking,CoinIMP (CPU) (100%),Raspberry Pi 3B 1GB,System,1
02:59:10.876,53.7,25.0,17.8932,850.329,Recovery,Cryptojacking,CoinIMP (CPU) (100%),Raspberry Pi 3B 1GB,System,1
02:59:12.136,54.2,25.0,17.8932,851.589,Recovery,Cryptojacking,CoinIMP (CPU) (100%),Raspberry Pi 3B 1GB,System,1
02:59:13.370,53.7,25.0,17.9474,852.823,Recovery,Cryptojacking,CoinIMP (CPU) (100%),Raspberry Pi 3B 1GB,System,1
02:59:14.603,53.7,33.3,17.9354,854.056,Recovery,Cryptojacking,CoinIMP (CPU) (100%),Raspberry Pi 3B 1GB,System,1
02:59:15.836,54.2,33.3,17.9354,855.289,Recovery,Cryptojacking,CoinIMP (CPU) (100%),Raspberry Pi 3B 1GB,System,1
02:59:17.070,53.7,25.0,17.9888,856.523,Recovery,Cryptojacking,CoinIMP (CPU) (100%),Raspberry Pi 3B 1GB,System,1
02:59:18.348,53.7,25.0,17.9888,857.801,Recovery,Cryptojacking,CoinIMP (CPU) (100%),Raspberry Pi 3B 1GB,System,1
02:59:19.611,53.7,28.6,17.9672,859.064,Recovery,Cryptojacking,CoinIMP (CPU) (100%),Raspberry Pi 3B 1GB,System,1
02:59:20.845,53.7,22.2,17.9616,860.298,Recovery,Cryptojacking,CoinIMP (CPU) (100%),Raspberry Pi 3B 1GB,System,1
02:59:22.078,53.7,25.0,17.913,861.531,Recovery,Cryptojacking,CoinIMP (CPU) (100%),Raspberry Pi 3B 1GB,System,1
02:59:23.311,53.7,22.2,17.8523,862.764,Recovery,Cryptojacking,CoinIMP (CPU) (100%),Raspberry Pi 3B 1GB,System,1
02:59:24.567,53.7,25.0,17.8523,864.02,Recovery,Cryptojacking,CoinIMP (CPU) (100%),Raspberry Pi 3B 1GB,System,1
02:59:25.834,53.7,25.0,17.8523,865.287,Recovery,Cryptojacking,CoinIMP (CPU) (100%),Raspberry Pi 3B 1GB,System,1
02:59:27.069,53.7,25.0,17.8794,866.522,Recovery,Cryptojacking,CoinIMP (CPU) (100%),Raspberry Pi 3B 1GB,System,1
02:59:28.302,53.7,25.0,17.8523,867.755,Recovery,Cryptojacking,CoinIMP (CPU) (100%),Raspberry Pi 3B 1GB,System,1
02:59:29.535,53.7,14.3,17.8523,868.988,Recovery,Cryptojacking,CoinIMP (CPU) (100%),Raspberry Pi 3B 1GB,System,1
02:59:30.793,53.2,25.0,17.8299,870.246,Recovery,Cryptojacking,CoinIMP (CPU) (100%),Raspberry Pi 3B 1GB,System,1
02:59:32.059,53.2,25.0,17.8514,871.512,Recovery,Cryptojacking,CoinIMP (CPU) (100%),Raspberry Pi 3B 1GB,System,1
02:59:33.291,52.6,22.2,17.8299,872.744,Recovery,Cryptojacking,CoinIMP (CPU) (100%),Raspberry Pi 3B 1GB,System,1
02:59:34.525,53.7,25.0,17.8243,873.978,Recovery,Cryptojacking,CoinIMP (CPU) (100%),Raspberry Pi 3B 1GB,System,1
02:59:35.758,53.2,25.0,17.8234,875.211,Recovery,Cryptojacking,CoinIMP (CPU) (100%),Raspberry Pi 3B 1GB,System,1
02:59:37.018,53.7,22.2,17.7748,876.471,Recovery,Cryptojacking,CoinIMP (CPU) (100%),Raspberry Pi 3B 1GB,System,1
02:59:38.300,52.6,16.7,17.7692,877.753,Recovery,Cryptojacking,CoinIMP (CPU) (100%),Raspberry Pi 3B 1GB,System,1
02:59:39.583,52.6,28.5,17.77,879.036,Recovery,Cryptojacking,CoinIMP (CPU) (100%),Raspberry Pi 3B 1GB,System,1
02:59:40.850,53.2,25.0,17.7972,880.303,Recovery,Cryptojacking,CoinIMP (CPU) (100%),Raspberry Pi 3B 1GB,System,1
02:59:42.083,53.2,22.2,17.7963,881.536,Recovery,Cryptojacking,CoinIMP (CPU) (100%),Raspberry Pi 3B 1GB,System,1
02:59:43.316,53.2,33.3,17.9319,882.769,Recovery,Cryptojacking,CoinIMP (CPU) (100%),Raspberry Pi 3B 1GB,System,1
02:59:44.550,53.2,22.2,17.9319,884.003,Recovery,Cryptojacking,CoinIMP (CPU) (100%),Raspberry Pi 3B 1GB,System,1
02:59:45.811,53.2,25.0,17.9104,885.264,Recovery,Cryptojacking,CoinIMP (CPU) (100%),Raspberry Pi 3B 1GB,System,1
02:59:47.077,52.6,26.6,17.8506,886.53,Recovery,Cryptojacking,CoinIMP (CPU) (100%),Raspberry Pi 3B 1GB,System,1
02:59:48.310,52.6,22.2,17.7481,887.763,Recovery,Cryptojacking,CoinIMP (CPU) (100%),Raspberry Pi 3B 1GB,System,1
02:59:49.543,53.7,25.0,17.7197,888.996,Recovery,Cryptojacking,CoinIMP (CPU) (100%),Raspberry Pi 3B 1GB,System,1
02:59:50.776,53.2,25.0,17.6925,890.229,Recovery,Cryptojacking,CoinIMP (CPU) (100%),Raspberry Pi 3B 1GB,System,1
02:59:52.037,53.7,25.0,17.6116,891.49,Recovery,Cryptojacking,CoinIMP (CPU) (100%),Raspberry Pi 3B 1GB,System,1
02:59:53.305,52.6,26.6,17.7946,892.758,Recovery,Cryptojacking,CoinIMP (CPU) (100%),Raspberry Pi 3B 1GB,System,1
02:59:54.540,52.6,25.0,17.7946,893.993,Recovery,Cryptojacking,CoinIMP (CPU) (100%),Raspberry Pi 3B 1GB,System,1
02:59:55.773,53.2,25.0,17.7946,895.226,Recovery,Cryptojacking,CoinIMP (CPU) (100%),Raspberry Pi 3B 1GB,System,1
02:59:57.006,52.6,12.5,17.8484,896.459,Recovery,Cryptojacking,CoinIMP (CPU) (100%),Raspberry Pi 3B 1GB,System,1
02:59:58.265,52.6,33.3,17.8484,897.718,Recovery,Cryptojacking,CoinIMP (CPU) (100%),Raspberry Pi 3B 1GB,System,1
02:59:59.531,52.6,25.0,17.8484,898.984,Recovery,Cryptojacking,CoinIMP (CPU) (100%),Raspberry Pi 3B 1GB,System,1
03:00:00.764,53.7,33.3,17.8475,900.217,Recovery,Cryptojacking,CoinIMP (CPU) (100%),Raspberry Pi 3B 1GB,System,1
03:00:01.997,52.6,14.3,17.8475,901.45,Recovery,Cryptojacking,CoinIMP (CPU) (100%),Raspberry Pi 3B 1GB,System,1
