Timestamp,Relative Time (s),Voltage (V),Current (A),Power (W)
15:01:45.000,0.0,2.39,0.6,3.01
15:01:46.000,0.83,2.39,0.6,3.01
15:01:47.000,1.93,2.39,0.58,2.92
15:01:48.000,3.04,2.38,0.66,3.32
15:01:49.000,4.14,2.4,0.55,2.73
15:01:50.000,5.24,2.41,0.49,2.44
15:01:51.000,6.34,2.38,0.63,3.14
15:01:53.000,7.44,2.39,0.61,3.06
15:01:54.000,8.55,2.4,0.56,2.79
15:01:55.000,9.65,2.41,0.51,2.56
15:01:56.000,10.74,2.39,0.61,3.04
15:01:57.000,11.85,2.38,0.63,3.16
15:01:58.000,12.95,2.39,0.62,3.09
15:01:59.000,14.05,2.4,0.55,2.77
15:02:00.000,15.15,2.4,0.55,2.73
15:02:01.000,16.25,2.41,0.51,2.54
15:02:02.000,17.35,2.41,0.51,2.55
15:02:04.000,18.46,2.38,0.62,3.12
15:02:05.000,19.56,2.39,0.59,2.97
15:02:06.000,20.66,2.4,0.55,2.73
15:02:07.000,21.76,2.4,0.53,2.66
15:02:08.000,22.86,2.4,0.54,2.68
15:02:09.000,23.97,2.39,0.62,3.08
15:02:10.000,25.07,2.39,0.57,2.87
15:02:11.000,26.17,2.39,0.58,2.88
15:02:12.000,27.27,2.41,0.48,2.38
15:02:13.000,28.37,2.4,0.53,2.64
15:02:15.000,29.47,2.41,0.51,2.54
15:02:16.000,30.58,2.4,0.55,2.73
15:02:17.000,31.68,2.39,0.58,2.91
15:02:18.000,32.78,2.4,0.55,2.77
15:02:19.000,33.88,2.41,0.5,2.5
15:02:20.000,34.98,2.4,0.52,2.62
15:02:21.000,36.09,2.4,0.54,2.71
15:02:22.000,37.19,2.4,0.55,2.76
15:02:23.000,38.29,2.38,0.64,3.22
15:02:24.000,39.39,2.39,0.57,2.84
15:02:26.000,40.49,2.4,0.55,2.76
15:02:27.000,41.59,2.4,0.53,2.64
15:02:28.000,42.7,2.39,0.59,2.97
15:02:29.000,43.8,2.4,0.55,2.73
15:02:30.000,44.9,2.39,0.58,2.91
15:02:31.000,46.0,2.4,0.54,2.68
15:02:32.000,47.1,2.39,0.59,2.96
15:02:33.000,48.21,2.39,0.6,3.0
15:02:34.000,49.31,2.39,0.58,2.88
15:02:35.000,50.41,2.38,0.65,3.26
15:02:37.000,51.51,2.38,0.63,3.13
15:02:38.000,52.61,2.33,0.92,4.6
15:02:39.000,53.71,2.38,0.67,3.36
15:02:40.000,54.82,2.38,0.64,3.18
15:02:41.000,55.92,2.37,0.68,3.38
15:02:42.000,57.02,2.38,0.66,3.3
15:02:43.000,58.12,2.37,0.7,3.51
15:02:44.000,59.22,2.38,0.63,3.16
15:02:45.000,60.33,2.38,0.66,3.3
15:02:47.000,61.43,2.39,0.61,3.03
15:02:48.000,62.53,2.35,0.84,4.19
15:02:49.000,63.63,2.37,0.73,3.65
15:02:50.000,64.73,2.39,0.58,2.88
15:02:51.000,65.83,2.39,0.6,3.01
15:02:52.000,66.93,2.38,0.63,3.17
15:02:53.000,68.03,2.39,0.6,3.01
15:02:54.000,69.13,2.4,0.55,2.73
15:02:55.000,70.24,2.41,0.48,2.42
15:02:56.000,71.34,2.41,0.51,2.56
15:02:58.000,72.44,2.39,0.58,2.89
15:02:59.000,73.54,2.41,0.5,2.5
15:03:00.000,74.64,2.4,0.55,2.75
15:03:01.000,75.75,2.41,0.51,2.56
15:03:02.000,76.85,2.4,0.53,2.66
15:03:03.000,77.95,2.39,0.61,3.06
15:03:04.000,79.05,2.38,0.64,3.22
15:03:05.000,80.15,2.39,0.62,3.08
15:03:06.000,81.25,2.4,0.55,2.73
15:03:07.000,82.36,2.4,0.53,2.67
15:03:09.000,83.46,2.4,0.53,2.63
15:03:10.000,84.56,2.4,0.53,2.64
15:03:11.000,85.66,2.4,0.54,2.69
15:03:12.000,86.76,2.41,0.5,2.52
15:03:13.000,87.87,2.41,0.5,2.52
15:03:14.000,88.97,2.41,0.49,2.43
15:03:15.000,90.07,2.4,0.55,2.77
15:03:16.000,91.17,2.4,0.53,2.66
15:03:17.000,92.27,2.39,0.59,2.97
15:03:18.000,93.37,2.4,0.54,2.72
15:03:20.000,94.48,2.41,0.5,2.5
15:03:21.000,95.58,2.4,0.53,2.63
15:03:22.000,96.68,2.4,0.52,2.58
15:03:23.000,97.78,2.39,0.59,2.96
15:03:24.000,98.88,2.4,0.56,2.81
15:03:25.000,99.98,2.41,0.49,2.44
15:03:26.000,101.09,2.4,0.54,2.69
15:03:27.000,102.19,2.38,0.64,3.18
15:03:28.000,103.29,2.39,0.61,3.05
15:03:29.000,104.39,2.39,0.57,2.87
15:03:31.000,105.49,2.39,0.57,2.84
15:03:32.000,106.6,2.39,0.57,2.87
15:03:33.000,107.7,2.39,0.62,3.09
15:03:34.000,108.8,2.38,0.63,3.13
15:03:35.000,109.9,2.4,0.52,2.6
15:03:36.000,111.0,2.39,0.58,2.88
15:03:37.000,112.11,2.41,0.5,2.48
15:03:38.000,113.21,2.4,0.52,2.6
15:03:39.000,114.31,2.39,0.57,2.84
15:03:40.000,115.41,2.4,0.53,2.64
15:03:42.000,116.51,2.38,0.64,3.22
15:03:43.000,117.61,2.41,0.49,2.43
15:03:44.000,118.71,2.39,0.59,2.93
15:03:45.000,119.81,2.38,0.63,3.14
15:03:46.000,120.92,2.39,0.62,3.09
15:03:47.000,122.02,2.37,0.71,3.57
15:03:48.000,123.12,2.4,0.56,2.79
15:03:49.000,124.22,2.39,0.6,3.01
15:03:50.000,125.32,2.38,0.67,3.34
15:03:52.000,126.42,2.37,0.68,3.38
15:03:53.000,127.53,2.4,0.55,2.76
15:03:54.000,128.63,2.4,0.57,2.83
15:03:55.000,129.73,2.4,0.53,2.66
15:03:56.000,130.83,2.41,0.49,2.44
15:03:57.000,131.93,2.39,0.59,2.93
15:03:58.000,133.04,2.39,0.59,2.97
15:03:59.000,134.14,2.39,0.58,2.88
15:04:00.000,135.24,2.4,0.52,2.6
15:04:01.000,136.34,2.4,0.55,2.76
15:04:03.000,137.44,2.4,0.55,2.76
15:04:04.000,138.54,2.37,0.69,3.45
15:04:05.000,139.65,2.38,0.64,3.22
15:04:06.000,140.75,2.38,0.63,3.14
15:04:07.000,141.85,2.38,0.63,3.17
15:04:08.000,142.95,2.39,0.59,2.97
15:04:09.000,144.05,2.39,0.59,2.93
15:04:10.000,145.15,2.38,0.63,3.17
15:04:11.000,146.26,2.4,0.57,2.83
15:04:12.000,147.36,2.4,0.53,2.63
15:04:14.000,148.46,2.4,0.53,2.66
15:04:15.000,149.56,2.41,0.49,2.44
15:04:16.000,150.66,2.39,0.58,2.92
15:04:17.000,151.76,2.4,0.54,2.71
15:04:18.000,152.87,2.4,0.55,2.76
15:04:19.000,153.97,2.4,0.52,2.59
15:04:20.000,155.07,2.4,0.55,2.75
15:04:21.000,156.17,2.39,0.58,2.89
15:04:22.000,157.27,2.4,0.55,2.77
15:04:23.000,158.38,2.4,0.54,2.71
15:04:25.000,159.48,2.4,0.56,2.79
15:04:26.000,160.58,2.4,0.55,2.73
15:04:27.000,161.68,2.38,0.67,3.34
15:04:28.000,162.78,2.38,0.67,3.36
15:04:29.000,163.89,2.38,0.65,3.24
15:04:30.000,164.99,2.39,0.58,2.91
15:04:31.000,166.09,2.4,0.54,2.68
15:04:32.000,167.19,2.38,0.63,3.17
15:04:33.000,168.29,2.38,0.63,3.14
15:04:34.000,169.39,2.39,0.58,2.88
15:04:36.000,170.49,2.39,0.6,3.0
15:04:37.000,171.59,2.38,0.64,3.22
15:04:38.000,172.69,2.39,0.61,3.05
15:04:39.000,173.8,2.38,0.67,3.34
15:04:40.000,174.9,2.4,0.56,2.81
15:04:41.000,176.0,2.4,0.54,2.71
15:04:42.000,177.1,2.4,0.56,2.81
15:04:43.000,178.2,2.4,0.54,2.71
15:04:44.000,179.31,2.39,0.6,2.99
15:04:45.000,180.41,2.39,0.57,2.85
15:04:47.000,181.51,2.41,0.51,2.56
15:04:48.000,182.61,2.39,0.58,2.89
15:04:49.000,183.71,2.39,0.61,3.03
15:04:50.000,184.81,2.38,0.63,3.17
15:04:51.000,185.92,2.38,0.62,3.12
15:04:52.000,187.02,2.4,0.55,2.76
15:04:53.000,188.12,2.39,0.61,3.03
15:04:54.000,189.22,2.38,0.64,3.21
15:04:55.000,190.32,2.4,0.57,2.83
15:04:57.000,191.43,2.38,0.66,3.28
15:04:58.000,192.53,2.38,0.64,3.22
15:04:59.000,193.63,2.39,0.59,2.95
15:05:00.000,194.73,2.39,0.57,2.84
15:05:01.000,195.83,2.4,0.56,2.81
15:05:02.000,196.93,2.41,0.48,2.39
15:05:03.000,198.04,2.4,0.56,2.8
15:05:04.000,199.14,2.4,0.54,2.68
15:05:05.000,200.24,2.39,0.59,2.96
15:05:06.000,201.34,2.41,0.5,2.5
15:05:08.000,202.44,2.41,0.48,2.38
15:05:09.000,203.55,2.4,0.55,2.73
15:05:10.000,204.65,2.38,0.64,3.22
15:05:11.000,205.75,2.39,0.6,2.99
15:05:12.000,206.85,2.4,0.54,2.68
15:05:13.000,207.95,2.39,0.58,2.92
15:05:14.000,209.05,2.4,0.54,2.69
15:05:15.000,210.16,2.4,0.53,2.66
15:05:16.000,211.26,2.39,0.62,3.08
15:05:17.000,212.36,2.39,0.62,3.1
15:05:19.000,213.46,2.38,0.64,3.2
15:05:20.000,214.56,2.38,0.63,3.13
15:05:21.000,215.66,2.4,0.55,2.76
15:05:22.000,216.77,2.4,0.54,2.69
15:05:23.000,217.87,2.41,0.5,2.5
15:05:24.000,218.97,2.4,0.57,2.83
15:05:25.000,220.07,2.38,0.64,3.22
15:05:26.000,221.17,2.38,0.62,3.12
15:05:27.000,222.27,2.36,0.74,3.69
15:05:28.000,223.37,2.38,0.65,3.25
15:05:30.000,224.48,2.38,0.67,3.37
15:05:31.000,225.58,2.38,0.63,3.14
15:05:32.000,226.68,2.4,0.53,2.63
15:05:33.000,227.78,2.41,0.5,2.48
15:05:34.000,228.88,2.4,0.56,2.81
15:05:35.000,229.98,2.4,0.52,2.6
15:05:36.000,231.09,2.4,0.53,2.66
15:05:37.000,232.19,2.39,0.62,3.08
15:05:38.000,233.29,2.39,0.62,3.1
15:05:39.000,234.39,2.4,0.55,2.73
15:05:41.000,235.49,2.39,0.6,3.01
15:05:42.000,236.59,2.4,0.52,2.6
15:05:43.000,237.7,2.38,0.66,3.32
15:05:44.000,238.8,2.39,0.6,3.0
15:05:45.000,239.9,2.39,0.57,2.85
15:05:46.000,241.0,2.38,0.65,3.25
15:05:47.000,242.1,2.37,0.7,3.51
15:05:48.000,243.21,2.38,0.67,3.34
15:05:49.000,244.31,2.38,0.65,3.26
15:05:50.000,245.41,2.39,0.6,3.0
15:05:52.000,246.51,2.39,0.59,2.97
15:05:53.000,247.61,2.39,0.57,2.85
15:05:54.000,248.71,2.41,0.51,2.54
15:05:55.000,249.82,2.4,0.52,2.59
15:05:56.000,250.92,2.4,0.55,2.73
15:05:57.000,252.02,2.41,0.51,2.56
15:05:58.000,253.12,2.4,0.55,2.77
15:05:59.000,254.22,2.4,0.54,2.72
15:06:00.000,255.32,2.41,0.49,2.44
15:06:02.000,256.43,2.4,0.52,2.59
15:06:03.000,257.53,2.39,0.61,3.03
15:06:04.000,258.63,2.38,0.65,3.24
15:06:05.000,259.73,2.39,0.61,3.04
15:06:06.000,260.83,2.4,0.55,2.77
15:06:07.000,261.94,2.4,0.52,2.58
15:06:08.000,263.04,2.39,0.57,2.84
15:06:09.000,264.14,2.4,0.53,2.63
15:06:10.000,265.24,2.4,0.54,2.69
15:06:11.000,266.34,2.41,0.5,2.51
15:06:13.000,267.44,2.4,0.52,2.59
15:06:14.000,268.55,2.41,0.51,2.54
15:06:15.000,269.65,2.4,0.52,2.58
15:06:16.000,270.75,2.4,0.52,2.62
15:06:17.000,271.85,2.39,0.58,2.92
15:06:18.000,272.95,2.39,0.58,2.92
15:06:19.000,274.05,2.39,0.6,3.0
15:06:20.000,275.15,2.37,0.68,3.39
15:06:21.000,276.25,2.4,0.53,2.67
15:06:22.000,277.36,2.39,0.62,3.09
15:06:24.000,278.46,2.39,0.58,2.92
15:06:25.000,279.56,2.38,0.63,3.16
15:06:26.000,280.66,2.4,0.52,2.59
15:06:27.000,281.76,2.4,0.52,2.6
15:06:28.000,282.87,2.4,0.53,2.67
15:06:29.000,283.97,2.4,0.52,2.62
15:06:30.000,285.07,2.4,0.53,2.64
15:06:31.000,286.17,2.4,0.53,2.66
15:06:32.000,287.27,2.41,0.51,2.54
15:06:33.000,288.37,2.4,0.55,2.77
15:06:35.000,289.48,2.39,0.59,2.93
15:06:36.000,290.58,2.4,0.53,2.63
15:06:37.000,291.68,2.4,0.53,2.63
15:06:38.000,292.78,2.4,0.53,2.66
15:06:39.000,293.88,2.4,0.56,2.8
15:06:40.000,294.99,2.4,0.56,2.8
15:06:41.000,296.09,2.39,0.62,3.1
15:06:42.000,297.19,2.4,0.52,2.6
15:06:43.000,298.29,2.39,0.61,3.05
15:06:44.000,299.39,2.39,0.59,2.93
15:06:46.000,300.49,2.4,0.52,2.58
15:06:47.000,301.6,2.41,0.51,2.54
15:06:48.000,302.7,2.4,0.53,2.67
15:06:49.000,303.8,2.4,0.52,2.62
15:06:50.000,304.9,2.39,0.6,2.99
15:06:51.000,306.0,2.39,0.57,2.85
15:06:52.000,307.11,2.4,0.54,2.72
15:06:53.000,308.21,2.4,0.56,2.79
15:06:54.000,309.31,2.4,0.53,2.66
15:06:55.000,310.41,2.39,0.57,2.84
15:06:57.000,311.51,2.41,0.5,2.51
15:06:58.000,312.61,2.4,0.54,2.72
15:06:59.000,313.72,2.39,0.58,2.91
15:07:00.000,314.82,2.41,0.49,2.46
15:07:01.000,315.92,2.41,0.5,2.5
15:07:02.000,317.02,2.4,0.55,2.76
15:07:03.000,318.12,2.39,0.59,2.97
15:07:04.000,319.22,2.38,0.63,3.17
15:07:05.000,320.33,2.39,0.57,2.85
15:07:07.000,321.43,2.4,0.54,2.71
15:07:08.000,322.53,2.4,0.52,2.6
15:07:09.000,323.63,2.41,0.5,2.5
15:07:10.000,324.73,2.4,0.54,2.68
15:07:11.000,325.83,2.4,0.52,2.62
15:07:12.000,326.93,2.4,0.54,2.68
15:07:13.000,328.03,2.4,0.52,2.58
15:07:14.000,329.14,2.38,0.63,3.17
15:07:15.000,330.24,2.38,0.66,3.29
15:07:16.000,331.34,2.39,0.6,3.01
15:07:18.000,332.44,2.39,0.59,2.96
15:07:19.000,333.54,2.4,0.53,2.63
15:07:20.000,334.65,2.38,0.63,3.17
15:07:21.000,335.75,2.39,0.61,3.04
15:07:22.000,336.85,2.4,0.54,2.71
15:07:23.000,337.95,2.41,0.51,2.54
15:07:24.000,339.05,2.39,0.58,2.92
15:07:25.000,340.15,2.39,0.61,3.05
15:07:26.000,341.26,2.4,0.53,2.63
15:07:27.000,342.36,2.39,0.58,2.89
15:07:29.000,343.46,2.4,0.55,2.76
15:07:30.000,344.56,2.4,0.55,2.73
15:07:31.000,345.66,2.39,0.6,2.99
15:07:32.000,346.77,2.4,0.52,2.59
15:07:33.000,347.87,2.4,0.54,2.68
15:07:34.000,348.97,2.39,0.57,2.87
15:07:35.000,350.07,2.4,0.55,2.76
15:07:36.000,351.17,2.4,0.55,2.76
15:07:37.000,352.27,2.41,0.5,2.51
15:07:38.000,353.38,2.4,0.54,2.72
15:07:40.000,354.48,2.39,0.61,3.03
15:07:41.000,355.58,2.39,0.57,2.87
15:07:42.000,356.68,2.4,0.53,2.63
15:07:43.000,357.78,2.4,0.52,2.58
15:07:44.000,358.88,2.39,0.59,2.97
15:07:45.000,359.99,2.41,0.51,2.56
15:07:46.000,361.09,2.4,0.53,2.64
15:07:47.000,362.19,2.41,0.51,2.56
