Timestamp,Relative Time (s),CPU Usage (%),Memory Usage (Mo),Memory Usage (%),Network (Ko/s),CPU Temperature (°C)
14:50:26.000,0.0,0.5,538.5,19.4,1.4140625,56.9
14:50:27.000,1.01,0.5,538.22,19.3,0.0,56.4
14:50:28.000,2.02,0.0,537.79,19.3,0.0,56.4
14:50:29.000,3.03,0.0,537.65,19.3,0.087890625,56.0
14:50:30.000,4.03,0.0,537.65,19.3,0.0,56.0
14:50:31.000,5.04,0.0,537.9,19.3,0.0,56.0
14:50:32.000,6.05,0.0,538.41,19.3,1.26953125,56.0
14:50:33.000,7.06,3.0,538.41,19.3,0.650390625,56.4
14:50:34.000,8.08,2.0,537.89,19.3,0.158203125,56.0
14:50:35.000,9.08,0.0,537.89,19.3,0.1025390625,56.0
14:50:36.000,10.09,0.0,537.89,19.3,0.0,56.0
14:50:37.000,11.1,0.0,537.89,19.3,0.0,56.0
14:50:38.000,12.11,0.0,538.4,19.3,0.0703125,56.0
14:50:39.000,13.12,0.5,538.4,19.3,1.501953125,55.5
14:50:40.000,14.13,0.0,538.4,19.3,0.0,56.4
14:50:41.000,15.14,0.0,538.4,19.3,0.0,55.5
14:50:42.000,16.15,0.0,538.39,19.3,0.0,55.0
14:50:43.000,17.16,0.5,538.39,19.3,0.115234375,55.0
14:50:44.000,18.17,0.0,538.39,19.3,0.087890625,56.4
14:50:45.000,19.18,0.0,538.39,19.3,0.0,56.0
14:50:46.000,20.19,0.5,538.31,19.3,0.4560546875,55.5
14:50:47.000,21.2,0.0,534.63,19.1,0.0,55.5
14:50:48.000,22.2,0.0,534.63,19.1,0.0,56.0
14:50:49.000,23.21,0.5,534.63,19.1,0.318359375,56.0
14:50:50.000,24.22,0.5,534.63,19.1,0.0,55.5
14:50:51.000,25.23,0.5,534.63,19.1,1.654296875,56.0
14:50:52.000,26.24,0.0,534.62,19.1,0.0,56.0
14:50:53.000,27.25,0.0,535.09,19.2,0.560546875,55.5
14:50:54.000,28.26,0.5,535.09,19.2,0.087890625,56.0
14:50:55.000,29.27,0.0,535.09,19.2,0.0,55.5
14:50:56.000,30.28,0.0,535.09,19.2,0.0,56.0
14:50:57.000,31.29,0.0,535.09,19.2,0.0,55.5
14:50:58.000,32.3,0.5,535.09,19.2,0.087890625,56.0
14:50:59.000,33.31,1.5,535.09,19.2,15.7333984375,56.0
14:51:00.000,34.32,0.0,535.09,19.2,0.0,56.0
14:51:01.000,35.33,0.0,535.34,19.2,0.064453125,56.0
14:51:02.000,36.34,0.0,535.33,19.2,0.05078125,56.4
14:51:03.000,37.34,0.0,535.33,19.2,0.087890625,55.5
14:51:04.000,38.35,0.0,535.33,19.2,1.4140625,56.0
14:51:05.000,39.36,0.5,535.33,19.2,0.1025390625,56.0
14:51:06.000,40.37,0.0,535.33,19.2,0.0,55.0
14:51:07.000,41.39,0.0,535.33,19.2,0.0,55.0
14:51:08.000,42.4,0.0,535.32,19.2,0.087890625,56.4
14:51:09.000,43.41,0.0,535.32,19.2,0.0,56.0
14:51:10.000,44.41,1.0,535.32,19.2,0.0,55.5
14:51:11.000,45.43,0.0,535.32,19.2,0.0,56.0
14:51:12.000,46.43,0.0,535.32,19.2,0.0703125,55.5
14:51:13.000,47.44,0.0,535.32,19.2,0.087890625,55.5
14:51:14.000,48.45,0.0,535.32,19.2,0.0,56.4
14:51:15.000,49.46,0.0,535.44,19.2,0.0703125,55.0
14:51:16.000,50.47,0.0,535.44,19.2,0.0,55.5
14:51:17.000,51.48,0.0,535.44,19.2,1.4140625,56.4
14:51:18.000,52.49,0.0,535.44,19.2,0.6484375,56.0
14:51:19.000,53.5,0.0,535.69,19.2,0.0,55.0
14:51:20.000,54.51,0.0,535.69,19.2,0.0,56.0
14:51:21.000,55.52,0.5,535.69,19.2,0.0,56.0
14:51:22.000,56.53,0.0,535.69,19.2,0.0,55.5
14:51:23.000,57.54,0.0,535.69,19.2,0.087890625,55.0
14:51:24.000,58.55,2.5,535.69,19.2,0.0,55.0
14:51:25.000,59.56,9.0,535.18,19.2,0.0,55.5
14:51:26.000,60.56,29.7,535.39,19.3,0.0,56.0
14:51:27.000,61.58,0.5,536.93,19.3,2.513671875,56.9
14:51:28.000,62.58,0.0,537.11,19.3,0.203125,56.0
14:51:29.000,63.59,56.5,543.34,19.7,1.4140625,57.4
14:51:30.000,64.59,0.0,544.43,19.8,0.267578125,56.4
14:51:31.000,65.6,0.0,544.93,19.8,0.23046875,56.4
14:51:32.000,66.61,0.5,545.95,19.8,0.0,56.9
14:51:33.000,67.62,34.0,541.92,19.7,0.087890625,56.9
14:51:34.000,68.62,0.5,543.09,19.7,0.4609375,56.9
14:51:35.000,69.63,0.5,543.58,19.7,0.1025390625,56.0
14:51:36.000,70.63,0.0,543.83,19.8,0.0,56.9
14:51:37.000,71.63,0.5,543.19,19.7,0.0,56.0
14:51:38.000,72.64,0.5,539.41,19.4,0.087890625,56.9
14:51:39.000,73.65,0.0,539.72,19.5,0.078125,56.0
14:51:40.000,74.66,1.0,539.18,19.4,0.0,55.5
14:51:41.000,75.67,0.0,539.16,19.4,0.0,56.4
14:51:42.000,76.68,0.0,538.91,19.4,1.4140625,56.0
14:51:43.000,77.69,0.5,538.91,19.4,0.318359375,55.5
14:51:44.000,78.7,0.0,538.91,19.4,0.0,56.0
14:51:45.000,79.71,0.0,538.91,19.4,0.0,56.0
14:51:46.000,80.71,0.5,538.91,19.4,0.115234375,56.4
14:51:47.000,81.72,0.0,538.91,19.4,0.0,55.5
14:51:48.000,82.73,0.0,538.91,19.4,0.87890625,56.0
14:51:49.000,83.74,0.5,538.91,19.4,1.78125,55.5
14:51:50.000,84.75,0.0,538.91,19.4,0.0,56.0
14:51:51.000,85.76,0.0,538.91,19.4,0.0,54.5
14:51:52.000,86.77,1.0,538.91,19.4,0.0,56.0
14:51:53.000,87.78,0.5,538.91,19.4,0.158203125,55.0
14:51:54.000,88.79,0.0,538.91,19.4,0.0,55.0
14:51:55.000,89.8,0.0,538.91,19.4,1.4140625,55.0
14:51:56.000,90.81,0.0,538.91,19.4,0.0,55.5
14:51:57.000,91.82,1.0,538.91,19.4,0.162109375,55.5
14:51:58.000,92.83,0.0,538.91,19.4,0.087890625,55.5
14:51:59.000,93.84,0.0,537.86,19.4,0.0,55.5
14:52:00.000,94.84,1.0,538.21,19.2,0.0,55.5
14:52:01.000,95.85,0.0,538.46,19.2,0.0,55.5
14:52:02.000,96.86,0.0,538.46,19.2,0.0,55.5
14:52:03.000,97.87,0.0,538.46,19.2,0.087890625,56.4
14:52:04.000,98.88,0.0,538.46,19.2,0.0,56.4
14:52:05.000,99.89,0.0,538.46,19.2,0.1025390625,55.5
14:52:06.000,100.9,0.0,538.46,19.2,0.0,55.5
14:52:07.000,101.91,0.5,538.45,19.2,1.57421875,55.5
14:52:08.000,102.92,0.0,538.45,19.2,0.408203125,54.5
14:52:10.000,103.93,0.0,538.45,19.2,0.0,56.0
14:52:11.000,104.94,0.0,538.45,19.2,0.0,54.5
14:52:12.000,105.95,0.0,538.45,19.2,0.0,54.5
14:52:13.000,106.96,0.0,538.45,19.2,0.0,56.0
14:52:14.000,107.97,0.0,538.45,19.2,0.203125,55.5
14:52:15.000,108.98,0.0,538.45,19.2,0.0,54.5
14:52:16.000,109.99,0.0,538.45,19.2,0.4072265625,55.0
14:52:17.000,111.0,0.0,538.45,19.2,0.0,55.5
14:52:18.000,112.0,0.0,538.45,19.2,0.0,55.0
14:52:19.000,113.01,0.0,538.45,19.2,0.087890625,56.4
14:52:20.000,114.02,0.0,538.44,19.2,0.23046875,55.5
14:52:21.000,115.03,0.0,538.44,19.2,1.4140625,55.0
14:52:22.000,116.04,0.0,538.44,19.2,0.0,55.0
14:52:23.000,117.05,0.5,538.44,19.2,0.0,55.5
14:52:24.000,118.06,0.0,538.44,19.2,0.087890625,55.5
14:52:25.000,119.07,0.0,538.44,19.2,0.0,56.0
14:52:26.000,120.08,0.0,538.44,19.2,0.0,55.0
14:52:27.000,121.09,0.0,538.44,19.2,0.0,56.0
14:52:28.000,122.1,0.0,538.44,19.2,0.0703125,54.5
14:52:29.000,123.11,2.0,538.68,19.3,37.0126953125,55.5
14:52:30.000,124.12,1.5,539.14,19.3,37.0478515625,54.5
14:52:31.000,125.13,2.5,542.68,19.4,19.5869140625,55.5
14:52:32.000,126.14,0.0,542.68,19.4,0.0703125,55.0
14:52:33.000,127.15,3.0,542.67,19.4,0.0,55.0
14:52:34.000,128.15,0.0,542.67,19.4,1.501953125,54.5
14:52:35.000,129.16,1.5,542.67,19.4,0.1025390625,55.0
14:52:36.000,130.17,0.0,542.67,19.4,0.0,55.5
14:52:37.000,131.18,0.0,542.91,19.4,0.0,55.5
14:52:38.000,132.19,24.9,543.66,19.5,0.08984375,56.0
14:52:39.000,133.2,30.3,543.61,19.5,0.6484375,56.9
14:52:40.000,134.2,11.6,542.75,19.5,0.0,56.4
14:52:41.000,135.21,11.1,540.7,19.4,0.0,57.4
14:52:42.000,136.22,11.6,540.14,19.4,0.0,56.9
14:52:43.000,137.23,17.3,538.82,19.3,0.0,56.0
14:52:44.000,138.24,16.4,538.52,19.3,0.087890625,57.4
14:52:45.000,139.25,16.3,536.05,19.3,0.0,56.0
14:52:46.000,140.26,18.3,536.91,19.3,25.1953125,56.4
14:52:47.000,141.26,17.7,536.75,19.2,0.0,56.0
14:52:48.000,142.27,16.4,536.11,19.2,0.0,56.4
14:52:49.000,143.28,12.1,546.43,19.8,33.173828125,56.9
14:52:50.000,144.29,0.0,548.3,19.8,32.6484375,56.4
14:52:51.000,145.29,1.5,550.36,19.9,32.1171875,56.9
14:52:52.000,146.29,0.5,536.6,19.5,0.0,55.5
14:52:53.000,147.3,0.0,536.89,19.5,0.087890625,56.9
14:52:54.000,148.3,0.5,537.27,19.5,0.0,56.0
14:52:55.000,149.31,0.0,537.27,19.5,0.0,56.4
14:52:56.000,150.32,0.0,537.27,19.5,0.0,56.0
14:52:57.000,151.33,0.0,537.27,19.5,0.0,56.4
14:52:58.000,152.34,0.5,537.27,19.5,0.203125,56.0
14:52:59.000,153.35,0.0,537.3,19.5,1.4140625,55.0
14:53:00.000,154.36,0.5,537.3,19.5,15.337890625,55.5
14:53:01.000,155.37,0.5,537.3,19.5,0.0,55.5
14:53:02.000,156.38,0.0,537.3,19.5,0.0,55.5
14:53:03.000,157.39,0.0,537.3,19.5,0.166015625,55.5
14:53:04.000,158.4,0.0,537.3,19.5,0.23046875,55.5
14:53:05.000,159.41,0.0,537.3,19.5,0.1025390625,55.5
14:53:06.000,160.42,0.5,537.3,19.5,0.0703125,56.4
14:53:07.000,161.43,0.0,537.3,19.5,0.0,56.0
14:53:08.000,162.44,0.0,537.3,19.5,0.087890625,56.4
14:53:09.000,163.45,14.8,539.63,19.3,0.0703125,56.0
14:53:10.000,164.45,37.1,542.7,19.8,0.0,56.9
14:53:11.000,165.46,2.0,544.14,19.8,0.0,56.9
14:53:12.000,166.47,0.0,544.7,19.8,1.734375,56.4
14:53:13.000,167.47,0.0,544.95,19.8,0.248046875,56.9
14:53:14.000,168.47,0.0,542.12,19.6,0.0,56.0
14:53:15.000,169.48,1.0,542.0,19.5,7.9873046875,56.9
14:53:16.000,170.49,21.7,540.21,19.6,41.234375,57.9
14:53:17.000,171.49,36.7,542.65,19.7,29.0712890625,57.9
14:53:18.000,172.5,11.2,547.37,19.8,0.087890625,57.4
14:53:19.000,173.51,11.2,547.49,19.8,0.0,56.9
14:53:20.000,174.51,10.7,544.07,19.6,0.0,57.4
14:53:21.000,175.52,17.4,544.07,19.6,0.0,56.9
14:53:22.000,176.52,18.7,544.56,19.6,0.0,57.4
14:53:23.000,177.53,17.9,544.89,19.5,0.087890625,57.4
14:53:24.000,178.54,16.9,545.05,19.5,1.4140625,57.9
14:53:25.000,179.55,16.9,545.05,19.5,0.0,56.9
14:53:26.000,180.56,14.7,544.64,19.5,0.267578125,56.9
14:53:27.000,181.56,17.3,544.64,19.5,1.025390625,56.9
14:53:28.000,182.57,16.1,544.64,19.5,1.806640625,56.4
14:53:29.000,183.59,17.9,544.77,19.5,0.0,56.9
14:53:30.000,184.6,16.1,544.87,19.5,13.8642578125,57.9
14:53:31.000,185.61,17.0,544.72,19.5,0.23046875,57.4
14:53:32.000,186.62,18.3,544.84,19.5,15.3359375,58.4
14:53:33.000,187.63,17.4,544.75,19.5,0.087890625,57.4
14:53:34.000,188.63,18.6,545.0,19.5,0.0,57.4
14:53:35.000,189.64,15.5,545.0,19.5,0.1025390625,57.4
14:53:36.000,190.65,15.1,548.68,19.9,43.06640625,56.9
14:53:37.000,191.66,18.2,549.75,19.9,19.255859375,57.9
14:53:38.000,192.66,0.5,551.27,20.0,30.849609375,56.9
14:53:39.000,193.66,0.0,548.96,19.9,0.0,56.9
14:53:40.000,194.67,0.5,543.41,19.7,0.06640625,57.4
14:53:41.000,195.67,0.0,543.91,19.7,0.0,56.4
14:53:42.000,196.68,0.5,543.22,19.6,0.162109375,57.4
14:53:43.000,197.69,0.0,543.46,19.6,0.501953125,56.9
14:53:44.000,198.7,0.5,543.46,19.6,0.56640625,56.9
14:53:45.000,199.71,1.0,543.46,19.6,0.404296875,56.9
14:53:46.000,200.72,0.0,542.77,19.6,0.38671875,55.5
14:53:47.000,201.73,0.5,542.77,19.6,16.306640625,56.9
14:53:48.000,202.74,0.0,542.12,19.5,0.810546875,56.9
14:53:49.000,203.75,0.0,540.92,19.5,1.58203125,56.0
14:53:50.000,204.76,0.5,540.61,19.5,3.287109375,56.4
14:53:51.000,205.77,0.0,540.61,19.5,0.224609375,55.5
14:53:52.000,206.78,0.5,540.54,19.5,1.171875,56.4
14:53:53.000,207.79,0.0,540.54,19.5,0.087890625,56.0
14:53:54.000,208.8,0.0,540.53,19.5,0.240234375,56.4
14:53:55.000,209.81,0.0,540.53,19.5,0.0,56.4
14:53:56.000,210.82,0.0,540.53,19.5,0.95703125,56.4
14:53:57.000,211.82,0.0,540.28,19.5,0.162109375,56.4
14:53:58.000,212.83,0.5,536.53,19.4,0.25,56.9
14:53:59.000,213.84,0.0,536.77,19.4,0.72265625,55.5
14:54:00.000,214.85,0.0,537.51,19.4,0.0,56.0
14:54:01.000,215.86,0.0,537.51,19.4,0.162109375,56.9
14:54:02.000,216.87,3.0,537.51,19.4,20.9189453125,56.0
14:54:03.000,217.88,1.5,537.76,19.4,40.6669921875,56.4
14:54:04.000,218.89,0.0,539.72,19.5,18.6298828125,55.5
14:54:05.000,219.9,0.0,541.63,19.5,0.2646484375,56.9
14:54:06.000,220.91,0.5,541.82,19.5,0.0,56.4
14:54:07.000,221.92,0.0,545.12,19.4,0.162109375,55.5
14:54:09.000,222.93,0.0,544.88,19.4,0.21484375,56.4
14:54:10.000,223.94,0.5,544.88,19.4,0.162109375,56.4
14:54:11.000,224.95,0.0,544.88,19.4,0.0,56.4
14:54:12.000,225.96,0.0,544.87,19.4,0.228515625,56.0
14:54:13.000,226.97,0.0,544.62,19.4,0.0,56.4
14:54:14.000,227.98,0.5,544.62,19.4,0.474609375,56.0
14:54:15.000,228.99,0.0,544.62,19.4,0.78515625,56.0
14:54:16.000,230.0,0.5,544.62,19.4,1.80078125,56.0
14:54:17.000,231.01,0.0,544.62,19.4,0.0,56.4
14:54:18.000,232.02,0.5,544.62,19.4,0.162109375,56.0
14:54:19.000,233.03,0.0,544.86,19.4,0.087890625,55.5
14:54:20.000,234.04,1.0,544.86,19.4,15.931640625,56.4
14:54:21.000,235.05,0.0,544.86,19.4,0.224609375,56.4
14:54:22.000,236.05,0.5,545.11,19.4,0.38671875,55.5
14:54:23.000,237.06,1.0,545.1,19.4,12.490234375,56.0
14:54:24.000,238.07,0.5,545.09,19.4,32.896484375,56.0
14:54:25.000,239.08,0.0,545.52,19.4,15.380859375,56.4
14:54:26.000,240.09,1.5,542.58,19.4,30.990234375,56.9
14:54:27.000,241.1,0.5,541.34,19.3,0.0,56.0
14:54:28.000,242.11,0.0,541.19,19.3,0.162109375,56.0
14:54:29.000,243.12,0.0,541.09,19.3,1.6171875,56.0
14:54:30.000,244.13,1.0,539.63,19.3,7.32421875,56.0
14:54:31.000,245.14,0.0,539.63,19.3,0.0,56.0
14:54:32.000,246.15,0.0,539.63,19.3,0.162109375,56.0
14:54:33.000,247.16,4.0,539.63,19.3,0.224609375,56.0
14:54:34.000,248.17,21.7,539.62,19.4,0.474609375,56.4
14:54:35.000,249.17,0.0,540.36,19.4,0.5576171875,56.0
14:54:36.000,250.18,0.5,540.36,19.4,0.162109375,56.4
14:54:37.000,251.18,0.0,540.36,19.4,0.0,56.0
14:54:38.000,252.19,0.5,540.54,19.4,0.162109375,57.4
14:54:39.000,253.19,0.5,540.51,19.3,0.087890625,56.4
14:54:40.000,254.2,0.0,540.51,19.3,0.162109375,56.9
14:54:41.000,255.21,0.0,540.51,19.3,1.4140625,56.0
14:54:42.000,256.22,0.0,540.51,19.3,0.232421875,57.4
14:54:43.000,257.23,0.0,540.51,19.3,0.650390625,56.4
14:54:44.000,258.24,0.0,540.5,19.3,0.087890625,56.9
14:54:45.000,259.25,0.0,540.5,19.3,0.0,56.9
14:54:46.000,260.26,0.0,540.5,19.3,0.0,55.5
14:54:47.000,261.26,0.0,540.5,19.3,0.0,55.5
14:54:48.000,262.27,0.0,540.5,19.3,0.0,56.4
14:54:49.000,263.28,0.0,540.5,19.3,0.087890625,55.5
14:54:50.000,264.29,0.0,540.5,19.3,0.0,56.0
14:54:51.000,265.3,0.0,540.5,19.3,0.162109375,56.4
14:54:52.000,266.31,0.0,540.5,19.3,0.0,55.5
14:54:53.000,267.32,0.0,540.5,19.3,0.087890625,56.0
14:54:54.000,268.33,0.0,540.5,19.3,1.4140625,56.0
14:54:55.000,269.34,0.0,540.5,19.3,0.291015625,56.0
14:54:56.000,270.35,0.0,540.5,19.3,0.224609375,56.4
14:54:57.000,271.36,0.0,540.5,19.3,0.224609375,56.0
14:54:58.000,272.37,1.0,540.5,19.3,0.087890625,56.0
14:54:59.000,273.38,0.0,540.5,19.3,0.0,56.9
14:55:00.000,274.39,1.0,540.5,19.3,0.0,56.9
14:55:01.000,275.4,1.0,540.48,19.3,0.0,56.4
14:55:02.000,276.41,0.0,540.48,19.3,0.0,56.4
14:55:03.000,277.42,0.0,540.48,19.3,0.087890625,55.5
14:55:04.000,278.43,0.0,540.48,19.3,0.0,55.5
14:55:05.000,279.43,1.0,540.48,19.3,0.1025390625,55.5
14:55:06.000,280.44,0.0,540.48,19.3,0.0,55.0
14:55:07.000,281.45,0.0,540.47,19.3,1.4140625,56.4
14:55:08.000,282.46,0.5,540.47,19.3,0.087890625,56.0
14:55:09.000,283.47,0.0,540.46,19.3,0.0,55.0
14:55:10.000,284.48,0.0,540.46,19.3,0.0,56.0
14:55:11.000,285.49,0.0,540.46,19.3,0.0,56.0
14:55:12.000,286.5,0.0,540.46,19.3,0.0,56.0
14:55:13.000,287.51,0.5,540.45,19.3,0.203125,55.5
14:55:14.000,288.52,0.0,540.43,19.3,0.0,55.0
14:55:15.000,289.53,0.0,540.43,19.3,0.0,56.0
14:55:16.000,290.54,0.0,540.43,19.3,0.0,55.5
14:55:17.000,291.55,0.5,540.43,19.3,0.224609375,56.0
14:55:18.000,292.56,0.0,540.43,19.3,0.390625,56.0
14:55:19.000,293.57,0.0,540.43,19.3,2.029296875,55.5
14:55:20.000,294.57,0.0,540.43,19.3,0.3203125,56.4
14:55:21.000,295.58,0.0,540.43,19.3,0.0,55.0
14:55:22.000,296.59,0.0,540.43,19.3,0.0,55.0
14:55:23.000,297.6,0.0,540.43,19.3,0.087890625,56.0
14:55:24.000,298.61,0.0,540.43,19.3,0.0,56.0
14:55:25.000,299.62,0.0,540.43,19.3,0.162109375,56.4
14:55:26.000,300.63,0.5,540.43,19.3,0.0,55.5
14:55:27.000,301.64,0.0,540.43,19.3,0.0,55.5
14:55:28.000,302.65,0.0,540.43,19.3,1.056640625,55.0
14:55:29.000,303.66,0.5,540.42,19.3,1.544921875,55.5
14:55:30.000,304.67,0.0,540.42,19.3,0.0,56.0
14:55:31.000,305.68,0.0,540.42,19.3,0.0,56.0
14:55:32.000,306.69,0.0,540.42,19.3,1.4140625,55.5
14:55:33.000,307.7,0.0,540.42,19.3,0.158203125,56.4
14:55:34.000,308.71,0.0,540.42,19.3,0.0703125,55.0
14:55:35.000,309.71,1.0,540.42,19.3,0.1025390625,54.5
14:55:36.000,310.72,0.0,540.41,19.3,0.0,54.5
14:55:37.000,311.73,0.0,540.41,19.3,0.0,56.0
14:55:38.000,312.74,0.0,540.41,19.3,0.087890625,56.0
14:55:39.000,313.75,0.0,540.41,19.3,0.224609375,55.5
14:55:40.000,314.76,0.0,540.41,19.3,0.4921875,56.0
14:55:41.000,315.77,0.0,540.41,19.3,0.455078125,55.5
14:55:42.000,316.78,0.0,540.41,19.3,0.0,55.5
14:55:43.000,317.79,0.0,540.41,19.3,0.087890625,55.5
14:55:44.000,318.8,0.0,540.41,19.3,0.23046875,55.5
14:55:45.000,319.81,0.0,540.41,19.3,1.48046875,55.5
14:55:46.000,320.82,0.5,540.4,19.3,0.0,55.0
14:55:47.000,321.83,0.0,540.4,19.3,0.0,55.5
14:55:48.000,322.84,0.0,540.4,19.3,0.087890625,54.0
14:55:49.000,323.85,0.0,540.4,19.3,0.0,54.0
14:55:50.000,324.85,0.5,540.4,19.3,1.17578125,56.4
14:55:51.000,325.86,0.0,540.4,19.3,1.36328125,55.5
14:55:52.000,326.87,0.0,540.4,19.3,0.0,55.5
14:55:53.000,327.88,0.0,540.39,19.3,0.318359375,56.0
14:55:54.000,328.89,0.0,540.39,19.3,0.189453125,55.5
14:55:55.000,329.9,0.0,540.39,19.3,0.0,56.0
14:55:56.000,330.91,0.0,540.39,19.3,0.0,55.5
14:55:57.000,331.92,0.5,540.39,19.3,1.576171875,55.0
14:55:59.000,332.93,0.0,540.39,19.3,0.203125,56.0
14:56:00.000,333.94,0.0,540.39,19.3,0.0,56.0
14:56:01.000,334.95,0.0,540.39,19.3,0.30078125,54.5
14:56:02.000,335.96,0.5,540.39,19.3,0.076171875,56.0
14:56:03.000,336.96,0.0,540.39,19.3,1.109375,55.5
14:56:04.000,337.97,0.0,540.39,19.3,0.884765625,55.5
14:56:05.000,338.98,0.0,540.39,19.3,0.8935546875,55.5
14:56:06.000,339.99,0.0,540.39,19.3,0.0,55.0
14:56:07.000,341.0,0.0,540.39,19.3,0.560546875,55.0
14:56:08.000,342.01,0.0,540.38,19.3,0.0,55.0
14:56:09.000,343.02,0.0,540.38,19.3,13.52734375,55.0
14:56:10.000,344.03,0.5,540.38,19.3,0.078125,55.5
14:56:11.000,345.04,0.0,540.38,19.3,1.974609375,55.0
14:56:12.000,346.05,0.0,540.38,19.3,0.236328125,55.5
14:56:13.000,347.06,0.0,540.38,19.3,1.103515625,54.5
14:56:14.000,348.07,0.0,540.38,19.3,0.087890625,55.5
14:56:15.000,349.08,0.0,540.38,19.3,0.0,55.0
14:56:16.000,350.09,0.0,540.38,19.3,0.0,54.0
14:56:17.000,351.09,0.0,540.38,19.3,0.0703125,56.4
14:56:18.000,352.1,0.0,540.38,19.3,0.0,54.5
14:56:19.000,353.11,0.0,540.38,19.3,0.6484375,55.5
14:56:20.000,354.12,0.0,540.37,19.3,0.0,55.0
14:56:21.000,355.13,0.0,540.37,19.3,1.0908203125,54.0
14:56:22.000,356.14,0.0,540.37,19.3,0.115234375,55.0
14:56:23.000,357.15,0.0,540.37,19.3,0.291015625,55.0
14:56:24.000,358.16,0.0,540.37,19.3,2.767578125,54.5
14:56:25.000,359.17,0.0,540.37,19.3,0.224609375,54.5
14:56:26.000,360.18,0.0,540.36,19.3,0.06640625,55.0
14:56:27.000,361.19,0.5,540.61,19.3,0.0,55.0
14:56:28.000,362.2,0.0,540.61,19.3,0.0,55.0
14:56:29.000,363.21,0.0,540.61,19.3,0.947265625,55.0
14:56:30.000,364.21,0.0,540.61,19.3,0.0,55.5
14:56:31.000,365.22,0.0,540.61,19.3,0.0,55.5
14:56:32.000,366.23,0.0,540.61,19.3,0.0,55.5
