Relative Time (s),CPU Temperature (°C),Mode,Attack Type,Attack,Host,Measurement,Run
0.0,42.842,Idle,Denial of Service,GoldenEye (HTTP),Raspberry Pi 4B 4GB,System,1
1.0,43.816,Idle,Denial of Service,GoldenEye (HTTP),Raspberry Pi 4B 4GB,System,1
2.0,42.355,Idle,Denial of Service,GoldenEye (HTTP),Raspberry Pi 4B 4GB,System,1
3.0,44.303,Idle,Denial of Service,GoldenEye (HTTP),Raspberry Pi 4B 4GB,System,1
4.0,42.842,Idle,Denial of Service,GoldenEye (HTTP),Raspberry Pi 4B 4GB,System,1
5.0,42.842,Idle,Denial of Service,GoldenEye (HTTP),Raspberry Pi 4B 4GB,System,1
6.0,43.329,Idle,Denial of Service,GoldenEye (HTTP),Raspberry Pi 4B 4GB,System,1
7.0,43.816,Idle,Denial of Service,GoldenEye (HTTP),Raspberry Pi 4B 4GB,System,1
8.0,43.329,Idle,Denial of Service,GoldenEye (HTTP),Raspberry Pi 4B 4GB,System,1
9.0,42.842,Idle,Denial of Service,GoldenEye (HTTP),Raspberry Pi 4B 4GB,System,1
10.0,43.329,Idle,Denial of Service,GoldenEye (HTTP),Raspberry Pi 4B 4GB,System,1
11.0,43.329,Idle,Denial of Service,GoldenEye (HTTP),Raspberry Pi 4B 4GB,System,1
12.0,43.329,Idle,Denial of Service,GoldenEye (HTTP),Raspberry Pi 4B 4GB,System,1
13.0,42.842,Idle,Denial of Service,GoldenEye (HTTP),Raspberry Pi 4B 4GB,System,1
14.0,43.329,Idle,Denial of Service,GoldenEye (HTTP),Raspberry Pi 4B 4GB,System,1
15.0,42.355,Idle,Denial of Service,GoldenEye (HTTP),Raspberry Pi 4B 4GB,System,1
16.0,43.816,Idle,Denial of Service,GoldenEye (HTTP),Raspberry Pi 4B 4GB,System,1
17.0,42.842,Idle,Denial of Service,GoldenEye (HTTP),Raspberry Pi 4B 4GB,System,1
18.0,42.842,Idle,Denial of Service,GoldenEye (HTTP),Raspberry Pi 4B 4GB,System,1
19.0,43.816,Idle,Denial of Service,GoldenEye (HTTP),Raspberry Pi 4B 4GB,System,1
20.0,42.355,Idle,Denial of Service,GoldenEye (HTTP),Raspberry Pi 4B 4GB,System,1
21.0,43.329,Idle,Denial of Service,GoldenEye (HTTP),Raspberry Pi 4B 4GB,System,1
22.0,43.329,Idle,Denial of Service,GoldenEye (HTTP),Raspberry Pi 4B 4GB,System,1
23.0,42.842,Idle,Denial of Service,GoldenEye (HTTP),Raspberry Pi 4B 4GB,System,1
24.0,43.816,Idle,Denial of Service,GoldenEye (HTTP),Raspberry Pi 4B 4GB,System,1
25.0,42.842,Idle,Denial of Service,GoldenEye (HTTP),Raspberry Pi 4B 4GB,System,1
26.0,42.355,Idle,Denial of Service,GoldenEye (HTTP),Raspberry Pi 4B 4GB,System,1
27.0,42.842,Idle,Denial of Service,GoldenEye (HTTP),Raspberry Pi 4B 4GB,System,1
28.0,43.329,Idle,Denial of Service,GoldenEye (HTTP),Raspberry Pi 4B 4GB,System,1
29.0,43.329,Idle,Denial of Service,GoldenEye (HTTP),Raspberry Pi 4B 4GB,System,1
30.0,43.329,Idle,Denial of Service,GoldenEye (HTTP),Raspberry Pi 4B 4GB,System,1
31.0,43.329,Idle,Denial of Service,GoldenEye (HTTP),Raspberry Pi 4B 4GB,System,1
32.0,43.329,Idle,Denial of Service,GoldenEye (HTTP),Raspberry Pi 4B 4GB,System,1
33.0,42.355,Idle,Denial of Service,GoldenEye (HTTP),Raspberry Pi 4B 4GB,System,1
34.0,42.842,Idle,Denial of Service,GoldenEye (HTTP),Raspberry Pi 4B 4GB,System,1
35.0,42.355,Idle,Denial of Service,GoldenEye (HTTP),Raspberry Pi 4B 4GB,System,1
36.0,42.355,Idle,Denial of Service,GoldenEye (HTTP),Raspberry Pi 4B 4GB,System,1
37.0,43.329,Idle,Denial of Service,GoldenEye (HTTP),Raspberry Pi 4B 4GB,System,1
38.0,43.816,Idle,Denial of Service,GoldenEye (HTTP),Raspberry Pi 4B 4GB,System,1
39.0,43.816,Idle,Denial of Service,GoldenEye (HTTP),Raspberry Pi 4B 4GB,System,1
40.0,43.816,Idle,Denial of Service,GoldenEye (HTTP),Raspberry Pi 4B 4GB,System,1
41.0,43.816,Idle,Denial of Service,GoldenEye (HTTP),Raspberry Pi 4B 4GB,System,1
42.0,41.868,Idle,Denial of Service,GoldenEye (HTTP),Raspberry Pi 4B 4GB,System,1
43.0,43.816,Idle,Denial of Service,GoldenEye (HTTP),Raspberry Pi 4B 4GB,System,1
44.0,43.329,Idle,Denial of Service,GoldenEye (HTTP),Raspberry Pi 4B 4GB,System,1
45.0,43.816,Idle,Denial of Service,GoldenEye (HTTP),Raspberry Pi 4B 4GB,System,1
46.0,43.329,Idle,Denial of Service,GoldenEye (HTTP),Raspberry Pi 4B 4GB,System,1
47.0,43.329,Idle,Denial of Service,GoldenEye (HTTP),Raspberry Pi 4B 4GB,System,1
48.0,43.329,Idle,Denial of Service,GoldenEye (HTTP),Raspberry Pi 4B 4GB,System,1
49.0,42.842,Idle,Denial of Service,GoldenEye (HTTP),Raspberry Pi 4B 4GB,System,1
50.0,42.842,Idle,Denial of Service,GoldenEye (HTTP),Raspberry Pi 4B 4GB,System,1
51.0,43.816,Idle,Denial of Service,GoldenEye (HTTP),Raspberry Pi 4B 4GB,System,1
52.0,42.355,Idle,Denial of Service,GoldenEye (HTTP),Raspberry Pi 4B 4GB,System,1
53.0,43.329,Idle,Denial of Service,GoldenEye (HTTP),Raspberry Pi 4B 4GB,System,1
54.0,43.329,Idle,Denial of Service,GoldenEye (HTTP),Raspberry Pi 4B 4GB,System,1
55.0,42.842,Idle,Denial of Service,GoldenEye (HTTP),Raspberry Pi 4B 4GB,System,1
56.0,41.868,Idle,Denial of Service,GoldenEye (HTTP),Raspberry Pi 4B 4GB,System,1
57.0,41.381,Idle,Denial of Service,GoldenEye (HTTP),Raspberry Pi 4B 4GB,System,1
58.0,42.842,Idle,Denial of Service,GoldenEye (HTTP),Raspberry Pi 4B 4GB,System,1
59.0,43.329,Idle,Denial of Service,GoldenEye (HTTP),Raspberry Pi 4B 4GB,System,1
60.0,42.355,Idle,Denial of Service,GoldenEye (HTTP),Raspberry Pi 4B 4GB,System,1
61.0,43.329,Idle,Denial of Service,GoldenEye (HTTP),Raspberry Pi 4B 4GB,System,1
62.0,42.355,Idle,Denial of Service,GoldenEye (HTTP),Raspberry Pi 4B 4GB,System,1
63.0,42.355,Idle,Denial of Service,GoldenEye (HTTP),Raspberry Pi 4B 4GB,System,1
64.0,43.329,Idle,Denial of Service,GoldenEye (HTTP),Raspberry Pi 4B 4GB,System,1
65.0,43.816,Idle,Denial of Service,GoldenEye (HTTP),Raspberry Pi 4B 4GB,System,1
66.0,43.816,Idle,Denial of Service,GoldenEye (HTTP),Raspberry Pi 4B 4GB,System,1
67.0,43.816,Idle,Denial of Service,GoldenEye (HTTP),Raspberry Pi 4B 4GB,System,1
68.0,43.329,Idle,Denial of Service,GoldenEye (HTTP),Raspberry Pi 4B 4GB,System,1
69.0,43.329,Idle,Denial of Service,GoldenEye (HTTP),Raspberry Pi 4B 4GB,System,1
70.0,43.329,Idle,Denial of Service,GoldenEye (HTTP),Raspberry Pi 4B 4GB,System,1
71.0,42.355,Idle,Denial of Service,GoldenEye (HTTP),Raspberry Pi 4B 4GB,System,1
72.0,42.842,Idle,Denial of Service,GoldenEye (HTTP),Raspberry Pi 4B 4GB,System,1
73.0,42.355,Idle,Denial of Service,GoldenEye (HTTP),Raspberry Pi 4B 4GB,System,1
74.0,43.816,Idle,Denial of Service,GoldenEye (HTTP),Raspberry Pi 4B 4GB,System,1
75.0,43.816,Idle,Denial of Service,GoldenEye (HTTP),Raspberry Pi 4B 4GB,System,1
76.0,42.842,Idle,Denial of Service,GoldenEye (HTTP),Raspberry Pi 4B 4GB,System,1
77.0,41.868,Idle,Denial of Service,GoldenEye (HTTP),Raspberry Pi 4B 4GB,System,1
78.0,43.816,Idle,Denial of Service,GoldenEye (HTTP),Raspberry Pi 4B 4GB,System,1
79.0,42.842,Idle,Denial of Service,GoldenEye (HTTP),Raspberry Pi 4B 4GB,System,1
80.0,43.816,Idle,Denial of Service,GoldenEye (HTTP),Raspberry Pi 4B 4GB,System,1
81.0,42.842,Idle,Denial of Service,GoldenEye (HTTP),Raspberry Pi 4B 4GB,System,1
82.0,42.842,Idle,Denial of Service,GoldenEye (HTTP),Raspberry Pi 4B 4GB,System,1
83.0,43.816,Idle,Denial of Service,GoldenEye (HTTP),Raspberry Pi 4B 4GB,System,1
84.0,43.329,Idle,Denial of Service,GoldenEye (HTTP),Raspberry Pi 4B 4GB,System,1
85.0,42.842,Idle,Denial of Service,GoldenEye (HTTP),Raspberry Pi 4B 4GB,System,1
86.0,42.842,Idle,Denial of Service,GoldenEye (HTTP),Raspberry Pi 4B 4GB,System,1
87.0,43.329,Idle,Denial of Service,GoldenEye (HTTP),Raspberry Pi 4B 4GB,System,1
88.0,42.842,Idle,Denial of Service,GoldenEye (HTTP),Raspberry Pi 4B 4GB,System,1
89.0,42.355,Idle,Denial of Service,GoldenEye (HTTP),Raspberry Pi 4B 4GB,System,1
90.0,43.816,Idle,Denial of Service,GoldenEye (HTTP),Raspberry Pi 4B 4GB,System,1
91.0,41.381,Idle,Denial of Service,GoldenEye (HTTP),Raspberry Pi 4B 4GB,System,1
92.0,42.842,Idle,Denial of Service,GoldenEye (HTTP),Raspberry Pi 4B 4GB,System,1
93.0,42.842,Idle,Denial of Service,GoldenEye (HTTP),Raspberry Pi 4B 4GB,System,1
94.0,42.842,Idle,Denial of Service,GoldenEye (HTTP),Raspberry Pi 4B 4GB,System,1
95.0,43.329,Idle,Denial of Service,GoldenEye (HTTP),Raspberry Pi 4B 4GB,System,1
96.0,42.842,Idle,Denial of Service,GoldenEye (HTTP),Raspberry Pi 4B 4GB,System,1
97.0,42.842,Idle,Denial of Service,GoldenEye (HTTP),Raspberry Pi 4B 4GB,System,1
98.0,42.842,Idle,Denial of Service,GoldenEye (HTTP),Raspberry Pi 4B 4GB,System,1
99.0,42.842,Idle,Denial of Service,GoldenEye (HTTP),Raspberry Pi 4B 4GB,System,1
100.0,42.355,Idle,Denial of Service,GoldenEye (HTTP),Raspberry Pi 4B 4GB,System,1
101.0,43.329,Idle,Denial of Service,GoldenEye (HTTP),Raspberry Pi 4B 4GB,System,1
102.0,42.842,Idle,Denial of Service,GoldenEye (HTTP),Raspberry Pi 4B 4GB,System,1
103.0,43.329,Idle,Denial of Service,GoldenEye (HTTP),Raspberry Pi 4B 4GB,System,1
104.0,43.816,Idle,Denial of Service,GoldenEye (HTTP),Raspberry Pi 4B 4GB,System,1
105.0,41.868,Idle,Denial of Service,GoldenEye (HTTP),Raspberry Pi 4B 4GB,System,1
106.0,42.842,Idle,Denial of Service,GoldenEye (HTTP),Raspberry Pi 4B 4GB,System,1
107.0,41.868,Idle,Denial of Service,GoldenEye (HTTP),Raspberry Pi 4B 4GB,System,1
108.0,42.842,Idle,Denial of Service,GoldenEye (HTTP),Raspberry Pi 4B 4GB,System,1
109.0,42.842,Idle,Denial of Service,GoldenEye (HTTP),Raspberry Pi 4B 4GB,System,1
110.0,42.355,Idle,Denial of Service,GoldenEye (HTTP),Raspberry Pi 4B 4GB,System,1
111.0,42.842,Idle,Denial of Service,GoldenEye (HTTP),Raspberry Pi 4B 4GB,System,1
112.0,42.355,Idle,Denial of Service,GoldenEye (HTTP),Raspberry Pi 4B 4GB,System,1
113.0,42.842,Idle,Denial of Service,GoldenEye (HTTP),Raspberry Pi 4B 4GB,System,1
114.0,43.816,Idle,Denial of Service,GoldenEye (HTTP),Raspberry Pi 4B 4GB,System,1
115.0,43.329,Idle,Denial of Service,GoldenEye (HTTP),Raspberry Pi 4B 4GB,System,1
116.0,43.329,Idle,Denial of Service,GoldenEye (HTTP),Raspberry Pi 4B 4GB,System,1
117.0,43.329,Idle,Denial of Service,GoldenEye (HTTP),Raspberry Pi 4B 4GB,System,1
118.0,43.329,Idle,Denial of Service,GoldenEye (HTTP),Raspberry Pi 4B 4GB,System,1
119.0,42.842,Idle,Denial of Service,GoldenEye (HTTP),Raspberry Pi 4B 4GB,System,1
120.0,41.868,Idle,Denial of Service,GoldenEye (HTTP),Raspberry Pi 4B 4GB,System,1
121.0,42.355,Idle,Denial of Service,GoldenEye (HTTP),Raspberry Pi 4B 4GB,System,1
122.0,43.816,Idle,Denial of Service,GoldenEye (HTTP),Raspberry Pi 4B 4GB,System,1
123.0,43.816,Idle,Denial of Service,GoldenEye (HTTP),Raspberry Pi 4B 4GB,System,1
124.0,42.842,Idle,Denial of Service,GoldenEye (HTTP),Raspberry Pi 4B 4GB,System,1
125.0,41.868,Idle,Denial of Service,GoldenEye (HTTP),Raspberry Pi 4B 4GB,System,1
126.0,42.355,Idle,Denial of Service,GoldenEye (HTTP),Raspberry Pi 4B 4GB,System,1
127.0,42.355,Idle,Denial of Service,GoldenEye (HTTP),Raspberry Pi 4B 4GB,System,1
128.0,43.329,Idle,Denial of Service,GoldenEye (HTTP),Raspberry Pi 4B 4GB,System,1
129.0,43.329,Idle,Denial of Service,GoldenEye (HTTP),Raspberry Pi 4B 4GB,System,1
130.0,42.842,Idle,Denial of Service,GoldenEye (HTTP),Raspberry Pi 4B 4GB,System,1
131.0,43.329,Idle,Denial of Service,GoldenEye (HTTP),Raspberry Pi 4B 4GB,System,1
132.0,42.842,Idle,Denial of Service,GoldenEye (HTTP),Raspberry Pi 4B 4GB,System,1
133.0,43.329,Idle,Denial of Service,GoldenEye (HTTP),Raspberry Pi 4B 4GB,System,1
134.0,43.816,Idle,Denial of Service,GoldenEye (HTTP),Raspberry Pi 4B 4GB,System,1
135.0,43.329,Idle,Denial of Service,GoldenEye (HTTP),Raspberry Pi 4B 4GB,System,1
136.0,42.842,Idle,Denial of Service,GoldenEye (HTTP),Raspberry Pi 4B 4GB,System,1
137.0,43.329,Idle,Denial of Service,GoldenEye (HTTP),Raspberry Pi 4B 4GB,System,1
138.0,43.329,Idle,Denial of Service,GoldenEye (HTTP),Raspberry Pi 4B 4GB,System,1
139.0,42.355,Idle,Denial of Service,GoldenEye (HTTP),Raspberry Pi 4B 4GB,System,1
140.0,41.868,Idle,Denial of Service,GoldenEye (HTTP),Raspberry Pi 4B 4GB,System,1
141.0,43.329,Idle,Denial of Service,GoldenEye (HTTP),Raspberry Pi 4B 4GB,System,1
142.0,42.842,Idle,Denial of Service,GoldenEye (HTTP),Raspberry Pi 4B 4GB,System,1
143.0,43.816,Idle,Denial of Service,GoldenEye (HTTP),Raspberry Pi 4B 4GB,System,1
144.0,43.329,Idle,Denial of Service,GoldenEye (HTTP),Raspberry Pi 4B 4GB,System,1
145.0,43.329,Idle,Denial of Service,GoldenEye (HTTP),Raspberry Pi 4B 4GB,System,1
146.0,43.329,Idle,Denial of Service,GoldenEye (HTTP),Raspberry Pi 4B 4GB,System,1
147.0,42.842,Idle,Denial of Service,GoldenEye (HTTP),Raspberry Pi 4B 4GB,System,1
148.0,42.355,Idle,Denial of Service,GoldenEye (HTTP),Raspberry Pi 4B 4GB,System,1
149.0,42.355,Idle,Denial of Service,GoldenEye (HTTP),Raspberry Pi 4B 4GB,System,1
150.0,43.329,Idle,Denial of Service,GoldenEye (HTTP),Raspberry Pi 4B 4GB,System,1
151.0,42.842,Idle,Denial of Service,GoldenEye (HTTP),Raspberry Pi 4B 4GB,System,1
152.0,42.355,Idle,Denial of Service,GoldenEye (HTTP),Raspberry Pi 4B 4GB,System,1
153.0,42.842,Idle,Denial of Service,GoldenEye (HTTP),Raspberry Pi 4B 4GB,System,1
154.0,43.329,Idle,Denial of Service,GoldenEye (HTTP),Raspberry Pi 4B 4GB,System,1
155.0,42.842,Idle,Denial of Service,GoldenEye (HTTP),Raspberry Pi 4B 4GB,System,1
156.0,42.355,Idle,Denial of Service,GoldenEye (HTTP),Raspberry Pi 4B 4GB,System,1
157.0,42.355,Idle,Denial of Service,GoldenEye (HTTP),Raspberry Pi 4B 4GB,System,1
158.0,42.355,Idle,Denial of Service,GoldenEye (HTTP),Raspberry Pi 4B 4GB,System,1
159.0,42.355,Idle,Denial of Service,GoldenEye (HTTP),Raspberry Pi 4B 4GB,System,1
160.0,43.329,Idle,Denial of Service,GoldenEye (HTTP),Raspberry Pi 4B 4GB,System,1
161.0,42.842,Idle,Denial of Service,GoldenEye (HTTP),Raspberry Pi 4B 4GB,System,1
162.0,42.355,Idle,Denial of Service,GoldenEye (HTTP),Raspberry Pi 4B 4GB,System,1
163.0,42.355,Idle,Denial of Service,GoldenEye (HTTP),Raspberry Pi 4B 4GB,System,1
164.0,42.842,Idle,Denial of Service,GoldenEye (HTTP),Raspberry Pi 4B 4GB,System,1
165.0,41.381,Idle,Denial of Service,GoldenEye (HTTP),Raspberry Pi 4B 4GB,System,1
166.0,42.355,Idle,Denial of Service,GoldenEye (HTTP),Raspberry Pi 4B 4GB,System,1
167.0,41.868,Idle,Denial of Service,GoldenEye (HTTP),Raspberry Pi 4B 4GB,System,1
168.0,42.842,Idle,Denial of Service,GoldenEye (HTTP),Raspberry Pi 4B 4GB,System,1
169.0,43.329,Idle,Denial of Service,GoldenEye (HTTP),Raspberry Pi 4B 4GB,System,1
170.0,42.355,Idle,Denial of Service,GoldenEye (HTTP),Raspberry Pi 4B 4GB,System,1
171.0,42.355,Idle,Denial of Service,GoldenEye (HTTP),Raspberry Pi 4B 4GB,System,1
172.0,42.355,Idle,Denial of Service,GoldenEye (HTTP),Raspberry Pi 4B 4GB,System,1
173.0,42.842,Idle,Denial of Service,GoldenEye (HTTP),Raspberry Pi 4B 4GB,System,1
174.0,42.842,Idle,Denial of Service,GoldenEye (HTTP),Raspberry Pi 4B 4GB,System,1
175.0,43.329,Idle,Denial of Service,GoldenEye (HTTP),Raspberry Pi 4B 4GB,System,1
176.0,42.842,Idle,Denial of Service,GoldenEye (HTTP),Raspberry Pi 4B 4GB,System,1
177.0,42.842,Idle,Denial of Service,GoldenEye (HTTP),Raspberry Pi 4B 4GB,System,1
178.0,43.816,Idle,Denial of Service,GoldenEye (HTTP),Raspberry Pi 4B 4GB,System,1
179.0,42.842,Idle,Denial of Service,GoldenEye (HTTP),Raspberry Pi 4B 4GB,System,1
180.0,42.842,Idle,Denial of Service,GoldenEye (HTTP),Raspberry Pi 4B 4GB,System,1
181.0,43.329,Idle,Denial of Service,GoldenEye (HTTP),Raspberry Pi 4B 4GB,System,1
182.0,42.842,Idle,Denial of Service,GoldenEye (HTTP),Raspberry Pi 4B 4GB,System,1
183.0,43.816,Idle,Denial of Service,GoldenEye (HTTP),Raspberry Pi 4B 4GB,System,1
184.0,43.816,Idle,Denial of Service,GoldenEye (HTTP),Raspberry Pi 4B 4GB,System,1
185.0,42.355,Idle,Denial of Service,GoldenEye (HTTP),Raspberry Pi 4B 4GB,System,1
186.0,42.355,Idle,Denial of Service,GoldenEye (HTTP),Raspberry Pi 4B 4GB,System,1
187.0,42.355,Idle,Denial of Service,GoldenEye (HTTP),Raspberry Pi 4B 4GB,System,1
188.0,41.381,Idle,Denial of Service,GoldenEye (HTTP),Raspberry Pi 4B 4GB,System,1
189.0,42.842,Idle,Denial of Service,GoldenEye (HTTP),Raspberry Pi 4B 4GB,System,1
190.0,42.355,Idle,Denial of Service,GoldenEye (HTTP),Raspberry Pi 4B 4GB,System,1
191.0,42.355,Idle,Denial of Service,GoldenEye (HTTP),Raspberry Pi 4B 4GB,System,1
192.0,41.868,Idle,Denial of Service,GoldenEye (HTTP),Raspberry Pi 4B 4GB,System,1
193.0,42.842,Idle,Denial of Service,GoldenEye (HTTP),Raspberry Pi 4B 4GB,System,1
194.0,42.355,Idle,Denial of Service,GoldenEye (HTTP),Raspberry Pi 4B 4GB,System,1
195.0,43.329,Idle,Denial of Service,GoldenEye (HTTP),Raspberry Pi 4B 4GB,System,1
196.0,41.868,Idle,Denial of Service,GoldenEye (HTTP),Raspberry Pi 4B 4GB,System,1
197.0,42.842,Idle,Denial of Service,GoldenEye (HTTP),Raspberry Pi 4B 4GB,System,1
198.0,41.381,Idle,Denial of Service,GoldenEye (HTTP),Raspberry Pi 4B 4GB,System,1
199.0,42.842,Idle,Denial of Service,GoldenEye (HTTP),Raspberry Pi 4B 4GB,System,1
200.0,42.355,Attack,Denial of Service,GoldenEye (HTTP),Raspberry Pi 4B 4GB,System,1
201.0,41.868,Attack,Denial of Service,GoldenEye (HTTP),Raspberry Pi 4B 4GB,System,1
202.0,41.868,Attack,Denial of Service,GoldenEye (HTTP),Raspberry Pi 4B 4GB,System,1
203.0,43.816,Attack,Denial of Service,GoldenEye (HTTP),Raspberry Pi 4B 4GB,System,1
204.0,42.355,Attack,Denial of Service,GoldenEye (HTTP),Raspberry Pi 4B 4GB,System,1
205.0,43.329,Attack,Denial of Service,GoldenEye (HTTP),Raspberry Pi 4B 4GB,System,1
206.0,43.329,Attack,Denial of Service,GoldenEye (HTTP),Raspberry Pi 4B 4GB,System,1
207.0,42.842,Attack,Denial of Service,GoldenEye (HTTP),Raspberry Pi 4B 4GB,System,1
208.0,41.868,Attack,Denial of Service,GoldenEye (HTTP),Raspberry Pi 4B 4GB,System,1
209.0,42.842,Attack,Denial of Service,GoldenEye (HTTP),Raspberry Pi 4B 4GB,System,1
210.0,43.329,Attack,Denial of Service,GoldenEye (HTTP),Raspberry Pi 4B 4GB,System,1
211.0,42.355,Attack,Denial of Service,GoldenEye (HTTP),Raspberry Pi 4B 4GB,System,1
212.0,42.842,Attack,Denial of Service,GoldenEye (HTTP),Raspberry Pi 4B 4GB,System,1
213.0,42.355,Attack,Denial of Service,GoldenEye (HTTP),Raspberry Pi 4B 4GB,System,1
214.0,42.842,Attack,Denial of Service,GoldenEye (HTTP),Raspberry Pi 4B 4GB,System,1
215.0,42.842,Attack,Denial of Service,GoldenEye (HTTP),Raspberry Pi 4B 4GB,System,1
216.0,42.355,Attack,Denial of Service,GoldenEye (HTTP),Raspberry Pi 4B 4GB,System,1
217.0,42.842,Attack,Denial of Service,GoldenEye (HTTP),Raspberry Pi 4B 4GB,System,1
218.0,42.355,Attack,Denial of Service,GoldenEye (HTTP),Raspberry Pi 4B 4GB,System,1
219.0,42.355,Attack,Denial of Service,GoldenEye (HTTP),Raspberry Pi 4B 4GB,System,1
220.0,44.303,Attack,Denial of Service,GoldenEye (HTTP),Raspberry Pi 4B 4GB,System,1
221.0,42.355,Attack,Denial of Service,GoldenEye (HTTP),Raspberry Pi 4B 4GB,System,1
222.0,43.329,Attack,Denial of Service,GoldenEye (HTTP),Raspberry Pi 4B 4GB,System,1
223.0,42.355,Attack,Denial of Service,GoldenEye (HTTP),Raspberry Pi 4B 4GB,System,1
224.0,42.355,Attack,Denial of Service,GoldenEye (HTTP),Raspberry Pi 4B 4GB,System,1
225.0,42.842,Attack,Denial of Service,GoldenEye (HTTP),Raspberry Pi 4B 4GB,System,1
226.0,42.355,Attack,Denial of Service,GoldenEye (HTTP),Raspberry Pi 4B 4GB,System,1
227.0,43.816,Attack,Denial of Service,GoldenEye (HTTP),Raspberry Pi 4B 4GB,System,1
228.0,43.329,Attack,Denial of Service,GoldenEye (HTTP),Raspberry Pi 4B 4GB,System,1
229.0,43.329,Attack,Denial of Service,GoldenEye (HTTP),Raspberry Pi 4B 4GB,System,1
230.0,43.329,Attack,Denial of Service,GoldenEye (HTTP),Raspberry Pi 4B 4GB,System,1
231.0,43.329,Attack,Denial of Service,GoldenEye (HTTP),Raspberry Pi 4B 4GB,System,1
232.0,42.842,Attack,Denial of Service,GoldenEye (HTTP),Raspberry Pi 4B 4GB,System,1
233.0,41.868,Attack,Denial of Service,GoldenEye (HTTP),Raspberry Pi 4B 4GB,System,1
234.0,43.816,Attack,Denial of Service,GoldenEye (HTTP),Raspberry Pi 4B 4GB,System,1
235.0,43.329,Attack,Denial of Service,GoldenEye (HTTP),Raspberry Pi 4B 4GB,System,1
236.0,43.329,Attack,Denial of Service,GoldenEye (HTTP),Raspberry Pi 4B 4GB,System,1
237.0,42.842,Attack,Denial of Service,GoldenEye (HTTP),Raspberry Pi 4B 4GB,System,1
238.0,43.329,Attack,Denial of Service,GoldenEye (HTTP),Raspberry Pi 4B 4GB,System,1
239.0,43.329,Attack,Denial of Service,GoldenEye (HTTP),Raspberry Pi 4B 4GB,System,1
240.0,42.842,Attack,Denial of Service,GoldenEye (HTTP),Raspberry Pi 4B 4GB,System,1
241.0,41.868,Attack,Denial of Service,GoldenEye (HTTP),Raspberry Pi 4B 4GB,System,1
242.0,43.329,Attack,Denial of Service,GoldenEye (HTTP),Raspberry Pi 4B 4GB,System,1
243.0,42.842,Attack,Denial of Service,GoldenEye (HTTP),Raspberry Pi 4B 4GB,System,1
244.0,43.329,Attack,Denial of Service,GoldenEye (HTTP),Raspberry Pi 4B 4GB,System,1
245.0,44.303,Attack,Denial of Service,GoldenEye (HTTP),Raspberry Pi 4B 4GB,System,1
246.0,42.355,Attack,Denial of Service,GoldenEye (HTTP),Raspberry Pi 4B 4GB,System,1
247.0,42.355,Attack,Denial of Service,GoldenEye (HTTP),Raspberry Pi 4B 4GB,System,1
248.0,43.329,Attack,Denial of Service,GoldenEye (HTTP),Raspberry Pi 4B 4GB,System,1
249.0,42.842,Attack,Denial of Service,GoldenEye (HTTP),Raspberry Pi 4B 4GB,System,1
250.0,42.355,Attack,Denial of Service,GoldenEye (HTTP),Raspberry Pi 4B 4GB,System,1
251.0,42.355,Attack,Denial of Service,GoldenEye (HTTP),Raspberry Pi 4B 4GB,System,1
252.0,42.355,Attack,Denial of Service,GoldenEye (HTTP),Raspberry Pi 4B 4GB,System,1
253.0,42.355,Attack,Denial of Service,GoldenEye (HTTP),Raspberry Pi 4B 4GB,System,1
254.0,41.868,Attack,Denial of Service,GoldenEye (HTTP),Raspberry Pi 4B 4GB,System,1
255.0,43.816,Attack,Denial of Service,GoldenEye (HTTP),Raspberry Pi 4B 4GB,System,1
256.0,41.381,Attack,Denial of Service,GoldenEye (HTTP),Raspberry Pi 4B 4GB,System,1
257.0,42.842,Attack,Denial of Service,GoldenEye (HTTP),Raspberry Pi 4B 4GB,System,1
258.0,42.355,Attack,Denial of Service,GoldenEye (HTTP),Raspberry Pi 4B 4GB,System,1
259.0,43.329,Attack,Denial of Service,GoldenEye (HTTP),Raspberry Pi 4B 4GB,System,1
260.0,41.381,Attack,Denial of Service,GoldenEye (HTTP),Raspberry Pi 4B 4GB,System,1
261.0,43.816,Attack,Denial of Service,GoldenEye (HTTP),Raspberry Pi 4B 4GB,System,1
262.0,43.816,Attack,Denial of Service,GoldenEye (HTTP),Raspberry Pi 4B 4GB,System,1
263.0,43.329,Attack,Denial of Service,GoldenEye (HTTP),Raspberry Pi 4B 4GB,System,1
264.0,43.329,Attack,Denial of Service,GoldenEye (HTTP),Raspberry Pi 4B 4GB,System,1
265.0,42.355,Attack,Denial of Service,GoldenEye (HTTP),Raspberry Pi 4B 4GB,System,1
266.0,41.868,Attack,Denial of Service,GoldenEye (HTTP),Raspberry Pi 4B 4GB,System,1
267.0,42.842,Attack,Denial of Service,GoldenEye (HTTP),Raspberry Pi 4B 4GB,System,1
268.0,41.868,Attack,Denial of Service,GoldenEye (HTTP),Raspberry Pi 4B 4GB,System,1
269.0,43.329,Attack,Denial of Service,GoldenEye (HTTP),Raspberry Pi 4B 4GB,System,1
270.0,43.816,Attack,Denial of Service,GoldenEye (HTTP),Raspberry Pi 4B 4GB,System,1
271.0,42.355,Attack,Denial of Service,GoldenEye (HTTP),Raspberry Pi 4B 4GB,System,1
272.0,42.842,Attack,Denial of Service,GoldenEye (HTTP),Raspberry Pi 4B 4GB,System,1
273.0,42.355,Attack,Denial of Service,GoldenEye (HTTP),Raspberry Pi 4B 4GB,System,1
274.0,43.329,Attack,Denial of Service,GoldenEye (HTTP),Raspberry Pi 4B 4GB,System,1
275.0,42.355,Attack,Denial of Service,GoldenEye (HTTP),Raspberry Pi 4B 4GB,System,1
276.0,43.329,Attack,Denial of Service,GoldenEye (HTTP),Raspberry Pi 4B 4GB,System,1
277.0,43.329,Attack,Denial of Service,GoldenEye (HTTP),Raspberry Pi 4B 4GB,System,1
278.0,42.355,Attack,Denial of Service,GoldenEye (HTTP),Raspberry Pi 4B 4GB,System,1
279.0,43.329,Attack,Denial of Service,GoldenEye (HTTP),Raspberry Pi 4B 4GB,System,1
280.0,42.842,Attack,Denial of Service,GoldenEye (HTTP),Raspberry Pi 4B 4GB,System,1
281.0,42.842,Attack,Denial of Service,GoldenEye (HTTP),Raspberry Pi 4B 4GB,System,1
282.0,42.355,Attack,Denial of Service,GoldenEye (HTTP),Raspberry Pi 4B 4GB,System,1
283.0,42.842,Attack,Denial of Service,GoldenEye (HTTP),Raspberry Pi 4B 4GB,System,1
284.0,42.842,Attack,Denial of Service,GoldenEye (HTTP),Raspberry Pi 4B 4GB,System,1
285.0,41.381,Attack,Denial of Service,GoldenEye (HTTP),Raspberry Pi 4B 4GB,System,1
286.0,43.329,Attack,Denial of Service,GoldenEye (HTTP),Raspberry Pi 4B 4GB,System,1
287.0,42.842,Attack,Denial of Service,GoldenEye (HTTP),Raspberry Pi 4B 4GB,System,1
288.0,42.842,Attack,Denial of Service,GoldenEye (HTTP),Raspberry Pi 4B 4GB,System,1
289.0,41.868,Attack,Denial of Service,GoldenEye (HTTP),Raspberry Pi 4B 4GB,System,1
290.0,42.842,Attack,Denial of Service,GoldenEye (HTTP),Raspberry Pi 4B 4GB,System,1
291.0,43.816,Attack,Denial of Service,GoldenEye (HTTP),Raspberry Pi 4B 4GB,System,1
292.0,43.329,Attack,Denial of Service,GoldenEye (HTTP),Raspberry Pi 4B 4GB,System,1
293.0,42.355,Attack,Denial of Service,GoldenEye (HTTP),Raspberry Pi 4B 4GB,System,1
294.0,43.816,Attack,Denial of Service,GoldenEye (HTTP),Raspberry Pi 4B 4GB,System,1
295.0,43.329,Attack,Denial of Service,GoldenEye (HTTP),Raspberry Pi 4B 4GB,System,1
296.0,42.355,Attack,Denial of Service,GoldenEye (HTTP),Raspberry Pi 4B 4GB,System,1
297.0,43.329,Attack,Denial of Service,GoldenEye (HTTP),Raspberry Pi 4B 4GB,System,1
298.0,42.355,Attack,Denial of Service,GoldenEye (HTTP),Raspberry Pi 4B 4GB,System,1
299.0,42.842,Attack,Denial of Service,GoldenEye (HTTP),Raspberry Pi 4B 4GB,System,1
300.0,43.329,Attack,Denial of Service,GoldenEye (HTTP),Raspberry Pi 4B 4GB,System,1
301.0,41.868,Attack,Denial of Service,GoldenEye (HTTP),Raspberry Pi 4B 4GB,System,1
302.0,42.355,Attack,Denial of Service,GoldenEye (HTTP),Raspberry Pi 4B 4GB,System,1
303.0,43.816,Attack,Denial of Service,GoldenEye (HTTP),Raspberry Pi 4B 4GB,System,1
304.0,42.355,Attack,Denial of Service,GoldenEye (HTTP),Raspberry Pi 4B 4GB,System,1
305.0,43.816,Attack,Denial of Service,GoldenEye (HTTP),Raspberry Pi 4B 4GB,System,1
306.0,42.355,Attack,Denial of Service,GoldenEye (HTTP),Raspberry Pi 4B 4GB,System,1
307.0,42.842,Attack,Denial of Service,GoldenEye (HTTP),Raspberry Pi 4B 4GB,System,1
308.0,42.355,Attack,Denial of Service,GoldenEye (HTTP),Raspberry Pi 4B 4GB,System,1
309.0,43.329,Attack,Denial of Service,GoldenEye (HTTP),Raspberry Pi 4B 4GB,System,1
310.0,42.355,Attack,Denial of Service,GoldenEye (HTTP),Raspberry Pi 4B 4GB,System,1
311.0,42.842,Attack,Denial of Service,GoldenEye (HTTP),Raspberry Pi 4B 4GB,System,1
312.0,42.355,Attack,Denial of Service,GoldenEye (HTTP),Raspberry Pi 4B 4GB,System,1
313.0,42.355,Attack,Denial of Service,GoldenEye (HTTP),Raspberry Pi 4B 4GB,System,1
314.0,42.842,Attack,Denial of Service,GoldenEye (HTTP),Raspberry Pi 4B 4GB,System,1
315.0,42.842,Attack,Denial of Service,GoldenEye (HTTP),Raspberry Pi 4B 4GB,System,1
316.0,42.355,Attack,Denial of Service,GoldenEye (HTTP),Raspberry Pi 4B 4GB,System,1
317.0,43.816,Attack,Denial of Service,GoldenEye (HTTP),Raspberry Pi 4B 4GB,System,1
318.0,42.842,Attack,Denial of Service,GoldenEye (HTTP),Raspberry Pi 4B 4GB,System,1
319.0,43.329,Attack,Denial of Service,GoldenEye (HTTP),Raspberry Pi 4B 4GB,System,1
320.0,42.355,Attack,Denial of Service,GoldenEye (HTTP),Raspberry Pi 4B 4GB,System,1
321.0,42.842,Attack,Denial of Service,GoldenEye (HTTP),Raspberry Pi 4B 4GB,System,1
322.0,42.842,Attack,Denial of Service,GoldenEye (HTTP),Raspberry Pi 4B 4GB,System,1
323.0,43.816,Attack,Denial of Service,GoldenEye (HTTP),Raspberry Pi 4B 4GB,System,1
324.0,42.355,Attack,Denial of Service,GoldenEye (HTTP),Raspberry Pi 4B 4GB,System,1
325.0,42.355,Attack,Denial of Service,GoldenEye (HTTP),Raspberry Pi 4B 4GB,System,1
326.0,43.816,Attack,Denial of Service,GoldenEye (HTTP),Raspberry Pi 4B 4GB,System,1
327.0,43.329,Attack,Denial of Service,GoldenEye (HTTP),Raspberry Pi 4B 4GB,System,1
328.0,45.277,Attack,Denial of Service,GoldenEye (HTTP),Raspberry Pi 4B 4GB,System,1
329.0,46.251,Attack,Denial of Service,GoldenEye (HTTP),Raspberry Pi 4B 4GB,System,1
330.0,45.764,Attack,Denial of Service,GoldenEye (HTTP),Raspberry Pi 4B 4GB,System,1
331.0,45.764,Attack,Denial of Service,GoldenEye (HTTP),Raspberry Pi 4B 4GB,System,1
332.0,46.251,Attack,Denial of Service,GoldenEye (HTTP),Raspberry Pi 4B 4GB,System,1
333.0,47.225,Attack,Denial of Service,GoldenEye (HTTP),Raspberry Pi 4B 4GB,System,1
334.0,45.764,Attack,Denial of Service,GoldenEye (HTTP),Raspberry Pi 4B 4GB,System,1
335.0,47.712,Attack,Denial of Service,GoldenEye (HTTP),Raspberry Pi 4B 4GB,System,1
336.0,47.712,Attack,Denial of Service,GoldenEye (HTTP),Raspberry Pi 4B 4GB,System,1
337.0,47.712,Attack,Denial of Service,GoldenEye (HTTP),Raspberry Pi 4B 4GB,System,1
338.0,48.686,Attack,Denial of Service,GoldenEye (HTTP),Raspberry Pi 4B 4GB,System,1
339.0,48.199,Attack,Denial of Service,GoldenEye (HTTP),Raspberry Pi 4B 4GB,System,1
340.0,48.686,Attack,Denial of Service,GoldenEye (HTTP),Raspberry Pi 4B 4GB,System,1
341.0,49.173,Attack,Denial of Service,GoldenEye (HTTP),Raspberry Pi 4B 4GB,System,1
342.0,49.173,Attack,Denial of Service,GoldenEye (HTTP),Raspberry Pi 4B 4GB,System,1
343.0,49.66,Attack,Denial of Service,GoldenEye (HTTP),Raspberry Pi 4B 4GB,System,1
344.0,50.147,Attack,Denial of Service,GoldenEye (HTTP),Raspberry Pi 4B 4GB,System,1
345.0,51.121,Attack,Denial of Service,GoldenEye (HTTP),Raspberry Pi 4B 4GB,System,1
346.0,50.147,Attack,Denial of Service,GoldenEye (HTTP),Raspberry Pi 4B 4GB,System,1
347.0,49.66,Attack,Denial of Service,GoldenEye (HTTP),Raspberry Pi 4B 4GB,System,1
348.0,50.147,Attack,Denial of Service,GoldenEye (HTTP),Raspberry Pi 4B 4GB,System,1
349.0,50.634,Attack,Denial of Service,GoldenEye (HTTP),Raspberry Pi 4B 4GB,System,1
350.0,50.147,Attack,Denial of Service,GoldenEye (HTTP),Raspberry Pi 4B 4GB,System,1
351.0,51.608,Attack,Denial of Service,GoldenEye (HTTP),Raspberry Pi 4B 4GB,System,1
352.0,51.608,Attack,Denial of Service,GoldenEye (HTTP),Raspberry Pi 4B 4GB,System,1
353.0,50.147,Attack,Denial of Service,GoldenEye (HTTP),Raspberry Pi 4B 4GB,System,1
354.0,50.147,Attack,Denial of Service,GoldenEye (HTTP),Raspberry Pi 4B 4GB,System,1
355.0,51.608,Attack,Denial of Service,GoldenEye (HTTP),Raspberry Pi 4B 4GB,System,1
356.0,51.608,Attack,Denial of Service,GoldenEye (HTTP),Raspberry Pi 4B 4GB,System,1
357.0,50.634,Attack,Denial of Service,GoldenEye (HTTP),Raspberry Pi 4B 4GB,System,1
358.0,51.608,Attack,Denial of Service,GoldenEye (HTTP),Raspberry Pi 4B 4GB,System,1
359.0,51.121,Attack,Denial of Service,GoldenEye (HTTP),Raspberry Pi 4B 4GB,System,1
360.0,50.147,Attack,Denial of Service,GoldenEye (HTTP),Raspberry Pi 4B 4GB,System,1
361.0,52.095,Attack,Denial of Service,GoldenEye (HTTP),Raspberry Pi 4B 4GB,System,1
362.0,53.069,Attack,Denial of Service,GoldenEye (HTTP),Raspberry Pi 4B 4GB,System,1
363.0,52.582,Attack,Denial of Service,GoldenEye (HTTP),Raspberry Pi 4B 4GB,System,1
364.0,51.608,Attack,Denial of Service,GoldenEye (HTTP),Raspberry Pi 4B 4GB,System,1
365.0,53.069,Attack,Denial of Service,GoldenEye (HTTP),Raspberry Pi 4B 4GB,System,1
366.0,52.582,Attack,Denial of Service,GoldenEye (HTTP),Raspberry Pi 4B 4GB,System,1
367.0,51.121,Attack,Denial of Service,GoldenEye (HTTP),Raspberry Pi 4B 4GB,System,1
368.0,52.095,Attack,Denial of Service,GoldenEye (HTTP),Raspberry Pi 4B 4GB,System,1
369.0,52.095,Attack,Denial of Service,GoldenEye (HTTP),Raspberry Pi 4B 4GB,System,1
370.0,52.582,Attack,Denial of Service,GoldenEye (HTTP),Raspberry Pi 4B 4GB,System,1
371.0,51.608,Attack,Denial of Service,GoldenEye (HTTP),Raspberry Pi 4B 4GB,System,1
372.0,51.121,Attack,Denial of Service,GoldenEye (HTTP),Raspberry Pi 4B 4GB,System,1
373.0,49.173,Attack,Denial of Service,GoldenEye (HTTP),Raspberry Pi 4B 4GB,System,1
374.0,50.147,Attack,Denial of Service,GoldenEye (HTTP),Raspberry Pi 4B 4GB,System,1
375.0,50.147,Attack,Denial of Service,GoldenEye (HTTP),Raspberry Pi 4B 4GB,System,1
376.0,49.66,Attack,Denial of Service,GoldenEye (HTTP),Raspberry Pi 4B 4GB,System,1
377.0,48.686,Attack,Denial of Service,GoldenEye (HTTP),Raspberry Pi 4B 4GB,System,1
378.0,49.173,Attack,Denial of Service,GoldenEye (HTTP),Raspberry Pi 4B 4GB,System,1
379.0,49.173,Attack,Denial of Service,GoldenEye (HTTP),Raspberry Pi 4B 4GB,System,1
380.0,48.686,Attack,Denial of Service,GoldenEye (HTTP),Raspberry Pi 4B 4GB,System,1
381.0,48.199,Attack,Denial of Service,GoldenEye (HTTP),Raspberry Pi 4B 4GB,System,1
382.0,49.173,Attack,Denial of Service,GoldenEye (HTTP),Raspberry Pi 4B 4GB,System,1
383.0,49.173,Attack,Denial of Service,GoldenEye (HTTP),Raspberry Pi 4B 4GB,System,1
384.0,47.712,Attack,Denial of Service,GoldenEye (HTTP),Raspberry Pi 4B 4GB,System,1
385.0,48.686,Attack,Denial of Service,GoldenEye (HTTP),Raspberry Pi 4B 4GB,System,1
386.0,48.686,Attack,Denial of Service,GoldenEye (HTTP),Raspberry Pi 4B 4GB,System,1
387.0,48.686,Attack,Denial of Service,GoldenEye (HTTP),Raspberry Pi 4B 4GB,System,1
388.0,48.686,Attack,Denial of Service,GoldenEye (HTTP),Raspberry Pi 4B 4GB,System,1
389.0,48.199,Attack,Denial of Service,GoldenEye (HTTP),Raspberry Pi 4B 4GB,System,1
390.0,48.686,Attack,Denial of Service,GoldenEye (HTTP),Raspberry Pi 4B 4GB,System,1
391.0,47.712,Attack,Denial of Service,GoldenEye (HTTP),Raspberry Pi 4B 4GB,System,1
392.0,48.686,Attack,Denial of Service,GoldenEye (HTTP),Raspberry Pi 4B 4GB,System,1
393.0,48.686,Attack,Denial of Service,GoldenEye (HTTP),Raspberry Pi 4B 4GB,System,1
394.0,47.712,Attack,Denial of Service,GoldenEye (HTTP),Raspberry Pi 4B 4GB,System,1
395.0,48.199,Attack,Denial of Service,GoldenEye (HTTP),Raspberry Pi 4B 4GB,System,1
396.0,48.199,Attack,Denial of Service,GoldenEye (HTTP),Raspberry Pi 4B 4GB,System,1
397.0,47.225,Attack,Denial of Service,GoldenEye (HTTP),Raspberry Pi 4B 4GB,System,1
398.0,48.199,Attack,Denial of Service,GoldenEye (HTTP),Raspberry Pi 4B 4GB,System,1
399.0,48.199,Attack,Denial of Service,GoldenEye (HTTP),Raspberry Pi 4B 4GB,System,1
400.0,47.712,Recovery,Denial of Service,GoldenEye (HTTP),Raspberry Pi 4B 4GB,System,1
401.0,47.225,Recovery,Denial of Service,GoldenEye (HTTP),Raspberry Pi 4B 4GB,System,1
402.0,48.686,Recovery,Denial of Service,GoldenEye (HTTP),Raspberry Pi 4B 4GB,System,1
403.0,48.686,Recovery,Denial of Service,GoldenEye (HTTP),Raspberry Pi 4B 4GB,System,1
404.0,47.712,Recovery,Denial of Service,GoldenEye (HTTP),Raspberry Pi 4B 4GB,System,1
405.0,47.712,Recovery,Denial of Service,GoldenEye (HTTP),Raspberry Pi 4B 4GB,System,1
406.0,47.712,Recovery,Denial of Service,GoldenEye (HTTP),Raspberry Pi 4B 4GB,System,1
407.0,46.738,Recovery,Denial of Service,GoldenEye (HTTP),Raspberry Pi 4B 4GB,System,1
408.0,47.712,Recovery,Denial of Service,GoldenEye (HTTP),Raspberry Pi 4B 4GB,System,1
409.0,47.225,Recovery,Denial of Service,GoldenEye (HTTP),Raspberry Pi 4B 4GB,System,1
410.0,47.712,Recovery,Denial of Service,GoldenEye (HTTP),Raspberry Pi 4B 4GB,System,1
411.0,47.225,Recovery,Denial of Service,GoldenEye (HTTP),Raspberry Pi 4B 4GB,System,1
412.0,47.225,Recovery,Denial of Service,GoldenEye (HTTP),Raspberry Pi 4B 4GB,System,1
413.0,46.251,Recovery,Denial of Service,GoldenEye (HTTP),Raspberry Pi 4B 4GB,System,1
414.0,46.738,Recovery,Denial of Service,GoldenEye (HTTP),Raspberry Pi 4B 4GB,System,1
415.0,46.251,Recovery,Denial of Service,GoldenEye (HTTP),Raspberry Pi 4B 4GB,System,1
416.0,47.225,Recovery,Denial of Service,GoldenEye (HTTP),Raspberry Pi 4B 4GB,System,1
417.0,47.225,Recovery,Denial of Service,GoldenEye (HTTP),Raspberry Pi 4B 4GB,System,1
418.0,46.738,Recovery,Denial of Service,GoldenEye (HTTP),Raspberry Pi 4B 4GB,System,1
419.0,46.738,Recovery,Denial of Service,GoldenEye (HTTP),Raspberry Pi 4B 4GB,System,1
420.0,46.251,Recovery,Denial of Service,GoldenEye (HTTP),Raspberry Pi 4B 4GB,System,1
421.0,47.225,Recovery,Denial of Service,GoldenEye (HTTP),Raspberry Pi 4B 4GB,System,1
422.0,47.712,Recovery,Denial of Service,GoldenEye (HTTP),Raspberry Pi 4B 4GB,System,1
423.0,47.225,Recovery,Denial of Service,GoldenEye (HTTP),Raspberry Pi 4B 4GB,System,1
424.0,46.738,Recovery,Denial of Service,GoldenEye (HTTP),Raspberry Pi 4B 4GB,System,1
425.0,46.251,Recovery,Denial of Service,GoldenEye (HTTP),Raspberry Pi 4B 4GB,System,1
426.0,46.251,Recovery,Denial of Service,GoldenEye (HTTP),Raspberry Pi 4B 4GB,System,1
427.0,45.764,Recovery,Denial of Service,GoldenEye (HTTP),Raspberry Pi 4B 4GB,System,1
428.0,46.738,Recovery,Denial of Service,GoldenEye (HTTP),Raspberry Pi 4B 4GB,System,1
429.0,46.738,Recovery,Denial of Service,GoldenEye (HTTP),Raspberry Pi 4B 4GB,System,1
430.0,47.225,Recovery,Denial of Service,GoldenEye (HTTP),Raspberry Pi 4B 4GB,System,1
431.0,46.738,Recovery,Denial of Service,GoldenEye (HTTP),Raspberry Pi 4B 4GB,System,1
432.0,46.251,Recovery,Denial of Service,GoldenEye (HTTP),Raspberry Pi 4B 4GB,System,1
433.0,45.277,Recovery,Denial of Service,GoldenEye (HTTP),Raspberry Pi 4B 4GB,System,1
434.0,46.251,Recovery,Denial of Service,GoldenEye (HTTP),Raspberry Pi 4B 4GB,System,1
435.0,46.738,Recovery,Denial of Service,GoldenEye (HTTP),Raspberry Pi 4B 4GB,System,1
436.0,45.764,Recovery,Denial of Service,GoldenEye (HTTP),Raspberry Pi 4B 4GB,System,1
437.0,46.251,Recovery,Denial of Service,GoldenEye (HTTP),Raspberry Pi 4B 4GB,System,1
438.0,46.251,Recovery,Denial of Service,GoldenEye (HTTP),Raspberry Pi 4B 4GB,System,1
439.0,46.251,Recovery,Denial of Service,GoldenEye (HTTP),Raspberry Pi 4B 4GB,System,1
440.0,46.251,Recovery,Denial of Service,GoldenEye (HTTP),Raspberry Pi 4B 4GB,System,1
441.0,46.251,Recovery,Denial of Service,GoldenEye (HTTP),Raspberry Pi 4B 4GB,System,1
442.0,45.764,Recovery,Denial of Service,GoldenEye (HTTP),Raspberry Pi 4B 4GB,System,1
443.0,46.738,Recovery,Denial of Service,GoldenEye (HTTP),Raspberry Pi 4B 4GB,System,1
444.0,45.277,Recovery,Denial of Service,GoldenEye (HTTP),Raspberry Pi 4B 4GB,System,1
445.0,47.225,Recovery,Denial of Service,GoldenEye (HTTP),Raspberry Pi 4B 4GB,System,1
446.0,45.764,Recovery,Denial of Service,GoldenEye (HTTP),Raspberry Pi 4B 4GB,System,1
447.0,46.251,Recovery,Denial of Service,GoldenEye (HTTP),Raspberry Pi 4B 4GB,System,1
448.0,44.79,Recovery,Denial of Service,GoldenEye (HTTP),Raspberry Pi 4B 4GB,System,1
449.0,46.251,Recovery,Denial of Service,GoldenEye (HTTP),Raspberry Pi 4B 4GB,System,1
450.0,47.225,Recovery,Denial of Service,GoldenEye (HTTP),Raspberry Pi 4B 4GB,System,1
451.0,46.251,Recovery,Denial of Service,GoldenEye (HTTP),Raspberry Pi 4B 4GB,System,1
452.0,46.251,Recovery,Denial of Service,GoldenEye (HTTP),Raspberry Pi 4B 4GB,System,1
453.0,45.764,Recovery,Denial of Service,GoldenEye (HTTP),Raspberry Pi 4B 4GB,System,1
454.0,46.251,Recovery,Denial of Service,GoldenEye (HTTP),Raspberry Pi 4B 4GB,System,1
455.0,46.251,Recovery,Denial of Service,GoldenEye (HTTP),Raspberry Pi 4B 4GB,System,1
456.0,46.738,Recovery,Denial of Service,GoldenEye (HTTP),Raspberry Pi 4B 4GB,System,1
457.0,45.764,Recovery,Denial of Service,GoldenEye (HTTP),Raspberry Pi 4B 4GB,System,1
458.0,46.738,Recovery,Denial of Service,GoldenEye (HTTP),Raspberry Pi 4B 4GB,System,1
459.0,45.764,Recovery,Denial of Service,GoldenEye (HTTP),Raspberry Pi 4B 4GB,System,1
460.0,46.738,Recovery,Denial of Service,GoldenEye (HTTP),Raspberry Pi 4B 4GB,System,1
461.0,45.277,Recovery,Denial of Service,GoldenEye (HTTP),Raspberry Pi 4B 4GB,System,1
462.0,45.764,Recovery,Denial of Service,GoldenEye (HTTP),Raspberry Pi 4B 4GB,System,1
463.0,45.764,Recovery,Denial of Service,GoldenEye (HTTP),Raspberry Pi 4B 4GB,System,1
464.0,45.764,Recovery,Denial of Service,GoldenEye (HTTP),Raspberry Pi 4B 4GB,System,1
465.0,45.764,Recovery,Denial of Service,GoldenEye (HTTP),Raspberry Pi 4B 4GB,System,1
466.0,45.764,Recovery,Denial of Service,GoldenEye (HTTP),Raspberry Pi 4B 4GB,System,1
467.0,46.738,Recovery,Denial of Service,GoldenEye (HTTP),Raspberry Pi 4B 4GB,System,1
468.0,46.738,Recovery,Denial of Service,GoldenEye (HTTP),Raspberry Pi 4B 4GB,System,1
469.0,45.277,Recovery,Denial of Service,GoldenEye (HTTP),Raspberry Pi 4B 4GB,System,1
470.0,45.277,Recovery,Denial of Service,GoldenEye (HTTP),Raspberry Pi 4B 4GB,System,1
471.0,44.303,Recovery,Denial of Service,GoldenEye (HTTP),Raspberry Pi 4B 4GB,System,1
472.0,46.251,Recovery,Denial of Service,GoldenEye (HTTP),Raspberry Pi 4B 4GB,System,1
473.0,45.764,Recovery,Denial of Service,GoldenEye (HTTP),Raspberry Pi 4B 4GB,System,1
474.0,45.277,Recovery,Denial of Service,GoldenEye (HTTP),Raspberry Pi 4B 4GB,System,1
475.0,45.277,Recovery,Denial of Service,GoldenEye (HTTP),Raspberry Pi 4B 4GB,System,1
476.0,44.79,Recovery,Denial of Service,GoldenEye (HTTP),Raspberry Pi 4B 4GB,System,1
477.0,45.277,Recovery,Denial of Service,GoldenEye (HTTP),Raspberry Pi 4B 4GB,System,1
478.0,46.738,Recovery,Denial of Service,GoldenEye (HTTP),Raspberry Pi 4B 4GB,System,1
479.0,45.277,Recovery,Denial of Service,GoldenEye (HTTP),Raspberry Pi 4B 4GB,System,1
480.0,46.251,Recovery,Denial of Service,GoldenEye (HTTP),Raspberry Pi 4B 4GB,System,1
481.0,44.79,Recovery,Denial of Service,GoldenEye (HTTP),Raspberry Pi 4B 4GB,System,1
482.0,45.764,Recovery,Denial of Service,GoldenEye (HTTP),Raspberry Pi 4B 4GB,System,1
483.0,46.738,Recovery,Denial of Service,GoldenEye (HTTP),Raspberry Pi 4B 4GB,System,1
484.0,45.277,Recovery,Denial of Service,GoldenEye (HTTP),Raspberry Pi 4B 4GB,System,1
485.0,45.764,Recovery,Denial of Service,GoldenEye (HTTP),Raspberry Pi 4B 4GB,System,1
486.0,46.738,Recovery,Denial of Service,GoldenEye (HTTP),Raspberry Pi 4B 4GB,System,1
487.0,45.764,Recovery,Denial of Service,GoldenEye (HTTP),Raspberry Pi 4B 4GB,System,1
488.0,44.79,Recovery,Denial of Service,GoldenEye (HTTP),Raspberry Pi 4B 4GB,System,1
489.0,45.277,Recovery,Denial of Service,GoldenEye (HTTP),Raspberry Pi 4B 4GB,System,1
490.0,45.764,Recovery,Denial of Service,GoldenEye (HTTP),Raspberry Pi 4B 4GB,System,1
491.0,46.251,Recovery,Denial of Service,GoldenEye (HTTP),Raspberry Pi 4B 4GB,System,1
492.0,45.764,Recovery,Denial of Service,GoldenEye (HTTP),Raspberry Pi 4B 4GB,System,1
493.0,46.251,Recovery,Denial of Service,GoldenEye (HTTP),Raspberry Pi 4B 4GB,System,1
494.0,46.251,Recovery,Denial of Service,GoldenEye (HTTP),Raspberry Pi 4B 4GB,System,1
495.0,45.277,Recovery,Denial of Service,GoldenEye (HTTP),Raspberry Pi 4B 4GB,System,1
496.0,45.277,Recovery,Denial of Service,GoldenEye (HTTP),Raspberry Pi 4B 4GB,System,1
497.0,45.277,Recovery,Denial of Service,GoldenEye (HTTP),Raspberry Pi 4B 4GB,System,1
498.0,45.277,Recovery,Denial of Service,GoldenEye (HTTP),Raspberry Pi 4B 4GB,System,1
499.0,45.764,Recovery,Denial of Service,GoldenEye (HTTP),Raspberry Pi 4B 4GB,System,1
500.0,43.816,Recovery,Denial of Service,GoldenEye (HTTP),Raspberry Pi 4B 4GB,System,1
501.0,45.764,Recovery,Denial of Service,GoldenEye (HTTP),Raspberry Pi 4B 4GB,System,1
502.0,45.277,Recovery,Denial of Service,GoldenEye (HTTP),Raspberry Pi 4B 4GB,System,1
503.0,46.738,Recovery,Denial of Service,GoldenEye (HTTP),Raspberry Pi 4B 4GB,System,1
504.0,45.277,Recovery,Denial of Service,GoldenEye (HTTP),Raspberry Pi 4B 4GB,System,1
505.0,44.303,Recovery,Denial of Service,GoldenEye (HTTP),Raspberry Pi 4B 4GB,System,1
506.0,44.79,Recovery,Denial of Service,GoldenEye (HTTP),Raspberry Pi 4B 4GB,System,1
507.0,44.79,Recovery,Denial of Service,GoldenEye (HTTP),Raspberry Pi 4B 4GB,System,1
508.0,45.764,Recovery,Denial of Service,GoldenEye (HTTP),Raspberry Pi 4B 4GB,System,1
509.0,45.277,Recovery,Denial of Service,GoldenEye (HTTP),Raspberry Pi 4B 4GB,System,1
510.0,45.277,Recovery,Denial of Service,GoldenEye (HTTP),Raspberry Pi 4B 4GB,System,1
511.0,44.79,Recovery,Denial of Service,GoldenEye (HTTP),Raspberry Pi 4B 4GB,System,1
512.0,45.277,Recovery,Denial of Service,GoldenEye (HTTP),Raspberry Pi 4B 4GB,System,1
513.0,45.277,Recovery,Denial of Service,GoldenEye (HTTP),Raspberry Pi 4B 4GB,System,1
514.0,45.764,Recovery,Denial of Service,GoldenEye (HTTP),Raspberry Pi 4B 4GB,System,1
515.0,45.277,Recovery,Denial of Service,GoldenEye (HTTP),Raspberry Pi 4B 4GB,System,1
516.0,45.277,Recovery,Denial of Service,GoldenEye (HTTP),Raspberry Pi 4B 4GB,System,1
517.0,45.764,Recovery,Denial of Service,GoldenEye (HTTP),Raspberry Pi 4B 4GB,System,1
518.0,44.79,Recovery,Denial of Service,GoldenEye (HTTP),Raspberry Pi 4B 4GB,System,1
519.0,45.277,Recovery,Denial of Service,GoldenEye (HTTP),Raspberry Pi 4B 4GB,System,1
520.0,44.79,Recovery,Denial of Service,GoldenEye (HTTP),Raspberry Pi 4B 4GB,System,1
521.0,45.764,Recovery,Denial of Service,GoldenEye (HTTP),Raspberry Pi 4B 4GB,System,1
522.0,44.79,Recovery,Denial of Service,GoldenEye (HTTP),Raspberry Pi 4B 4GB,System,1
523.0,45.277,Recovery,Denial of Service,GoldenEye (HTTP),Raspberry Pi 4B 4GB,System,1
524.0,44.79,Recovery,Denial of Service,GoldenEye (HTTP),Raspberry Pi 4B 4GB,System,1
525.0,45.277,Recovery,Denial of Service,GoldenEye (HTTP),Raspberry Pi 4B 4GB,System,1
526.0,44.79,Recovery,Denial of Service,GoldenEye (HTTP),Raspberry Pi 4B 4GB,System,1
527.0,45.277,Recovery,Denial of Service,GoldenEye (HTTP),Raspberry Pi 4B 4GB,System,1
528.0,45.764,Recovery,Denial of Service,GoldenEye (HTTP),Raspberry Pi 4B 4GB,System,1
529.0,45.764,Recovery,Denial of Service,GoldenEye (HTTP),Raspberry Pi 4B 4GB,System,1
530.0,45.764,Recovery,Denial of Service,GoldenEye (HTTP),Raspberry Pi 4B 4GB,System,1
531.0,45.764,Recovery,Denial of Service,GoldenEye (HTTP),Raspberry Pi 4B 4GB,System,1
532.0,45.277,Recovery,Denial of Service,GoldenEye (HTTP),Raspberry Pi 4B 4GB,System,1
533.0,44.79,Recovery,Denial of Service,GoldenEye (HTTP),Raspberry Pi 4B 4GB,System,1
534.0,44.79,Recovery,Denial of Service,GoldenEye (HTTP),Raspberry Pi 4B 4GB,System,1
535.0,45.277,Recovery,Denial of Service,GoldenEye (HTTP),Raspberry Pi 4B 4GB,System,1
536.0,44.79,Recovery,Denial of Service,GoldenEye (HTTP),Raspberry Pi 4B 4GB,System,1
537.0,44.303,Recovery,Denial of Service,GoldenEye (HTTP),Raspberry Pi 4B 4GB,System,1
538.0,45.277,Recovery,Denial of Service,GoldenEye (HTTP),Raspberry Pi 4B 4GB,System,1
539.0,45.277,Recovery,Denial of Service,GoldenEye (HTTP),Raspberry Pi 4B 4GB,System,1
540.0,45.764,Recovery,Denial of Service,GoldenEye (HTTP),Raspberry Pi 4B 4GB,System,1
541.0,44.303,Recovery,Denial of Service,GoldenEye (HTTP),Raspberry Pi 4B 4GB,System,1
542.0,45.277,Recovery,Denial of Service,GoldenEye (HTTP),Raspberry Pi 4B 4GB,System,1
543.0,44.79,Recovery,Denial of Service,GoldenEye (HTTP),Raspberry Pi 4B 4GB,System,1
544.0,44.79,Recovery,Denial of Service,GoldenEye (HTTP),Raspberry Pi 4B 4GB,System,1
545.0,44.79,Recovery,Denial of Service,GoldenEye (HTTP),Raspberry Pi 4B 4GB,System,1
546.0,45.764,Recovery,Denial of Service,GoldenEye (HTTP),Raspberry Pi 4B 4GB,System,1
547.0,44.303,Recovery,Denial of Service,GoldenEye (HTTP),Raspberry Pi 4B 4GB,System,1
548.0,44.79,Recovery,Denial of Service,GoldenEye (HTTP),Raspberry Pi 4B 4GB,System,1
549.0,44.79,Recovery,Denial of Service,GoldenEye (HTTP),Raspberry Pi 4B 4GB,System,1
550.0,43.816,Recovery,Denial of Service,GoldenEye (HTTP),Raspberry Pi 4B 4GB,System,1
551.0,45.277,Recovery,Denial of Service,GoldenEye (HTTP),Raspberry Pi 4B 4GB,System,1
552.0,45.277,Recovery,Denial of Service,GoldenEye (HTTP),Raspberry Pi 4B 4GB,System,1
553.0,44.79,Recovery,Denial of Service,GoldenEye (HTTP),Raspberry Pi 4B 4GB,System,1
554.0,43.816,Recovery,Denial of Service,GoldenEye (HTTP),Raspberry Pi 4B 4GB,System,1
555.0,44.303,Recovery,Denial of Service,GoldenEye (HTTP),Raspberry Pi 4B 4GB,System,1
556.0,44.303,Recovery,Denial of Service,GoldenEye (HTTP),Raspberry Pi 4B 4GB,System,1
557.0,44.79,Recovery,Denial of Service,GoldenEye (HTTP),Raspberry Pi 4B 4GB,System,1
558.0,45.277,Recovery,Denial of Service,GoldenEye (HTTP),Raspberry Pi 4B 4GB,System,1
559.0,45.277,Recovery,Denial of Service,GoldenEye (HTTP),Raspberry Pi 4B 4GB,System,1
560.0,44.79,Recovery,Denial of Service,GoldenEye (HTTP),Raspberry Pi 4B 4GB,System,1
561.0,43.816,Recovery,Denial of Service,GoldenEye (HTTP),Raspberry Pi 4B 4GB,System,1
562.0,45.277,Recovery,Denial of Service,GoldenEye (HTTP),Raspberry Pi 4B 4GB,System,1
563.0,45.764,Recovery,Denial of Service,GoldenEye (HTTP),Raspberry Pi 4B 4GB,System,1
564.0,45.277,Recovery,Denial of Service,GoldenEye (HTTP),Raspberry Pi 4B 4GB,System,1
565.0,45.277,Recovery,Denial of Service,GoldenEye (HTTP),Raspberry Pi 4B 4GB,System,1
566.0,45.277,Recovery,Denial of Service,GoldenEye (HTTP),Raspberry Pi 4B 4GB,System,1
567.0,45.764,Recovery,Denial of Service,GoldenEye (HTTP),Raspberry Pi 4B 4GB,System,1
568.0,44.303,Recovery,Denial of Service,GoldenEye (HTTP),Raspberry Pi 4B 4GB,System,1
569.0,44.79,Recovery,Denial of Service,GoldenEye (HTTP),Raspberry Pi 4B 4GB,System,1
570.0,43.816,Recovery,Denial of Service,GoldenEye (HTTP),Raspberry Pi 4B 4GB,System,1
571.0,45.277,Recovery,Denial of Service,GoldenEye (HTTP),Raspberry Pi 4B 4GB,System,1
572.0,43.816,Recovery,Denial of Service,GoldenEye (HTTP),Raspberry Pi 4B 4GB,System,1
573.0,44.303,Recovery,Denial of Service,GoldenEye (HTTP),Raspberry Pi 4B 4GB,System,1
574.0,44.79,Recovery,Denial of Service,GoldenEye (HTTP),Raspberry Pi 4B 4GB,System,1
575.0,44.303,Recovery,Denial of Service,GoldenEye (HTTP),Raspberry Pi 4B 4GB,System,1
576.0,43.816,Recovery,Denial of Service,GoldenEye (HTTP),Raspberry Pi 4B 4GB,System,1
577.0,44.79,Recovery,Denial of Service,GoldenEye (HTTP),Raspberry Pi 4B 4GB,System,1
578.0,45.277,Recovery,Denial of Service,GoldenEye (HTTP),Raspberry Pi 4B 4GB,System,1
579.0,44.79,Recovery,Denial of Service,GoldenEye (HTTP),Raspberry Pi 4B 4GB,System,1
580.0,45.277,Recovery,Denial of Service,GoldenEye (HTTP),Raspberry Pi 4B 4GB,System,1
581.0,44.303,Recovery,Denial of Service,GoldenEye (HTTP),Raspberry Pi 4B 4GB,System,1
582.0,45.764,Recovery,Denial of Service,GoldenEye (HTTP),Raspberry Pi 4B 4GB,System,1
583.0,44.303,Recovery,Denial of Service,GoldenEye (HTTP),Raspberry Pi 4B 4GB,System,1
584.0,44.303,Recovery,Denial of Service,GoldenEye (HTTP),Raspberry Pi 4B 4GB,System,1
585.0,45.277,Recovery,Denial of Service,GoldenEye (HTTP),Raspberry Pi 4B 4GB,System,1
586.0,45.277,Recovery,Denial of Service,GoldenEye (HTTP),Raspberry Pi 4B 4GB,System,1
587.0,45.277,Recovery,Denial of Service,GoldenEye (HTTP),Raspberry Pi 4B 4GB,System,1
588.0,44.79,Recovery,Denial of Service,GoldenEye (HTTP),Raspberry Pi 4B 4GB,System,1
589.0,44.79,Recovery,Denial of Service,GoldenEye (HTTP),Raspberry Pi 4B 4GB,System,1
590.0,43.816,Recovery,Denial of Service,GoldenEye (HTTP),Raspberry Pi 4B 4GB,System,1
591.0,44.303,Recovery,Denial of Service,GoldenEye (HTTP),Raspberry Pi 4B 4GB,System,1
592.0,45.764,Recovery,Denial of Service,GoldenEye (HTTP),Raspberry Pi 4B 4GB,System,1
593.0,44.79,Recovery,Denial of Service,GoldenEye (HTTP),Raspberry Pi 4B 4GB,System,1
594.0,45.277,Recovery,Denial of Service,GoldenEye (HTTP),Raspberry Pi 4B 4GB,System,1
595.0,43.816,Recovery,Denial of Service,GoldenEye (HTTP),Raspberry Pi 4B 4GB,System,1
596.0,44.79,Recovery,Denial of Service,GoldenEye (HTTP),Raspberry Pi 4B 4GB,System,1
597.0,45.277,Recovery,Denial of Service,GoldenEye (HTTP),Raspberry Pi 4B 4GB,System,1
598.0,45.277,Recovery,Denial of Service,GoldenEye (HTTP),Raspberry Pi 4B 4GB,System,1
599.0,45.277,Recovery,Denial of Service,GoldenEye (HTTP),Raspberry Pi 4B 4GB,System,1
