Timestamp,Relative Time (s),CPU Usage (%),Memory Usage (%),Network (Ko/s),CPU Temperature (°C),Mode,Attack Type,Attack,Host,Measurement,Run
15:01:43.000,0.0,0.0,22.1,0.0,56.0,Idle,Denial of Service,Slowloris (HTTP),Raspberry Pi 4B 2GB,System,2
15:01:44.000,1.01,0.0,22.1,0.0,55.5,Idle,Denial of Service,Slowloris (HTTP),Raspberry Pi 4B 2GB,System,2
15:01:45.000,2.01,0.0,22.1,0.0,55.5,Idle,Denial of Service,Slowloris (HTTP),Raspberry Pi 4B 2GB,System,2
15:01:46.000,3.01,0.0,22.1,0.0,55.0,Idle,Denial of Service,Slowloris (HTTP),Raspberry Pi 4B 2GB,System,2
15:01:47.000,4.02,0.5,22.1,0.3046875,56.4,Idle,Denial of Service,Slowloris (HTTP),Raspberry Pi 4B 2GB,System,2
15:01:49.000,5.02,0.0,22.1,0.318359375,56.0,Idle,Denial of Service,Slowloris (HTTP),Raspberry Pi 4B 2GB,System,2
15:01:50.000,6.03,0.0,22.1,0.0,56.0,Idle,Denial of Service,Slowloris (HTTP),Raspberry Pi 4B 2GB,System,2
15:01:51.000,7.04,0.5,22.1,11.021484375,54.5,Idle,Denial of Service,Slowloris (HTTP),Raspberry Pi 4B 2GB,System,2
15:01:52.000,8.05,0.0,22.1,0.23046875,55.0,Idle,Denial of Service,Slowloris (HTTP),Raspberry Pi 4B 2GB,System,2
15:01:53.000,9.06,0.0,22.1,0.791015625,56.0,Idle,Denial of Service,Slowloris (HTTP),Raspberry Pi 4B 2GB,System,2
15:01:54.000,10.07,0.0,22.1,1.798828125,55.5,Idle,Denial of Service,Slowloris (HTTP),Raspberry Pi 4B 2GB,System,2
15:01:55.000,11.08,0.5,22.1,0.115234375,54.5,Idle,Denial of Service,Slowloris (HTTP),Raspberry Pi 4B 2GB,System,2
15:01:56.000,12.09,0.0,22.1,1.4921875,55.0,Idle,Denial of Service,Slowloris (HTTP),Raspberry Pi 4B 2GB,System,2
15:01:57.000,13.1,0.0,22.1,0.0,55.0,Idle,Denial of Service,Slowloris (HTTP),Raspberry Pi 4B 2GB,System,2
15:01:58.000,14.11,0.0,21.9,0.162109375,55.5,Idle,Denial of Service,Slowloris (HTTP),Raspberry Pi 4B 2GB,System,2
15:01:59.000,15.12,0.0,21.9,0.087890625,55.5,Idle,Denial of Service,Slowloris (HTTP),Raspberry Pi 4B 2GB,System,2
15:02:00.000,16.13,0.5,21.9,0.0,55.0,Idle,Denial of Service,Slowloris (HTTP),Raspberry Pi 4B 2GB,System,2
15:02:01.000,17.14,0.0,21.9,0.23046875,55.5,Idle,Denial of Service,Slowloris (HTTP),Raspberry Pi 4B 2GB,System,2
15:02:02.000,18.15,0.0,21.9,0.0,55.0,Idle,Denial of Service,Slowloris (HTTP),Raspberry Pi 4B 2GB,System,2
15:02:03.000,19.15,0.5,21.9,0.0,55.5,Idle,Denial of Service,Slowloris (HTTP),Raspberry Pi 4B 2GB,System,2
15:02:04.000,20.16,0.0,21.9,0.087890625,55.5,Idle,Denial of Service,Slowloris (HTTP),Raspberry Pi 4B 2GB,System,2
15:02:05.000,21.17,0.0,21.9,0.1689453125,54.5,Idle,Denial of Service,Slowloris (HTTP),Raspberry Pi 4B 2GB,System,2
15:02:06.000,22.18,0.0,21.9,0.0,55.5,Idle,Denial of Service,Slowloris (HTTP),Raspberry Pi 4B 2GB,System,2
15:02:07.000,23.19,0.5,21.9,0.267578125,55.5,Idle,Denial of Service,Slowloris (HTTP),Raspberry Pi 4B 2GB,System,2
15:02:08.000,24.2,0.0,21.9,1.64453125,54.5,Idle,Denial of Service,Slowloris (HTTP),Raspberry Pi 4B 2GB,System,2
15:02:09.000,25.21,0.5,21.9,0.3896484375,55.5,Idle,Denial of Service,Slowloris (HTTP),Raspberry Pi 4B 2GB,System,2
15:02:10.000,26.22,0.0,21.9,0.0,55.0,Idle,Denial of Service,Slowloris (HTTP),Raspberry Pi 4B 2GB,System,2
15:02:11.000,27.23,0.0,21.9,0.23046875,55.5,Idle,Denial of Service,Slowloris (HTTP),Raspberry Pi 4B 2GB,System,2
15:02:12.000,28.24,0.0,21.9,0.0,54.5,Idle,Denial of Service,Slowloris (HTTP),Raspberry Pi 4B 2GB,System,2
15:02:13.000,29.25,0.0,21.9,0.0,56.4,Idle,Denial of Service,Slowloris (HTTP),Raspberry Pi 4B 2GB,System,2
15:02:14.000,30.26,0.0,21.9,0.087890625,55.0,Idle,Denial of Service,Slowloris (HTTP),Raspberry Pi 4B 2GB,System,2
15:02:15.000,31.27,0.0,21.9,0.0,55.0,Idle,Denial of Service,Slowloris (HTTP),Raspberry Pi 4B 2GB,System,2
15:02:16.000,32.27,0.0,21.9,0.037109375,55.0,Idle,Denial of Service,Slowloris (HTTP),Raspberry Pi 4B 2GB,System,2
15:02:17.000,33.28,0.0,21.9,0.0703125,55.5,Idle,Denial of Service,Slowloris (HTTP),Raspberry Pi 4B 2GB,System,2
15:02:18.000,34.29,0.0,21.9,0.0,54.0,Idle,Denial of Service,Slowloris (HTTP),Raspberry Pi 4B 2GB,System,2
15:02:19.000,35.3,0.0,21.9,0.087890625,55.5,Idle,Denial of Service,Slowloris (HTTP),Raspberry Pi 4B 2GB,System,2
15:02:20.000,36.31,0.5,21.9,0.30078125,54.5,Idle,Denial of Service,Slowloris (HTTP),Raspberry Pi 4B 2GB,System,2
15:02:21.000,37.32,0.0,21.9,1.4140625,54.5,Idle,Denial of Service,Slowloris (HTTP),Raspberry Pi 4B 2GB,System,2
15:02:22.000,38.33,0.5,21.9,0.0,55.5,Idle,Denial of Service,Slowloris (HTTP),Raspberry Pi 4B 2GB,System,2
15:02:23.000,39.34,0.0,21.9,0.0,55.0,Idle,Denial of Service,Slowloris (HTTP),Raspberry Pi 4B 2GB,System,2
15:02:24.000,40.35,0.5,21.9,0.6484375,55.0,Idle,Denial of Service,Slowloris (HTTP),Raspberry Pi 4B 2GB,System,2
15:02:25.000,41.36,0.0,21.9,0.267578125,55.0,Idle,Denial of Service,Slowloris (HTTP),Raspberry Pi 4B 2GB,System,2
15:02:26.000,42.37,0.0,21.9,0.267578125,55.0,Idle,Denial of Service,Slowloris (HTTP),Raspberry Pi 4B 2GB,System,2
15:02:27.000,43.38,0.0,21.9,0.0,54.5,Idle,Denial of Service,Slowloris (HTTP),Raspberry Pi 4B 2GB,System,2
15:02:28.000,44.39,11.2,22.2,0.0,54.5,Idle,Denial of Service,Slowloris (HTTP),Raspberry Pi 4B 2GB,System,2
15:02:29.000,45.4,3.0,22.2,0.193359375,54.5,Idle,Denial of Service,Slowloris (HTTP),Raspberry Pi 4B 2GB,System,2
15:02:30.000,46.41,3.5,22.2,0.125,54.5,Idle,Denial of Service,Slowloris (HTTP),Raspberry Pi 4B 2GB,System,2
15:02:31.000,47.42,0.5,22.2,0.0,55.0,Idle,Denial of Service,Slowloris (HTTP),Raspberry Pi 4B 2GB,System,2
15:02:32.000,48.43,0.0,22.2,0.0,55.0,Idle,Denial of Service,Slowloris (HTTP),Raspberry Pi 4B 2GB,System,2
15:02:33.000,49.44,4.0,22.2,0.419921875,55.0,Idle,Denial of Service,Slowloris (HTTP),Raspberry Pi 4B 2GB,System,2
15:02:34.000,50.45,0.0,22.2,1.4140625,54.0,Idle,Denial of Service,Slowloris (HTTP),Raspberry Pi 4B 2GB,System,2
15:02:35.000,51.46,0.0,22.3,0.1689453125,56.4,Idle,Denial of Service,Slowloris (HTTP),Raspberry Pi 4B 2GB,System,2
15:02:36.000,52.46,0.0,22.3,0.0,56.0,Idle,Denial of Service,Slowloris (HTTP),Raspberry Pi 4B 2GB,System,2
15:02:37.000,53.47,50.3,22.7,0.0,57.4,Idle,Denial of Service,Slowloris (HTTP),Raspberry Pi 4B 2GB,System,2
15:02:38.000,54.48,1.5,22.7,0.318359375,56.4,Idle,Denial of Service,Slowloris (HTTP),Raspberry Pi 4B 2GB,System,2
15:02:39.000,55.48,19.9,22.7,0.0,56.4,Idle,Denial of Service,Slowloris (HTTP),Raspberry Pi 4B 2GB,System,2
15:02:40.000,56.48,24.6,22.9,2.509765625,56.4,Idle,Denial of Service,Slowloris (HTTP),Raspberry Pi 4B 2GB,System,2
15:02:41.000,57.49,0.5,22.9,26.6044921875,56.4,Idle,Denial of Service,Slowloris (HTTP),Raspberry Pi 4B 2GB,System,2
15:02:42.000,58.49,1.0,22.9,0.0,56.0,Idle,Denial of Service,Slowloris (HTTP),Raspberry Pi 4B 2GB,System,2
15:02:43.000,59.5,0.5,22.7,0.087890625,56.4,Idle,Denial of Service,Slowloris (HTTP),Raspberry Pi 4B 2GB,System,2
15:02:44.000,60.5,0.5,22.6,0.181640625,55.5,Idle,Denial of Service,Slowloris (HTTP),Raspberry Pi 4B 2GB,System,2
15:02:45.000,61.51,1.5,22.3,0.0,56.4,Idle,Denial of Service,Slowloris (HTTP),Raspberry Pi 4B 2GB,System,2
15:02:46.000,62.52,2.0,22.3,1.4140625,55.5,Idle,Denial of Service,Slowloris (HTTP),Raspberry Pi 4B 2GB,System,2
15:02:47.000,63.53,34.0,22.7,0.0,56.0,Idle,Denial of Service,Slowloris (HTTP),Raspberry Pi 4B 2GB,System,2
15:02:48.000,64.54,20.8,22.8,0.087890625,56.9,Idle,Denial of Service,Slowloris (HTTP),Raspberry Pi 4B 2GB,System,2
15:02:49.000,65.54,0.0,22.8,0.0,56.9,Idle,Denial of Service,Slowloris (HTTP),Raspberry Pi 4B 2GB,System,2
15:02:50.000,66.55,0.5,22.5,0.0,56.4,Idle,Denial of Service,Slowloris (HTTP),Raspberry Pi 4B 2GB,System,2
15:02:51.000,67.55,0.0,22.5,0.162109375,56.9,Idle,Denial of Service,Slowloris (HTTP),Raspberry Pi 4B 2GB,System,2
15:02:52.000,68.55,0.5,22.5,0.0,56.4,Idle,Denial of Service,Slowloris (HTTP),Raspberry Pi 4B 2GB,System,2
15:02:53.000,69.56,1.0,22.2,0.1728515625,55.5,Idle,Denial of Service,Slowloris (HTTP),Raspberry Pi 4B 2GB,System,2
15:02:54.000,70.57,0.0,22.2,0.0,56.0,Idle,Denial of Service,Slowloris (HTTP),Raspberry Pi 4B 2GB,System,2
15:02:55.000,71.58,0.0,22.2,0.0,55.0,Idle,Denial of Service,Slowloris (HTTP),Raspberry Pi 4B 2GB,System,2
15:02:56.000,72.59,0.0,22.2,0.0,55.5,Idle,Denial of Service,Slowloris (HTTP),Raspberry Pi 4B 2GB,System,2
15:02:57.000,73.6,1.5,22.2,0.0,55.5,Idle,Denial of Service,Slowloris (HTTP),Raspberry Pi 4B 2GB,System,2
15:02:58.000,74.61,0.0,22.2,0.158203125,55.0,Idle,Denial of Service,Slowloris (HTTP),Raspberry Pi 4B 2GB,System,2
15:02:59.000,75.62,0.5,22.2,1.4140625,55.0,Idle,Denial of Service,Slowloris (HTTP),Raspberry Pi 4B 2GB,System,2
15:03:00.000,76.63,0.0,22.2,0.0,56.0,Idle,Denial of Service,Slowloris (HTTP),Raspberry Pi 4B 2GB,System,2
15:03:01.000,77.64,0.0,22.1,0.0703125,56.0,Idle,Denial of Service,Slowloris (HTTP),Raspberry Pi 4B 2GB,System,2
15:03:02.000,78.65,0.0,22.1,0.037109375,55.5,Idle,Denial of Service,Slowloris (HTTP),Raspberry Pi 4B 2GB,System,2
15:03:03.000,79.66,0.0,22.1,0.140625,55.5,Idle,Denial of Service,Slowloris (HTTP),Raspberry Pi 4B 2GB,System,2
15:03:04.000,80.66,0.0,22.1,0.0,55.0,Idle,Denial of Service,Slowloris (HTTP),Raspberry Pi 4B 2GB,System,2
15:03:05.000,81.67,0.5,22.1,0.1025390625,54.0,Idle,Denial of Service,Slowloris (HTTP),Raspberry Pi 4B 2GB,System,2
15:03:06.000,82.68,0.0,22.1,0.0,55.5,Idle,Denial of Service,Slowloris (HTTP),Raspberry Pi 4B 2GB,System,2
15:03:07.000,83.69,0.0,22.1,0.0,55.5,Idle,Denial of Service,Slowloris (HTTP),Raspberry Pi 4B 2GB,System,2
15:03:08.000,84.7,0.5,22.1,0.087890625,55.0,Idle,Denial of Service,Slowloris (HTTP),Raspberry Pi 4B 2GB,System,2
15:03:09.000,85.71,0.0,22.1,0.0,56.0,Idle,Denial of Service,Slowloris (HTTP),Raspberry Pi 4B 2GB,System,2
15:03:10.000,86.72,0.0,22.0,0.0,56.0,Idle,Denial of Service,Slowloris (HTTP),Raspberry Pi 4B 2GB,System,2
15:03:11.000,87.73,0.0,22.0,0.0,55.0,Idle,Denial of Service,Slowloris (HTTP),Raspberry Pi 4B 2GB,System,2
15:03:12.000,88.74,0.0,22.0,1.4140625,56.0,Idle,Denial of Service,Slowloris (HTTP),Raspberry Pi 4B 2GB,System,2
15:03:13.000,89.75,0.5,22.0,0.087890625,54.5,Idle,Denial of Service,Slowloris (HTTP),Raspberry Pi 4B 2GB,System,2
15:03:14.000,90.76,0.0,22.0,0.0,55.0,Idle,Denial of Service,Slowloris (HTTP),Raspberry Pi 4B 2GB,System,2
15:03:15.000,91.77,0.0,22.0,0.06640625,55.5,Idle,Denial of Service,Slowloris (HTTP),Raspberry Pi 4B 2GB,System,2
15:03:16.000,92.78,2.5,22.0,0.0,55.0,Idle,Denial of Service,Slowloris (HTTP),Raspberry Pi 4B 2GB,System,2
15:03:17.000,93.79,0.0,22.0,0.0,55.5,Idle,Denial of Service,Slowloris (HTTP),Raspberry Pi 4B 2GB,System,2
15:03:18.000,94.8,0.0,22.0,0.087890625,55.0,Idle,Denial of Service,Slowloris (HTTP),Raspberry Pi 4B 2GB,System,2
15:03:19.000,95.8,0.0,22.0,0.0,55.0,Idle,Denial of Service,Slowloris (HTTP),Raspberry Pi 4B 2GB,System,2
15:03:20.000,96.82,0.0,22.0,0.150390625,55.0,Idle,Denial of Service,Slowloris (HTTP),Raspberry Pi 4B 2GB,System,2
15:03:21.000,97.83,0.0,22.0,0.0,55.0,Idle,Denial of Service,Slowloris (HTTP),Raspberry Pi 4B 2GB,System,2
15:03:22.000,98.84,0.5,22.0,0.0,55.0,Idle,Denial of Service,Slowloris (HTTP),Raspberry Pi 4B 2GB,System,2
15:03:23.000,99.85,0.0,22.0,0.087890625,54.5,Idle,Denial of Service,Slowloris (HTTP),Raspberry Pi 4B 2GB,System,2
15:03:24.000,100.85,0.5,22.0,1.4140625,56.0,Idle,Denial of Service,Slowloris (HTTP),Raspberry Pi 4B 2GB,System,2
15:03:25.000,101.86,0.0,22.0,0.0,55.0,Idle,Denial of Service,Slowloris (HTTP),Raspberry Pi 4B 2GB,System,2
15:03:26.000,102.87,0.0,22.0,0.064453125,54.5,Idle,Denial of Service,Slowloris (HTTP),Raspberry Pi 4B 2GB,System,2
15:03:27.000,103.88,0.0,22.0,0.05078125,54.5,Idle,Denial of Service,Slowloris (HTTP),Raspberry Pi 4B 2GB,System,2
15:03:28.000,104.89,0.0,22.0,0.087890625,56.0,Idle,Denial of Service,Slowloris (HTTP),Raspberry Pi 4B 2GB,System,2
15:03:29.000,105.9,0.0,22.0,0.0,56.0,Idle,Denial of Service,Slowloris (HTTP),Raspberry Pi 4B 2GB,System,2
15:03:30.000,106.91,0.0,22.0,0.0,55.0,Idle,Denial of Service,Slowloris (HTTP),Raspberry Pi 4B 2GB,System,2
15:03:31.000,107.92,0.5,22.0,0.96875,55.5,Idle,Denial of Service,Slowloris (HTTP),Raspberry Pi 4B 2GB,System,2
15:03:32.000,108.93,0.0,22.0,1.623046875,55.5,Idle,Denial of Service,Slowloris (HTTP),Raspberry Pi 4B 2GB,System,2
15:03:33.000,109.94,0.5,22.0,0.25,55.5,Idle,Denial of Service,Slowloris (HTTP),Raspberry Pi 4B 2GB,System,2
15:03:34.000,110.95,0.0,22.0,0.0,54.0,Idle,Denial of Service,Slowloris (HTTP),Raspberry Pi 4B 2GB,System,2
15:03:35.000,111.96,0.5,22.0,1.3720703125,55.5,Idle,Denial of Service,Slowloris (HTTP),Raspberry Pi 4B 2GB,System,2
15:03:36.000,112.97,0.0,22.0,0.0,55.0,Idle,Denial of Service,Slowloris (HTTP),Raspberry Pi 4B 2GB,System,2
15:03:37.000,113.98,0.0,22.0,1.4140625,55.5,Idle,Denial of Service,Slowloris (HTTP),Raspberry Pi 4B 2GB,System,2
15:03:38.000,114.98,0.0,22.0,0.087890625,56.0,Idle,Denial of Service,Slowloris (HTTP),Raspberry Pi 4B 2GB,System,2
15:03:39.000,115.99,0.0,22.0,0.0,55.0,Idle,Denial of Service,Slowloris (HTTP),Raspberry Pi 4B 2GB,System,2
15:03:40.000,117.0,0.0,22.0,0.0,55.0,Idle,Denial of Service,Slowloris (HTTP),Raspberry Pi 4B 2GB,System,2
15:03:41.000,118.01,0.0,22.0,0.0,54.5,Idle,Denial of Service,Slowloris (HTTP),Raspberry Pi 4B 2GB,System,2
15:03:43.000,119.02,0.0,22.0,0.0,55.0,Idle,Denial of Service,Slowloris (HTTP),Raspberry Pi 4B 2GB,System,2
15:03:44.000,120.03,0.0,22.0,0.158203125,55.0,Attack,Denial of Service,Slowloris (HTTP),Raspberry Pi 4B 2GB,System,2
15:03:45.000,121.04,0.0,22.0,0.115234375,54.0,Attack,Denial of Service,Slowloris (HTTP),Raspberry Pi 4B 2GB,System,2
15:03:46.000,122.05,3.5,22.0,27.0732421875,55.5,Attack,Denial of Service,Slowloris (HTTP),Raspberry Pi 4B 2GB,System,2
15:03:47.000,123.06,2.5,22.0,39.966796875,55.5,Attack,Denial of Service,Slowloris (HTTP),Raspberry Pi 4B 2GB,System,2
15:03:48.000,124.07,5.0,22.1,34.4453125,54.5,Attack,Denial of Service,Slowloris (HTTP),Raspberry Pi 4B 2GB,System,2
15:03:49.000,125.08,1.0,22.1,34.7626953125,54.5,Attack,Denial of Service,Slowloris (HTTP),Raspberry Pi 4B 2GB,System,2
15:03:50.000,126.09,2.0,22.1,51.091796875,54.5,Attack,Denial of Service,Slowloris (HTTP),Raspberry Pi 4B 2GB,System,2
15:03:51.000,127.1,0.5,22.1,1.4140625,55.5,Attack,Denial of Service,Slowloris (HTTP),Raspberry Pi 4B 2GB,System,2
15:03:52.000,128.11,0.0,22.1,0.0,55.0,Attack,Denial of Service,Slowloris (HTTP),Raspberry Pi 4B 2GB,System,2
15:03:53.000,129.12,0.0,22.1,0.0,54.5,Attack,Denial of Service,Slowloris (HTTP),Raspberry Pi 4B 2GB,System,2
15:03:54.000,130.12,0.5,22.1,1.2265625,55.5,Attack,Denial of Service,Slowloris (HTTP),Raspberry Pi 4B 2GB,System,2
15:03:55.000,131.13,0.0,22.1,1.36328125,54.0,Attack,Denial of Service,Slowloris (HTTP),Raspberry Pi 4B 2GB,System,2
15:03:56.000,132.14,0.0,22.1,0.9677734375,55.5,Attack,Denial of Service,Slowloris (HTTP),Raspberry Pi 4B 2GB,System,2
15:03:57.000,133.15,0.0,22.1,0.0,55.0,Attack,Denial of Service,Slowloris (HTTP),Raspberry Pi 4B 2GB,System,2
15:03:58.000,134.16,0.0,22.1,0.162109375,55.0,Attack,Denial of Service,Slowloris (HTTP),Raspberry Pi 4B 2GB,System,2
15:03:59.000,135.17,0.0,22.1,0.087890625,55.5,Attack,Denial of Service,Slowloris (HTTP),Raspberry Pi 4B 2GB,System,2
15:04:00.000,136.18,0.0,22.1,0.626953125,55.0,Attack,Denial of Service,Slowloris (HTTP),Raspberry Pi 4B 2GB,System,2
15:04:01.000,137.19,0.0,22.1,0.267578125,54.5,Attack,Denial of Service,Slowloris (HTTP),Raspberry Pi 4B 2GB,System,2
15:04:02.000,138.2,0.0,22.1,0.23046875,54.0,Attack,Denial of Service,Slowloris (HTTP),Raspberry Pi 4B 2GB,System,2
15:04:03.000,139.21,0.5,22.1,1.4140625,54.5,Attack,Denial of Service,Slowloris (HTTP),Raspberry Pi 4B 2GB,System,2
15:04:04.000,140.22,0.0,22.1,0.087890625,54.5,Attack,Denial of Service,Slowloris (HTTP),Raspberry Pi 4B 2GB,System,2
15:04:05.000,141.23,2.0,22.1,31.0302734375,56.0,Attack,Denial of Service,Slowloris (HTTP),Raspberry Pi 4B 2GB,System,2
15:04:06.000,142.24,2.0,22.1,22.763671875,56.0,Attack,Denial of Service,Slowloris (HTTP),Raspberry Pi 4B 2GB,System,2
15:04:07.000,143.25,1.5,22.1,37.8046875,55.0,Attack,Denial of Service,Slowloris (HTTP),Raspberry Pi 4B 2GB,System,2
15:04:08.000,144.25,3.0,22.2,30.76171875,55.5,Attack,Denial of Service,Slowloris (HTTP),Raspberry Pi 4B 2GB,System,2
15:04:09.000,145.27,0.0,22.2,0.087890625,55.5,Attack,Denial of Service,Slowloris (HTTP),Raspberry Pi 4B 2GB,System,2
15:04:10.000,146.28,0.0,22.2,0.0,55.5,Attack,Denial of Service,Slowloris (HTTP),Raspberry Pi 4B 2GB,System,2
15:04:11.000,147.29,0.0,22.2,0.0,55.5,Attack,Denial of Service,Slowloris (HTTP),Raspberry Pi 4B 2GB,System,2
15:04:12.000,148.29,0.0,22.2,0.0,54.5,Attack,Denial of Service,Slowloris (HTTP),Raspberry Pi 4B 2GB,System,2
15:04:13.000,149.3,0.0,22.2,0.0,54.5,Attack,Denial of Service,Slowloris (HTTP),Raspberry Pi 4B 2GB,System,2
15:04:14.000,150.31,0.0,22.2,0.318359375,55.0,Attack,Denial of Service,Slowloris (HTTP),Raspberry Pi 4B 2GB,System,2
15:04:15.000,151.32,0.0,22.2,0.0,55.0,Attack,Denial of Service,Slowloris (HTTP),Raspberry Pi 4B 2GB,System,2
15:04:16.000,152.33,0.0,22.2,1.4140625,54.5,Attack,Denial of Service,Slowloris (HTTP),Raspberry Pi 4B 2GB,System,2
15:04:17.000,153.34,1.0,22.1,0.0,55.5,Attack,Denial of Service,Slowloris (HTTP),Raspberry Pi 4B 2GB,System,2
15:04:18.000,154.35,0.0,22.1,0.0,55.0,Attack,Denial of Service,Slowloris (HTTP),Raspberry Pi 4B 2GB,System,2
15:04:19.000,155.36,0.0,22.1,0.087890625,54.5,Attack,Denial of Service,Slowloris (HTTP),Raspberry Pi 4B 2GB,System,2
15:04:20.000,156.37,0.0,22.1,30.7041015625,54.5,Attack,Denial of Service,Slowloris (HTTP),Raspberry Pi 4B 2GB,System,2
15:04:21.000,157.38,0.0,22.1,0.0,55.5,Attack,Denial of Service,Slowloris (HTTP),Raspberry Pi 4B 2GB,System,2
15:04:22.000,158.39,0.5,22.1,0.0,56.0,Attack,Denial of Service,Slowloris (HTTP),Raspberry Pi 4B 2GB,System,2
15:04:23.000,159.4,0.0,22.1,0.0,54.5,Attack,Denial of Service,Slowloris (HTTP),Raspberry Pi 4B 2GB,System,2
15:04:24.000,160.4,0.0,22.1,0.6484375,54.0,Attack,Denial of Service,Slowloris (HTTP),Raspberry Pi 4B 2GB,System,2
15:04:25.000,161.41,0.0,22.1,0.0,54.5,Attack,Denial of Service,Slowloris (HTTP),Raspberry Pi 4B 2GB,System,2
15:04:26.000,162.42,0.0,22.1,12.265625,54.0,Attack,Denial of Service,Slowloris (HTTP),Raspberry Pi 4B 2GB,System,2
15:04:27.000,163.43,0.5,22.1,33.947265625,55.0,Attack,Denial of Service,Slowloris (HTTP),Raspberry Pi 4B 2GB,System,2
15:04:28.000,164.44,0.5,22.1,16.8828125,55.0,Attack,Denial of Service,Slowloris (HTTP),Raspberry Pi 4B 2GB,System,2
15:04:29.000,165.45,1.0,22.0,30.76171875,54.5,Attack,Denial of Service,Slowloris (HTTP),Raspberry Pi 4B 2GB,System,2
15:04:30.000,166.46,0.0,22.0,0.0703125,55.0,Attack,Denial of Service,Slowloris (HTTP),Raspberry Pi 4B 2GB,System,2
15:04:31.000,167.47,0.0,22.0,0.078125,55.0,Attack,Denial of Service,Slowloris (HTTP),Raspberry Pi 4B 2GB,System,2
15:04:32.000,168.48,0.0,22.0,0.0,54.0,Attack,Denial of Service,Slowloris (HTTP),Raspberry Pi 4B 2GB,System,2
15:04:33.000,169.49,1.0,22.0,0.087890625,55.0,Attack,Denial of Service,Slowloris (HTTP),Raspberry Pi 4B 2GB,System,2
15:04:34.000,170.5,0.0,22.0,0.0,55.5,Attack,Denial of Service,Slowloris (HTTP),Raspberry Pi 4B 2GB,System,2
15:04:35.000,171.51,1.0,22.0,41.90234375,54.5,Attack,Denial of Service,Slowloris (HTTP),Raspberry Pi 4B 2GB,System,2
15:04:36.000,172.52,1.0,22.0,31.025390625,54.5,Attack,Denial of Service,Slowloris (HTTP),Raspberry Pi 4B 2GB,System,2
15:04:37.000,173.53,0.0,22.0,19.9736328125,55.5,Attack,Denial of Service,Slowloris (HTTP),Raspberry Pi 4B 2GB,System,2
15:04:38.000,174.54,0.0,22.1,0.087890625,55.5,Attack,Denial of Service,Slowloris (HTTP),Raspberry Pi 4B 2GB,System,2
15:04:39.000,175.55,0.0,22.1,0.0,54.5,Attack,Denial of Service,Slowloris (HTTP),Raspberry Pi 4B 2GB,System,2
15:04:40.000,176.56,0.5,22.1,0.0,55.5,Attack,Denial of Service,Slowloris (HTTP),Raspberry Pi 4B 2GB,System,2
15:04:41.000,177.56,0.0,22.1,1.64453125,56.0,Attack,Denial of Service,Slowloris (HTTP),Raspberry Pi 4B 2GB,System,2
15:04:42.000,178.57,0.0,22.1,0.0,55.5,Attack,Denial of Service,Slowloris (HTTP),Raspberry Pi 4B 2GB,System,2
15:04:43.000,179.58,0.0,22.1,0.154296875,54.5,Attack,Denial of Service,Slowloris (HTTP),Raspberry Pi 4B 2GB,System,2
15:04:44.000,180.59,0.0,22.1,10.9267578125,55.0,Attack,Denial of Service,Slowloris (HTTP),Raspberry Pi 4B 2GB,System,2
15:04:45.000,181.6,0.0,22.1,0.0,55.0,Attack,Denial of Service,Slowloris (HTTP),Raspberry Pi 4B 2GB,System,2
15:04:46.000,182.61,0.0,22.1,0.0,55.0,Attack,Denial of Service,Slowloris (HTTP),Raspberry Pi 4B 2GB,System,2
15:04:47.000,183.62,0.0,22.1,1.23046875,55.0,Attack,Denial of Service,Slowloris (HTTP),Raspberry Pi 4B 2GB,System,2
15:04:48.000,184.63,0.0,22.1,0.087890625,55.0,Attack,Denial of Service,Slowloris (HTTP),Raspberry Pi 4B 2GB,System,2
15:04:49.000,185.64,0.5,22.0,0.078125,55.0,Attack,Denial of Service,Slowloris (HTTP),Raspberry Pi 4B 2GB,System,2
15:04:50.000,186.65,0.0,22.0,0.0,55.0,Attack,Denial of Service,Slowloris (HTTP),Raspberry Pi 4B 2GB,System,2
15:04:51.000,187.66,0.0,22.0,0.162109375,55.0,Attack,Denial of Service,Slowloris (HTTP),Raspberry Pi 4B 2GB,System,2
15:04:52.000,188.67,2.0,22.0,29.8115234375,55.0,Attack,Denial of Service,Slowloris (HTTP),Raspberry Pi 4B 2GB,System,2
15:04:53.000,189.68,0.5,22.0,40.0458984375,54.0,Attack,Denial of Service,Slowloris (HTTP),Raspberry Pi 4B 2GB,System,2
15:04:54.000,190.69,1.0,22.0,25.265625,55.0,Attack,Denial of Service,Slowloris (HTTP),Raspberry Pi 4B 2GB,System,2
15:04:55.000,191.69,3.0,22.0,22.1484375,54.5,Attack,Denial of Service,Slowloris (HTTP),Raspberry Pi 4B 2GB,System,2
15:04:56.000,192.7,1.5,22.1,36.875,54.0,Attack,Denial of Service,Slowloris (HTTP),Raspberry Pi 4B 2GB,System,2
15:04:57.000,193.71,1.0,22.1,31.5078125,55.0,Attack,Denial of Service,Slowloris (HTTP),Raspberry Pi 4B 2GB,System,2
15:04:58.000,194.72,0.5,22.1,0.087890625,55.5,Attack,Denial of Service,Slowloris (HTTP),Raspberry Pi 4B 2GB,System,2
15:04:59.000,195.73,1.0,22.1,0.0,55.0,Attack,Denial of Service,Slowloris (HTTP),Raspberry Pi 4B 2GB,System,2
15:05:00.000,196.74,0.0,22.1,0.0,55.5,Attack,Denial of Service,Slowloris (HTTP),Raspberry Pi 4B 2GB,System,2
15:05:01.000,197.75,1.5,22.1,0.0,55.0,Attack,Denial of Service,Slowloris (HTTP),Raspberry Pi 4B 2GB,System,2
15:05:02.000,198.76,0.0,22.1,0.0,55.0,Attack,Denial of Service,Slowloris (HTTP),Raspberry Pi 4B 2GB,System,2
15:05:03.000,199.77,0.0,22.1,0.087890625,55.5,Attack,Denial of Service,Slowloris (HTTP),Raspberry Pi 4B 2GB,System,2
15:05:04.000,200.78,0.0,22.1,0.0,55.0,Attack,Denial of Service,Slowloris (HTTP),Raspberry Pi 4B 2GB,System,2
15:05:05.000,201.79,0.0,22.1,0.1025390625,55.0,Attack,Denial of Service,Slowloris (HTTP),Raspberry Pi 4B 2GB,System,2
15:05:06.000,202.8,0.0,22.1,0.0,55.5,Attack,Denial of Service,Slowloris (HTTP),Raspberry Pi 4B 2GB,System,2
15:05:07.000,203.81,0.0,22.1,1.451171875,55.0,Attack,Denial of Service,Slowloris (HTTP),Raspberry Pi 4B 2GB,System,2
15:05:08.000,204.81,0.0,22.1,0.701171875,56.0,Attack,Denial of Service,Slowloris (HTTP),Raspberry Pi 4B 2GB,System,2
15:05:09.000,205.82,2.0,22.1,31.537109375,55.5,Attack,Denial of Service,Slowloris (HTTP),Raspberry Pi 4B 2GB,System,2
15:05:10.000,206.83,0.5,22.1,0.0703125,55.5,Attack,Denial of Service,Slowloris (HTTP),Raspberry Pi 4B 2GB,System,2
15:05:11.000,207.84,0.0,22.1,0.0,54.5,Attack,Denial of Service,Slowloris (HTTP),Raspberry Pi 4B 2GB,System,2
15:05:12.000,208.85,0.0,22.1,0.0,55.5,Attack,Denial of Service,Slowloris (HTTP),Raspberry Pi 4B 2GB,System,2
15:05:13.000,209.86,0.5,22.1,0.158203125,54.0,Attack,Denial of Service,Slowloris (HTTP),Raspberry Pi 4B 2GB,System,2
15:05:14.000,210.87,0.5,22.1,0.0,56.0,Attack,Denial of Service,Slowloris (HTTP),Raspberry Pi 4B 2GB,System,2
15:05:15.000,211.88,1.0,22.1,15.95703125,55.5,Attack,Denial of Service,Slowloris (HTTP),Raspberry Pi 4B 2GB,System,2
15:05:16.000,212.89,0.5,22.1,36.3515625,54.5,Attack,Denial of Service,Slowloris (HTTP),Raspberry Pi 4B 2GB,System,2
15:05:17.000,213.9,1.5,22.1,36.337890625,55.5,Attack,Denial of Service,Slowloris (HTTP),Raspberry Pi 4B 2GB,System,2
15:05:18.000,214.91,1.0,21.9,3.779296875,55.0,Attack,Denial of Service,Slowloris (HTTP),Raspberry Pi 4B 2GB,System,2
15:05:19.000,215.92,0.5,21.9,1.4140625,55.0,Attack,Denial of Service,Slowloris (HTTP),Raspberry Pi 4B 2GB,System,2
15:05:20.000,216.93,0.0,21.9,0.0,55.0,Attack,Denial of Service,Slowloris (HTTP),Raspberry Pi 4B 2GB,System,2
15:05:21.000,217.94,0.0,21.9,0.0,56.0,Attack,Denial of Service,Slowloris (HTTP),Raspberry Pi 4B 2GB,System,2
15:05:22.000,218.94,0.0,21.9,0.0,55.5,Attack,Denial of Service,Slowloris (HTTP),Raspberry Pi 4B 2GB,System,2
15:05:23.000,219.95,0.0,21.9,0.087890625,55.0,Attack,Denial of Service,Slowloris (HTTP),Raspberry Pi 4B 2GB,System,2
15:05:24.000,220.96,2.5,21.9,34.1865234375,54.5,Attack,Denial of Service,Slowloris (HTTP),Raspberry Pi 4B 2GB,System,2
15:05:25.000,221.97,3.5,22.0,38.5126953125,55.0,Attack,Denial of Service,Slowloris (HTTP),Raspberry Pi 4B 2GB,System,2
15:05:26.000,222.98,6.1,21.7,19.6767578125,56.4,Attack,Denial of Service,Slowloris (HTTP),Raspberry Pi 4B 2GB,System,2
15:05:27.000,223.99,0.0,21.7,0.06640625,56.0,Attack,Denial of Service,Slowloris (HTTP),Raspberry Pi 4B 2GB,System,2
15:05:28.000,224.99,0.5,21.7,0.087890625,55.5,Attack,Denial of Service,Slowloris (HTTP),Raspberry Pi 4B 2GB,System,2
15:05:29.000,226.0,0.0,21.7,0.0,56.0,Attack,Denial of Service,Slowloris (HTTP),Raspberry Pi 4B 2GB,System,2
15:05:30.000,227.0,0.0,21.7,0.0,55.5,Attack,Denial of Service,Slowloris (HTTP),Raspberry Pi 4B 2GB,System,2
15:05:31.000,228.0,0.0,21.7,0.0,55.0,Attack,Denial of Service,Slowloris (HTTP),Raspberry Pi 4B 2GB,System,2
15:05:32.000,229.01,1.0,21.7,2.556640625,55.5,Attack,Denial of Service,Slowloris (HTTP),Raspberry Pi 4B 2GB,System,2
15:05:34.000,230.02,0.0,21.7,1.62109375,55.0,Attack,Denial of Service,Slowloris (HTTP),Raspberry Pi 4B 2GB,System,2
15:05:35.000,231.03,0.0,21.7,0.154296875,54.5,Attack,Denial of Service,Slowloris (HTTP),Raspberry Pi 4B 2GB,System,2
15:05:36.000,232.04,0.5,21.7,1.9482421875,55.0,Attack,Denial of Service,Slowloris (HTTP),Raspberry Pi 4B 2GB,System,2
15:05:37.000,233.05,0.0,21.7,0.0,55.5,Attack,Denial of Service,Slowloris (HTTP),Raspberry Pi 4B 2GB,System,2
15:05:38.000,234.06,0.0,21.7,0.0,55.5,Attack,Denial of Service,Slowloris (HTTP),Raspberry Pi 4B 2GB,System,2
15:05:39.000,235.07,0.0,21.7,0.087890625,55.5,Attack,Denial of Service,Slowloris (HTTP),Raspberry Pi 4B 2GB,System,2
15:05:40.000,236.08,0.0,21.7,0.0,55.5,Attack,Denial of Service,Slowloris (HTTP),Raspberry Pi 4B 2GB,System,2
15:05:41.000,237.09,0.0,21.7,0.0,55.5,Attack,Denial of Service,Slowloris (HTTP),Raspberry Pi 4B 2GB,System,2
15:05:42.000,238.1,0.0,21.7,41.0791015625,55.0,Attack,Denial of Service,Slowloris (HTTP),Raspberry Pi 4B 2GB,System,2
15:05:43.000,239.11,0.5,21.7,36.7646484375,55.5,Attack,Denial of Service,Slowloris (HTTP),Raspberry Pi 4B 2GB,System,2
15:05:44.000,240.12,0.0,21.7,15.88671875,56.0,Recovery,Denial of Service,Slowloris (HTTP),Raspberry Pi 4B 2GB,System,2
15:05:45.000,241.13,1.0,21.7,13.71875,55.0,Recovery,Denial of Service,Slowloris (HTTP),Raspberry Pi 4B 2GB,System,2
15:05:46.000,242.14,10.2,21.7,186.68359375,55.5,Recovery,Denial of Service,Slowloris (HTTP),Raspberry Pi 4B 2GB,System,2
15:05:47.000,243.14,0.0,21.7,9.107421875,56.4,Recovery,Denial of Service,Slowloris (HTTP),Raspberry Pi 4B 2GB,System,2
15:05:48.000,244.14,0.0,21.6,0.0,56.4,Recovery,Denial of Service,Slowloris (HTTP),Raspberry Pi 4B 2GB,System,2
15:05:49.000,245.15,0.5,21.5,0.087890625,56.4,Recovery,Denial of Service,Slowloris (HTTP),Raspberry Pi 4B 2GB,System,2
15:05:50.000,246.15,0.0,21.6,0.0,55.0,Recovery,Denial of Service,Slowloris (HTTP),Raspberry Pi 4B 2GB,System,2
15:05:51.000,247.16,0.0,21.6,0.0,56.0,Recovery,Denial of Service,Slowloris (HTTP),Raspberry Pi 4B 2GB,System,2
15:05:52.000,248.17,0.0,21.5,0.0,55.5,Recovery,Denial of Service,Slowloris (HTTP),Raspberry Pi 4B 2GB,System,2
15:05:53.000,249.18,0.0,21.5,0.0,55.5,Recovery,Denial of Service,Slowloris (HTTP),Raspberry Pi 4B 2GB,System,2
15:05:54.000,250.19,0.0,21.6,0.087890625,55.5,Recovery,Denial of Service,Slowloris (HTTP),Raspberry Pi 4B 2GB,System,2
15:05:55.000,251.19,0.0,21.6,2.572265625,55.0,Recovery,Denial of Service,Slowloris (HTTP),Raspberry Pi 4B 2GB,System,2
15:05:56.000,252.2,0.0,21.6,0.0,55.5,Recovery,Denial of Service,Slowloris (HTTP),Raspberry Pi 4B 2GB,System,2
15:05:57.000,253.21,0.5,21.6,0.0,54.5,Recovery,Denial of Service,Slowloris (HTTP),Raspberry Pi 4B 2GB,System,2
15:05:58.000,254.22,0.0,21.6,1.966796875,55.0,Recovery,Denial of Service,Slowloris (HTTP),Raspberry Pi 4B 2GB,System,2
15:05:59.000,255.23,0.0,21.5,0.248046875,54.5,Recovery,Denial of Service,Slowloris (HTTP),Raspberry Pi 4B 2GB,System,2
15:06:00.000,256.24,0.0,21.5,0.0,56.0,Recovery,Denial of Service,Slowloris (HTTP),Raspberry Pi 4B 2GB,System,2
15:06:01.000,257.25,0.0,21.5,0.0,54.5,Recovery,Denial of Service,Slowloris (HTTP),Raspberry Pi 4B 2GB,System,2
15:06:02.000,258.26,0.0,21.5,0.267578125,55.5,Recovery,Denial of Service,Slowloris (HTTP),Raspberry Pi 4B 2GB,System,2
15:06:03.000,259.27,0.0,21.5,0.23046875,56.4,Recovery,Denial of Service,Slowloris (HTTP),Raspberry Pi 4B 2GB,System,2
15:06:04.000,260.28,0.0,21.5,0.087890625,54.5,Recovery,Denial of Service,Slowloris (HTTP),Raspberry Pi 4B 2GB,System,2
15:06:05.000,261.29,0.5,21.5,0.1025390625,56.0,Recovery,Denial of Service,Slowloris (HTTP),Raspberry Pi 4B 2GB,System,2
15:06:06.000,262.3,0.5,21.5,0.23046875,54.5,Recovery,Denial of Service,Slowloris (HTTP),Raspberry Pi 4B 2GB,System,2
15:06:07.000,263.31,0.0,21.5,0.0,55.0,Recovery,Denial of Service,Slowloris (HTTP),Raspberry Pi 4B 2GB,System,2
15:06:08.000,264.31,0.0,21.5,0.0,55.0,Recovery,Denial of Service,Slowloris (HTTP),Raspberry Pi 4B 2GB,System,2
15:06:09.000,265.32,0.0,21.5,0.087890625,55.5,Recovery,Denial of Service,Slowloris (HTTP),Raspberry Pi 4B 2GB,System,2
15:06:10.000,266.33,0.0,21.5,0.146484375,56.0,Recovery,Denial of Service,Slowloris (HTTP),Raspberry Pi 4B 2GB,System,2
15:06:11.000,267.34,0.0,21.5,1.451171875,55.5,Recovery,Denial of Service,Slowloris (HTTP),Raspberry Pi 4B 2GB,System,2
15:06:12.000,268.35,0.0,21.5,0.06640625,55.0,Recovery,Denial of Service,Slowloris (HTTP),Raspberry Pi 4B 2GB,System,2
15:06:13.000,269.36,0.0,21.5,0.0,55.0,Recovery,Denial of Service,Slowloris (HTTP),Raspberry Pi 4B 2GB,System,2
15:06:14.000,270.37,0.0,21.5,0.087890625,55.5,Recovery,Denial of Service,Slowloris (HTTP),Raspberry Pi 4B 2GB,System,2
15:06:15.000,271.38,0.0,21.5,0.0,55.0,Recovery,Denial of Service,Slowloris (HTTP),Raspberry Pi 4B 2GB,System,2
15:06:16.000,272.39,0.0,21.5,0.0,54.5,Recovery,Denial of Service,Slowloris (HTTP),Raspberry Pi 4B 2GB,System,2
15:06:17.000,273.4,14.9,21.6,0.0,55.5,Recovery,Denial of Service,Slowloris (HTTP),Raspberry Pi 4B 2GB,System,2
15:06:18.000,274.41,0.0,21.6,0.087890625,55.5,Recovery,Denial of Service,Slowloris (HTTP),Raspberry Pi 4B 2GB,System,2
15:06:19.000,275.42,0.0,21.6,0.0,56.0,Recovery,Denial of Service,Slowloris (HTTP),Raspberry Pi 4B 2GB,System,2
15:06:20.000,276.42,0.0,21.6,0.0,56.4,Recovery,Denial of Service,Slowloris (HTTP),Raspberry Pi 4B 2GB,System,2
15:06:21.000,277.42,0.0,21.6,0.0,55.5,Recovery,Denial of Service,Slowloris (HTTP),Raspberry Pi 4B 2GB,System,2
15:06:22.000,278.43,0.0,21.5,0.0,56.0,Recovery,Denial of Service,Slowloris (HTTP),Raspberry Pi 4B 2GB,System,2
15:06:23.000,279.44,0.0,21.5,1.501953125,55.0,Recovery,Denial of Service,Slowloris (HTTP),Raspberry Pi 4B 2GB,System,2
15:06:24.000,280.45,0.0,21.5,0.0,55.0,Recovery,Denial of Service,Slowloris (HTTP),Raspberry Pi 4B 2GB,System,2
15:06:25.000,281.45,0.5,21.5,0.0,55.0,Recovery,Denial of Service,Slowloris (HTTP),Raspberry Pi 4B 2GB,System,2
15:06:26.000,282.46,0.0,21.5,0.0,55.5,Recovery,Denial of Service,Slowloris (HTTP),Raspberry Pi 4B 2GB,System,2
15:06:27.000,283.47,0.0,21.5,0.0,55.5,Recovery,Denial of Service,Slowloris (HTTP),Raspberry Pi 4B 2GB,System,2
15:06:28.000,284.48,0.0,21.5,0.087890625,54.5,Recovery,Denial of Service,Slowloris (HTTP),Raspberry Pi 4B 2GB,System,2
15:06:29.000,285.49,0.0,21.5,0.0,55.5,Recovery,Denial of Service,Slowloris (HTTP),Raspberry Pi 4B 2GB,System,2
15:06:30.000,286.5,0.0,21.5,0.0,55.5,Recovery,Denial of Service,Slowloris (HTTP),Raspberry Pi 4B 2GB,System,2
15:06:31.000,287.51,0.0,21.5,0.0,55.5,Recovery,Denial of Service,Slowloris (HTTP),Raspberry Pi 4B 2GB,System,2
15:06:32.000,288.52,0.0,21.5,0.0,55.5,Recovery,Denial of Service,Slowloris (HTTP),Raspberry Pi 4B 2GB,System,2
15:06:33.000,289.53,2.0,21.5,0.087890625,55.5,Recovery,Denial of Service,Slowloris (HTTP),Raspberry Pi 4B 2GB,System,2
15:06:34.000,290.54,0.5,21.5,0.0,55.0,Recovery,Denial of Service,Slowloris (HTTP),Raspberry Pi 4B 2GB,System,2
15:06:35.000,291.55,0.0,21.5,0.1025390625,55.0,Recovery,Denial of Service,Slowloris (HTTP),Raspberry Pi 4B 2GB,System,2
15:06:36.000,292.56,0.0,21.5,1.4140625,55.0,Recovery,Denial of Service,Slowloris (HTTP),Raspberry Pi 4B 2GB,System,2
15:06:37.000,293.57,0.0,21.5,0.0,56.0,Recovery,Denial of Service,Slowloris (HTTP),Raspberry Pi 4B 2GB,System,2
15:06:38.000,294.58,0.0,21.5,0.087890625,54.5,Recovery,Denial of Service,Slowloris (HTTP),Raspberry Pi 4B 2GB,System,2
15:06:39.000,295.59,0.0,21.5,0.0703125,55.0,Recovery,Denial of Service,Slowloris (HTTP),Raspberry Pi 4B 2GB,System,2
15:06:40.000,296.59,0.5,21.5,0.0,55.0,Recovery,Denial of Service,Slowloris (HTTP),Raspberry Pi 4B 2GB,System,2
15:06:41.000,297.6,0.0,21.5,0.0703125,54.5,Recovery,Denial of Service,Slowloris (HTTP),Raspberry Pi 4B 2GB,System,2
15:06:42.000,298.61,0.5,21.5,0.0,55.0,Recovery,Denial of Service,Slowloris (HTTP),Raspberry Pi 4B 2GB,System,2
15:06:43.000,299.62,0.5,21.5,0.087890625,54.0,Recovery,Denial of Service,Slowloris (HTTP),Raspberry Pi 4B 2GB,System,2
15:06:44.000,300.63,0.0,21.5,0.0,56.0,Recovery,Denial of Service,Slowloris (HTTP),Raspberry Pi 4B 2GB,System,2
15:06:45.000,301.64,0.0,21.5,0.267578125,54.0,Recovery,Denial of Service,Slowloris (HTTP),Raspberry Pi 4B 2GB,System,2
15:06:46.000,302.65,0.5,21.5,0.23046875,55.5,Recovery,Denial of Service,Slowloris (HTTP),Raspberry Pi 4B 2GB,System,2
15:06:47.000,303.66,0.0,21.5,0.0,54.5,Recovery,Denial of Service,Slowloris (HTTP),Raspberry Pi 4B 2GB,System,2
15:06:48.000,304.67,0.0,21.5,0.087890625,55.0,Recovery,Denial of Service,Slowloris (HTTP),Raspberry Pi 4B 2GB,System,2
15:06:49.000,305.68,1.0,21.5,1.9765625,54.0,Recovery,Denial of Service,Slowloris (HTTP),Raspberry Pi 4B 2GB,System,2
15:06:50.000,306.69,0.0,21.5,0.0,54.5,Recovery,Denial of Service,Slowloris (HTTP),Raspberry Pi 4B 2GB,System,2
15:06:51.000,307.7,0.0,21.5,0.162109375,54.5,Recovery,Denial of Service,Slowloris (HTTP),Raspberry Pi 4B 2GB,System,2
15:06:52.000,308.71,0.0,21.5,0.0,56.0,Recovery,Denial of Service,Slowloris (HTTP),Raspberry Pi 4B 2GB,System,2
15:06:53.000,309.72,0.5,21.5,0.087890625,56.0,Recovery,Denial of Service,Slowloris (HTTP),Raspberry Pi 4B 2GB,System,2
15:06:54.000,310.72,0.0,21.5,0.0,53.5,Recovery,Denial of Service,Slowloris (HTTP),Raspberry Pi 4B 2GB,System,2
15:06:55.000,311.73,0.0,21.5,0.06640625,55.0,Recovery,Denial of Service,Slowloris (HTTP),Raspberry Pi 4B 2GB,System,2
15:06:56.000,312.74,0.0,21.5,0.0,55.0,Recovery,Denial of Service,Slowloris (HTTP),Raspberry Pi 4B 2GB,System,2
15:06:57.000,313.75,0.0,21.5,0.0,55.0,Recovery,Denial of Service,Slowloris (HTTP),Raspberry Pi 4B 2GB,System,2
15:06:58.000,314.76,0.5,21.5,0.318359375,54.5,Recovery,Denial of Service,Slowloris (HTTP),Raspberry Pi 4B 2GB,System,2
15:06:59.000,315.77,0.0,21.5,0.0,55.5,Recovery,Denial of Service,Slowloris (HTTP),Raspberry Pi 4B 2GB,System,2
15:07:00.000,316.78,0.0,21.5,0.0,55.0,Recovery,Denial of Service,Slowloris (HTTP),Raspberry Pi 4B 2GB,System,2
15:07:01.000,317.79,0.5,21.5,1.4140625,54.5,Recovery,Denial of Service,Slowloris (HTTP),Raspberry Pi 4B 2GB,System,2
15:07:02.000,318.8,0.0,21.5,0.0,56.0,Recovery,Denial of Service,Slowloris (HTTP),Raspberry Pi 4B 2GB,System,2
15:07:03.000,319.81,0.0,21.5,0.087890625,55.0,Recovery,Denial of Service,Slowloris (HTTP),Raspberry Pi 4B 2GB,System,2
15:07:04.000,320.82,0.0,21.5,0.0,54.0,Recovery,Denial of Service,Slowloris (HTTP),Raspberry Pi 4B 2GB,System,2
15:07:05.000,321.83,0.0,21.5,0.1025390625,54.5,Recovery,Denial of Service,Slowloris (HTTP),Raspberry Pi 4B 2GB,System,2
15:07:06.000,322.84,0.0,21.5,0.0,54.0,Recovery,Denial of Service,Slowloris (HTTP),Raspberry Pi 4B 2GB,System,2
15:07:07.000,323.84,0.0,21.5,0.0,54.0,Recovery,Denial of Service,Slowloris (HTTP),Raspberry Pi 4B 2GB,System,2
15:07:08.000,324.85,0.0,21.5,0.087890625,55.0,Recovery,Denial of Service,Slowloris (HTTP),Raspberry Pi 4B 2GB,System,2
15:07:09.000,325.86,0.0,21.5,0.0,55.0,Recovery,Denial of Service,Slowloris (HTTP),Raspberry Pi 4B 2GB,System,2
15:07:10.000,326.87,0.5,21.5,0.0,54.5,Recovery,Denial of Service,Slowloris (HTTP),Raspberry Pi 4B 2GB,System,2
15:07:11.000,327.88,0.0,21.5,0.0,55.0,Recovery,Denial of Service,Slowloris (HTTP),Raspberry Pi 4B 2GB,System,2
15:07:12.000,328.89,0.0,21.5,0.037109375,54.5,Recovery,Denial of Service,Slowloris (HTTP),Raspberry Pi 4B 2GB,System,2
15:07:13.000,329.9,0.0,21.5,0.140625,55.0,Recovery,Denial of Service,Slowloris (HTTP),Raspberry Pi 4B 2GB,System,2
15:07:14.000,330.91,0.5,21.5,1.4140625,54.5,Recovery,Denial of Service,Slowloris (HTTP),Raspberry Pi 4B 2GB,System,2
15:07:15.000,331.92,0.0,21.5,0.0,55.0,Recovery,Denial of Service,Slowloris (HTTP),Raspberry Pi 4B 2GB,System,2
15:07:16.000,332.93,0.0,21.5,0.0,54.0,Recovery,Denial of Service,Slowloris (HTTP),Raspberry Pi 4B 2GB,System,2
15:07:17.000,333.94,0.0,21.5,0.0,54.0,Recovery,Denial of Service,Slowloris (HTTP),Raspberry Pi 4B 2GB,System,2
15:07:18.000,334.95,2.0,21.5,13.6650390625,55.5,Recovery,Denial of Service,Slowloris (HTTP),Raspberry Pi 4B 2GB,System,2
15:07:19.000,335.96,0.0,21.5,0.0,55.0,Recovery,Denial of Service,Slowloris (HTTP),Raspberry Pi 4B 2GB,System,2
15:07:20.000,336.96,0.0,21.5,0.0,54.0,Recovery,Denial of Service,Slowloris (HTTP),Raspberry Pi 4B 2GB,System,2
15:07:21.000,337.97,0.0,21.5,0.0,54.5,Recovery,Denial of Service,Slowloris (HTTP),Raspberry Pi 4B 2GB,System,2
15:07:22.000,338.98,0.5,21.5,0.0703125,54.5,Recovery,Denial of Service,Slowloris (HTTP),Raspberry Pi 4B 2GB,System,2
15:07:23.000,339.99,0.0,21.5,0.166015625,55.5,Recovery,Denial of Service,Slowloris (HTTP),Raspberry Pi 4B 2GB,System,2
15:07:24.000,341.0,0.0,21.5,0.0,55.5,Recovery,Denial of Service,Slowloris (HTTP),Raspberry Pi 4B 2GB,System,2
15:07:25.000,342.01,0.0,21.5,0.0703125,55.0,Recovery,Denial of Service,Slowloris (HTTP),Raspberry Pi 4B 2GB,System,2
15:07:26.000,343.02,0.0,21.5,0.0,54.5,Recovery,Denial of Service,Slowloris (HTTP),Raspberry Pi 4B 2GB,System,2
15:07:28.000,344.03,0.0,21.5,1.4140625,53.5,Recovery,Denial of Service,Slowloris (HTTP),Raspberry Pi 4B 2GB,System,2
15:07:29.000,345.04,0.0,21.5,0.087890625,54.5,Recovery,Denial of Service,Slowloris (HTTP),Raspberry Pi 4B 2GB,System,2
15:07:30.000,346.05,0.0,21.5,0.0,54.5,Recovery,Denial of Service,Slowloris (HTTP),Raspberry Pi 4B 2GB,System,2
15:07:31.000,347.06,0.0,21.5,0.0,54.5,Recovery,Denial of Service,Slowloris (HTTP),Raspberry Pi 4B 2GB,System,2
15:07:32.000,348.07,0.0,21.5,0.0,55.0,Recovery,Denial of Service,Slowloris (HTTP),Raspberry Pi 4B 2GB,System,2
15:07:33.000,349.08,1.5,21.5,0.861328125,55.0,Recovery,Denial of Service,Slowloris (HTTP),Raspberry Pi 4B 2GB,System,2
15:07:34.000,350.08,0.0,21.5,2.529296875,54.0,Recovery,Denial of Service,Slowloris (HTTP),Raspberry Pi 4B 2GB,System,2
15:07:35.000,351.09,0.5,21.5,0.0,55.0,Recovery,Denial of Service,Slowloris (HTTP),Raspberry Pi 4B 2GB,System,2
15:07:36.000,352.1,0.0,21.5,0.1025390625,55.0,Recovery,Denial of Service,Slowloris (HTTP),Raspberry Pi 4B 2GB,System,2
15:07:37.000,353.11,0.0,21.5,0.0,55.0,Recovery,Denial of Service,Slowloris (HTTP),Raspberry Pi 4B 2GB,System,2
15:07:38.000,354.12,0.0,21.5,0.0,54.0,Recovery,Denial of Service,Slowloris (HTTP),Raspberry Pi 4B 2GB,System,2
15:07:39.000,355.13,0.0,21.5,0.087890625,55.0,Recovery,Denial of Service,Slowloris (HTTP),Raspberry Pi 4B 2GB,System,2
15:07:40.000,356.14,0.0,21.5,1.4140625,54.5,Recovery,Denial of Service,Slowloris (HTTP),Raspberry Pi 4B 2GB,System,2
15:07:41.000,357.15,0.0,21.5,0.0,54.5,Recovery,Denial of Service,Slowloris (HTTP),Raspberry Pi 4B 2GB,System,2
15:07:42.000,358.16,0.0,21.5,0.0,54.5,Recovery,Denial of Service,Slowloris (HTTP),Raspberry Pi 4B 2GB,System,2
15:07:43.000,359.17,0.0,21.5,0.0,54.5,Recovery,Denial of Service,Slowloris (HTTP),Raspberry Pi 4B 2GB,System,2
15:07:44.000,360.18,0.0,21.5,0.087890625,54.5,Recovery,Denial of Service,Slowloris (HTTP),Raspberry Pi 4B 2GB,System,2
15:07:45.000,361.19,0.0,21.5,0.0,54.5,Recovery,Denial of Service,Slowloris (HTTP),Raspberry Pi 4B 2GB,System,2
15:07:46.000,362.2,0.0,21.5,0.0,54.5,Recovery,Denial of Service,Slowloris (HTTP),Raspberry Pi 4B 2GB,System,2
15:07:47.000,363.21,0.0,21.5,0.0,54.5,Recovery,Denial of Service,Slowloris (HTTP),Raspberry Pi 4B 2GB,System,2
