Timestamp,Relative Time (s),Voltage (V),Current (A),Power (W),Mode,Attack Type,Attack,Host,Measurement,Run
14:50:27.000,0.0,2.38,0.64,3.21,Idle,Denial of Service,Slowloris (HTTP),Raspberry Pi 4B 2GB,ACS712,1
14:50:28.000,0.83,2.4,0.56,2.79,Idle,Denial of Service,Slowloris (HTTP),Raspberry Pi 4B 2GB,ACS712,1
14:50:29.000,1.93,2.4,0.54,2.72,Idle,Denial of Service,Slowloris (HTTP),Raspberry Pi 4B 2GB,ACS712,1
14:50:30.000,3.04,2.4,0.55,2.75,Idle,Denial of Service,Slowloris (HTTP),Raspberry Pi 4B 2GB,ACS712,1
14:50:31.000,4.14,2.4,0.52,2.59,Idle,Denial of Service,Slowloris (HTTP),Raspberry Pi 4B 2GB,ACS712,1
14:50:32.000,5.24,2.4,0.52,2.59,Idle,Denial of Service,Slowloris (HTTP),Raspberry Pi 4B 2GB,ACS712,1
14:50:33.000,6.34,2.4,0.52,2.62,Idle,Denial of Service,Slowloris (HTTP),Raspberry Pi 4B 2GB,ACS712,1
14:50:34.000,7.44,2.38,0.64,3.22,Idle,Denial of Service,Slowloris (HTTP),Raspberry Pi 4B 2GB,ACS712,1
14:50:35.000,8.55,2.39,0.62,3.08,Idle,Denial of Service,Slowloris (HTTP),Raspberry Pi 4B 2GB,ACS712,1
14:50:36.000,9.65,2.4,0.54,2.69,Idle,Denial of Service,Slowloris (HTTP),Raspberry Pi 4B 2GB,ACS712,1
14:50:37.000,10.75,2.4,0.56,2.8,Idle,Denial of Service,Slowloris (HTTP),Raspberry Pi 4B 2GB,ACS712,1
14:50:39.000,11.85,2.39,0.59,2.96,Idle,Denial of Service,Slowloris (HTTP),Raspberry Pi 4B 2GB,ACS712,1
14:50:40.000,12.95,2.39,0.57,2.87,Idle,Denial of Service,Slowloris (HTTP),Raspberry Pi 4B 2GB,ACS712,1
14:50:41.000,14.05,2.39,0.57,2.84,Idle,Denial of Service,Slowloris (HTTP),Raspberry Pi 4B 2GB,ACS712,1
14:50:42.000,15.16,2.39,0.57,2.84,Idle,Denial of Service,Slowloris (HTTP),Raspberry Pi 4B 2GB,ACS712,1
14:50:43.000,16.25,2.39,0.59,2.96,Idle,Denial of Service,Slowloris (HTTP),Raspberry Pi 4B 2GB,ACS712,1
14:50:44.000,17.36,2.39,0.62,3.09,Idle,Denial of Service,Slowloris (HTTP),Raspberry Pi 4B 2GB,ACS712,1
14:50:45.000,18.46,2.39,0.6,3.01,Idle,Denial of Service,Slowloris (HTTP),Raspberry Pi 4B 2GB,ACS712,1
14:50:46.000,19.56,2.39,0.58,2.88,Idle,Denial of Service,Slowloris (HTTP),Raspberry Pi 4B 2GB,ACS712,1
14:50:47.000,20.66,2.39,0.58,2.88,Idle,Denial of Service,Slowloris (HTTP),Raspberry Pi 4B 2GB,ACS712,1
14:50:48.000,21.76,2.4,0.55,2.76,Idle,Denial of Service,Slowloris (HTTP),Raspberry Pi 4B 2GB,ACS712,1
14:50:50.000,22.86,2.39,0.59,2.97,Idle,Denial of Service,Slowloris (HTTP),Raspberry Pi 4B 2GB,ACS712,1
14:50:51.000,23.97,2.38,0.66,3.28,Idle,Denial of Service,Slowloris (HTTP),Raspberry Pi 4B 2GB,ACS712,1
14:50:52.000,25.07,2.38,0.63,3.17,Idle,Denial of Service,Slowloris (HTTP),Raspberry Pi 4B 2GB,ACS712,1
14:50:53.000,26.17,2.38,0.66,3.28,Idle,Denial of Service,Slowloris (HTTP),Raspberry Pi 4B 2GB,ACS712,1
14:50:54.000,27.27,2.41,0.49,2.44,Idle,Denial of Service,Slowloris (HTTP),Raspberry Pi 4B 2GB,ACS712,1
14:50:55.000,28.37,2.41,0.48,2.4,Idle,Denial of Service,Slowloris (HTTP),Raspberry Pi 4B 2GB,ACS712,1
14:50:56.000,29.47,2.4,0.54,2.71,Idle,Denial of Service,Slowloris (HTTP),Raspberry Pi 4B 2GB,ACS712,1
14:50:57.000,30.58,2.41,0.5,2.51,Idle,Denial of Service,Slowloris (HTTP),Raspberry Pi 4B 2GB,ACS712,1
14:50:58.000,31.68,2.41,0.47,2.34,Idle,Denial of Service,Slowloris (HTTP),Raspberry Pi 4B 2GB,ACS712,1
14:50:59.000,32.78,2.39,0.62,3.08,Idle,Denial of Service,Slowloris (HTTP),Raspberry Pi 4B 2GB,ACS712,1
14:51:01.000,33.88,2.39,0.59,2.93,Idle,Denial of Service,Slowloris (HTTP),Raspberry Pi 4B 2GB,ACS712,1
14:51:02.000,34.98,2.39,0.57,2.87,Idle,Denial of Service,Slowloris (HTTP),Raspberry Pi 4B 2GB,ACS712,1
14:51:03.000,36.08,2.39,0.61,3.06,Idle,Denial of Service,Slowloris (HTTP),Raspberry Pi 4B 2GB,ACS712,1
14:51:04.000,37.19,2.39,0.59,2.95,Idle,Denial of Service,Slowloris (HTTP),Raspberry Pi 4B 2GB,ACS712,1
14:51:05.000,38.29,2.39,0.58,2.91,Idle,Denial of Service,Slowloris (HTTP),Raspberry Pi 4B 2GB,ACS712,1
14:51:06.000,39.39,2.4,0.55,2.76,Idle,Denial of Service,Slowloris (HTTP),Raspberry Pi 4B 2GB,ACS712,1
14:51:07.000,40.49,2.41,0.51,2.56,Idle,Denial of Service,Slowloris (HTTP),Raspberry Pi 4B 2GB,ACS712,1
14:51:08.000,41.59,2.41,0.51,2.56,Idle,Denial of Service,Slowloris (HTTP),Raspberry Pi 4B 2GB,ACS712,1
14:51:09.000,42.7,2.4,0.52,2.62,Idle,Denial of Service,Slowloris (HTTP),Raspberry Pi 4B 2GB,ACS712,1
14:51:10.000,43.8,2.4,0.54,2.68,Idle,Denial of Service,Slowloris (HTTP),Raspberry Pi 4B 2GB,ACS712,1
14:51:12.000,44.9,2.4,0.54,2.69,Idle,Denial of Service,Slowloris (HTTP),Raspberry Pi 4B 2GB,ACS712,1
14:51:13.000,46.0,2.41,0.51,2.54,Idle,Denial of Service,Slowloris (HTTP),Raspberry Pi 4B 2GB,ACS712,1
14:51:14.000,47.1,2.4,0.56,2.8,Idle,Denial of Service,Slowloris (HTTP),Raspberry Pi 4B 2GB,ACS712,1
14:51:15.000,48.2,2.39,0.6,3.0,Idle,Denial of Service,Slowloris (HTTP),Raspberry Pi 4B 2GB,ACS712,1
14:51:16.000,49.31,2.4,0.56,2.81,Idle,Denial of Service,Slowloris (HTTP),Raspberry Pi 4B 2GB,ACS712,1
14:51:17.000,50.41,2.4,0.54,2.71,Idle,Denial of Service,Slowloris (HTTP),Raspberry Pi 4B 2GB,ACS712,1
14:51:18.000,51.51,2.4,0.56,2.8,Idle,Denial of Service,Slowloris (HTTP),Raspberry Pi 4B 2GB,ACS712,1
14:51:19.000,52.61,2.4,0.56,2.79,Idle,Denial of Service,Slowloris (HTTP),Raspberry Pi 4B 2GB,ACS712,1
14:51:20.000,53.71,2.41,0.5,2.48,Idle,Denial of Service,Slowloris (HTTP),Raspberry Pi 4B 2GB,ACS712,1
14:51:22.000,54.82,2.4,0.52,2.6,Idle,Denial of Service,Slowloris (HTTP),Raspberry Pi 4B 2GB,ACS712,1
14:51:23.000,55.92,2.39,0.62,3.1,Idle,Denial of Service,Slowloris (HTTP),Raspberry Pi 4B 2GB,ACS712,1
14:51:24.000,57.02,2.38,0.64,3.18,Idle,Denial of Service,Slowloris (HTTP),Raspberry Pi 4B 2GB,ACS712,1
14:51:25.000,58.12,2.4,0.55,2.75,Idle,Denial of Service,Slowloris (HTTP),Raspberry Pi 4B 2GB,ACS712,1
14:51:26.000,59.22,2.39,0.59,2.95,Idle,Denial of Service,Slowloris (HTTP),Raspberry Pi 4B 2GB,ACS712,1
14:51:27.000,60.33,2.36,0.74,3.69,Idle,Denial of Service,Slowloris (HTTP),Raspberry Pi 4B 2GB,ACS712,1
14:51:28.000,61.43,2.39,0.61,3.06,Idle,Denial of Service,Slowloris (HTTP),Raspberry Pi 4B 2GB,ACS712,1
14:51:29.000,62.53,2.37,0.72,3.58,Idle,Denial of Service,Slowloris (HTTP),Raspberry Pi 4B 2GB,ACS712,1
14:51:30.000,63.63,2.37,0.7,3.51,Idle,Denial of Service,Slowloris (HTTP),Raspberry Pi 4B 2GB,ACS712,1
14:51:31.000,64.73,2.38,0.63,3.13,Idle,Denial of Service,Slowloris (HTTP),Raspberry Pi 4B 2GB,ACS712,1
14:51:33.000,65.83,2.4,0.54,2.71,Idle,Denial of Service,Slowloris (HTTP),Raspberry Pi 4B 2GB,ACS712,1
14:51:34.000,66.93,2.35,0.79,3.94,Idle,Denial of Service,Slowloris (HTTP),Raspberry Pi 4B 2GB,ACS712,1
14:51:35.000,68.04,2.38,0.67,3.37,Idle,Denial of Service,Slowloris (HTTP),Raspberry Pi 4B 2GB,ACS712,1
14:51:36.000,69.14,2.36,0.74,3.7,Idle,Denial of Service,Slowloris (HTTP),Raspberry Pi 4B 2GB,ACS712,1
14:51:37.000,70.24,2.39,0.61,3.04,Idle,Denial of Service,Slowloris (HTTP),Raspberry Pi 4B 2GB,ACS712,1
14:51:38.000,71.34,2.38,0.65,3.24,Idle,Denial of Service,Slowloris (HTTP),Raspberry Pi 4B 2GB,ACS712,1
14:51:39.000,72.44,2.4,0.56,2.79,Idle,Denial of Service,Slowloris (HTTP),Raspberry Pi 4B 2GB,ACS712,1
14:51:40.000,73.54,2.39,0.59,2.97,Idle,Denial of Service,Slowloris (HTTP),Raspberry Pi 4B 2GB,ACS712,1
14:51:41.000,74.64,2.39,0.62,3.1,Idle,Denial of Service,Slowloris (HTTP),Raspberry Pi 4B 2GB,ACS712,1
14:51:42.000,75.75,2.4,0.52,2.62,Idle,Denial of Service,Slowloris (HTTP),Raspberry Pi 4B 2GB,ACS712,1
14:51:44.000,76.85,2.4,0.53,2.63,Idle,Denial of Service,Slowloris (HTTP),Raspberry Pi 4B 2GB,ACS712,1
14:51:45.000,77.95,2.39,0.58,2.92,Idle,Denial of Service,Slowloris (HTTP),Raspberry Pi 4B 2GB,ACS712,1
14:51:46.000,79.05,2.4,0.52,2.62,Idle,Denial of Service,Slowloris (HTTP),Raspberry Pi 4B 2GB,ACS712,1
14:51:47.000,80.15,2.4,0.56,2.81,Idle,Denial of Service,Slowloris (HTTP),Raspberry Pi 4B 2GB,ACS712,1
14:51:48.000,81.25,2.39,0.59,2.97,Idle,Denial of Service,Slowloris (HTTP),Raspberry Pi 4B 2GB,ACS712,1
14:51:49.000,82.36,2.4,0.55,2.75,Idle,Denial of Service,Slowloris (HTTP),Raspberry Pi 4B 2GB,ACS712,1
14:51:50.000,83.46,2.39,0.59,2.95,Idle,Denial of Service,Slowloris (HTTP),Raspberry Pi 4B 2GB,ACS712,1
14:51:51.000,84.56,2.4,0.52,2.62,Idle,Denial of Service,Slowloris (HTTP),Raspberry Pi 4B 2GB,ACS712,1
14:51:52.000,85.66,2.41,0.5,2.52,Idle,Denial of Service,Slowloris (HTTP),Raspberry Pi 4B 2GB,ACS712,1
14:51:53.000,86.76,2.4,0.56,2.8,Idle,Denial of Service,Slowloris (HTTP),Raspberry Pi 4B 2GB,ACS712,1
14:51:55.000,87.87,2.4,0.56,2.81,Idle,Denial of Service,Slowloris (HTTP),Raspberry Pi 4B 2GB,ACS712,1
14:51:56.000,88.97,2.39,0.58,2.92,Idle,Denial of Service,Slowloris (HTTP),Raspberry Pi 4B 2GB,ACS712,1
14:51:57.000,90.07,2.4,0.52,2.59,Idle,Denial of Service,Slowloris (HTTP),Raspberry Pi 4B 2GB,ACS712,1
14:51:58.000,91.17,2.4,0.55,2.73,Idle,Denial of Service,Slowloris (HTTP),Raspberry Pi 4B 2GB,ACS712,1
14:51:59.000,92.27,2.41,0.5,2.48,Idle,Denial of Service,Slowloris (HTTP),Raspberry Pi 4B 2GB,ACS712,1
14:52:00.000,93.37,2.41,0.5,2.51,Idle,Denial of Service,Slowloris (HTTP),Raspberry Pi 4B 2GB,ACS712,1
14:52:01.000,94.48,2.39,0.57,2.85,Idle,Denial of Service,Slowloris (HTTP),Raspberry Pi 4B 2GB,ACS712,1
14:52:02.000,95.58,2.38,0.63,3.13,Idle,Denial of Service,Slowloris (HTTP),Raspberry Pi 4B 2GB,ACS712,1
14:52:03.000,96.68,2.38,0.63,3.16,Idle,Denial of Service,Slowloris (HTTP),Raspberry Pi 4B 2GB,ACS712,1
14:52:04.000,97.78,2.4,0.55,2.75,Idle,Denial of Service,Slowloris (HTTP),Raspberry Pi 4B 2GB,ACS712,1
14:52:06.000,98.88,2.41,0.47,2.34,Idle,Denial of Service,Slowloris (HTTP),Raspberry Pi 4B 2GB,ACS712,1
14:52:07.000,99.99,2.4,0.55,2.75,Idle,Denial of Service,Slowloris (HTTP),Raspberry Pi 4B 2GB,ACS712,1
14:52:08.000,101.09,2.4,0.57,2.83,Idle,Denial of Service,Slowloris (HTTP),Raspberry Pi 4B 2GB,ACS712,1
14:52:09.000,102.19,2.4,0.52,2.59,Idle,Denial of Service,Slowloris (HTTP),Raspberry Pi 4B 2GB,ACS712,1
14:52:10.000,103.29,2.41,0.49,2.46,Idle,Denial of Service,Slowloris (HTTP),Raspberry Pi 4B 2GB,ACS712,1
14:52:11.000,104.39,2.41,0.49,2.43,Idle,Denial of Service,Slowloris (HTTP),Raspberry Pi 4B 2GB,ACS712,1
14:52:12.000,105.49,2.41,0.5,2.5,Idle,Denial of Service,Slowloris (HTTP),Raspberry Pi 4B 2GB,ACS712,1
14:52:13.000,106.6,2.4,0.56,2.79,Idle,Denial of Service,Slowloris (HTTP),Raspberry Pi 4B 2GB,ACS712,1
14:52:14.000,107.7,2.38,0.64,3.22,Idle,Denial of Service,Slowloris (HTTP),Raspberry Pi 4B 2GB,ACS712,1
14:52:15.000,108.8,2.4,0.54,2.71,Idle,Denial of Service,Slowloris (HTTP),Raspberry Pi 4B 2GB,ACS712,1
14:52:17.000,109.9,2.38,0.63,3.14,Idle,Denial of Service,Slowloris (HTTP),Raspberry Pi 4B 2GB,ACS712,1
14:52:18.000,111.0,2.39,0.62,3.09,Idle,Denial of Service,Slowloris (HTTP),Raspberry Pi 4B 2GB,ACS712,1
14:52:19.000,112.11,2.39,0.6,3.0,Idle,Denial of Service,Slowloris (HTTP),Raspberry Pi 4B 2GB,ACS712,1
14:52:20.000,113.21,2.38,0.63,3.17,Idle,Denial of Service,Slowloris (HTTP),Raspberry Pi 4B 2GB,ACS712,1
14:52:21.000,114.31,2.38,0.64,3.21,Idle,Denial of Service,Slowloris (HTTP),Raspberry Pi 4B 2GB,ACS712,1
14:52:22.000,115.41,2.4,0.52,2.62,Idle,Denial of Service,Slowloris (HTTP),Raspberry Pi 4B 2GB,ACS712,1
14:52:23.000,116.51,2.39,0.58,2.88,Idle,Denial of Service,Slowloris (HTTP),Raspberry Pi 4B 2GB,ACS712,1
14:52:24.000,117.61,2.4,0.55,2.75,Idle,Denial of Service,Slowloris (HTTP),Raspberry Pi 4B 2GB,ACS712,1
14:52:25.000,118.72,2.4,0.55,2.76,Idle,Denial of Service,Slowloris (HTTP),Raspberry Pi 4B 2GB,ACS712,1
14:52:27.000,119.82,2.4,0.55,2.75,Idle,Denial of Service,Slowloris (HTTP),Raspberry Pi 4B 2GB,ACS712,1
14:52:28.000,120.92,2.39,0.59,2.95,Attack,Denial of Service,Slowloris (HTTP),Raspberry Pi 4B 2GB,ACS712,1
14:52:29.000,122.02,2.37,0.71,3.57,Attack,Denial of Service,Slowloris (HTTP),Raspberry Pi 4B 2GB,ACS712,1
14:52:30.000,123.12,2.37,0.69,3.46,Attack,Denial of Service,Slowloris (HTTP),Raspberry Pi 4B 2GB,ACS712,1
14:52:31.000,124.22,2.38,0.66,3.29,Attack,Denial of Service,Slowloris (HTTP),Raspberry Pi 4B 2GB,ACS712,1
14:52:32.000,125.33,2.37,0.72,3.58,Attack,Denial of Service,Slowloris (HTTP),Raspberry Pi 4B 2GB,ACS712,1
14:52:33.000,126.42,2.41,0.49,2.44,Attack,Denial of Service,Slowloris (HTTP),Raspberry Pi 4B 2GB,ACS712,1
14:52:34.000,127.53,2.39,0.6,2.99,Attack,Denial of Service,Slowloris (HTTP),Raspberry Pi 4B 2GB,ACS712,1
14:52:35.000,128.63,2.4,0.54,2.68,Attack,Denial of Service,Slowloris (HTTP),Raspberry Pi 4B 2GB,ACS712,1
14:52:36.000,129.73,2.39,0.57,2.84,Attack,Denial of Service,Slowloris (HTTP),Raspberry Pi 4B 2GB,ACS712,1
14:52:38.000,130.83,2.4,0.56,2.79,Attack,Denial of Service,Slowloris (HTTP),Raspberry Pi 4B 2GB,ACS712,1
14:52:39.000,131.93,2.35,0.82,4.11,Attack,Denial of Service,Slowloris (HTTP),Raspberry Pi 4B 2GB,ACS712,1
14:52:40.000,133.03,2.36,0.75,3.74,Attack,Denial of Service,Slowloris (HTTP),Raspberry Pi 4B 2GB,ACS712,1
14:52:41.000,134.14,2.39,0.58,2.89,Attack,Denial of Service,Slowloris (HTTP),Raspberry Pi 4B 2GB,ACS712,1
14:52:42.000,135.24,2.38,0.66,3.32,Attack,Denial of Service,Slowloris (HTTP),Raspberry Pi 4B 2GB,ACS712,1
14:52:43.000,136.34,2.38,0.66,3.32,Attack,Denial of Service,Slowloris (HTTP),Raspberry Pi 4B 2GB,ACS712,1
14:52:44.000,137.44,2.39,0.6,2.99,Attack,Denial of Service,Slowloris (HTTP),Raspberry Pi 4B 2GB,ACS712,1
14:52:45.000,138.54,2.39,0.59,2.96,Attack,Denial of Service,Slowloris (HTTP),Raspberry Pi 4B 2GB,ACS712,1
14:52:46.000,139.65,2.37,0.7,3.51,Attack,Denial of Service,Slowloris (HTTP),Raspberry Pi 4B 2GB,ACS712,1
14:52:47.000,140.75,2.37,0.7,3.51,Attack,Denial of Service,Slowloris (HTTP),Raspberry Pi 4B 2GB,ACS712,1
14:52:49.000,141.85,2.38,0.64,3.2,Attack,Denial of Service,Slowloris (HTTP),Raspberry Pi 4B 2GB,ACS712,1
14:52:50.000,142.95,2.37,0.71,3.54,Attack,Denial of Service,Slowloris (HTTP),Raspberry Pi 4B 2GB,ACS712,1
14:52:51.000,144.05,2.37,0.72,3.59,Attack,Denial of Service,Slowloris (HTTP),Raspberry Pi 4B 2GB,ACS712,1
14:52:52.000,145.15,2.38,0.67,3.34,Attack,Denial of Service,Slowloris (HTTP),Raspberry Pi 4B 2GB,ACS712,1
14:52:53.000,146.26,2.38,0.67,3.36,Attack,Denial of Service,Slowloris (HTTP),Raspberry Pi 4B 2GB,ACS712,1
14:52:54.000,147.36,2.4,0.57,2.83,Attack,Denial of Service,Slowloris (HTTP),Raspberry Pi 4B 2GB,ACS712,1
14:52:55.000,148.46,2.4,0.54,2.72,Attack,Denial of Service,Slowloris (HTTP),Raspberry Pi 4B 2GB,ACS712,1
14:52:56.000,149.56,2.4,0.55,2.73,Attack,Denial of Service,Slowloris (HTTP),Raspberry Pi 4B 2GB,ACS712,1
14:52:57.000,150.66,2.4,0.52,2.59,Attack,Denial of Service,Slowloris (HTTP),Raspberry Pi 4B 2GB,ACS712,1
14:52:58.000,151.77,2.39,0.6,3.0,Attack,Denial of Service,Slowloris (HTTP),Raspberry Pi 4B 2GB,ACS712,1
14:53:00.000,152.87,2.38,0.63,3.16,Attack,Denial of Service,Slowloris (HTTP),Raspberry Pi 4B 2GB,ACS712,1
14:53:01.000,153.97,2.38,0.63,3.14,Attack,Denial of Service,Slowloris (HTTP),Raspberry Pi 4B 2GB,ACS712,1
14:53:02.000,155.07,2.36,0.73,3.66,Attack,Denial of Service,Slowloris (HTTP),Raspberry Pi 4B 2GB,ACS712,1
14:53:03.000,156.17,2.4,0.57,2.83,Attack,Denial of Service,Slowloris (HTTP),Raspberry Pi 4B 2GB,ACS712,1
14:53:04.000,157.27,2.38,0.64,3.22,Attack,Denial of Service,Slowloris (HTTP),Raspberry Pi 4B 2GB,ACS712,1
14:53:05.000,158.38,2.39,0.59,2.97,Attack,Denial of Service,Slowloris (HTTP),Raspberry Pi 4B 2GB,ACS712,1
14:53:06.000,159.48,2.39,0.61,3.06,Attack,Denial of Service,Slowloris (HTTP),Raspberry Pi 4B 2GB,ACS712,1
14:53:07.000,160.58,2.41,0.46,2.3,Attack,Denial of Service,Slowloris (HTTP),Raspberry Pi 4B 2GB,ACS712,1
14:53:08.000,161.68,2.4,0.52,2.6,Attack,Denial of Service,Slowloris (HTTP),Raspberry Pi 4B 2GB,ACS712,1
14:53:09.000,162.78,2.39,0.61,3.06,Attack,Denial of Service,Slowloris (HTTP),Raspberry Pi 4B 2GB,ACS712,1
14:53:11.000,163.89,2.37,0.7,3.49,Attack,Denial of Service,Slowloris (HTTP),Raspberry Pi 4B 2GB,ACS712,1
14:53:12.000,164.99,2.39,0.62,3.1,Attack,Denial of Service,Slowloris (HTTP),Raspberry Pi 4B 2GB,ACS712,1
14:53:13.000,166.09,2.39,0.62,3.08,Attack,Denial of Service,Slowloris (HTTP),Raspberry Pi 4B 2GB,ACS712,1
14:53:14.000,167.19,2.38,0.67,3.34,Attack,Denial of Service,Slowloris (HTTP),Raspberry Pi 4B 2GB,ACS712,1
14:53:15.000,168.29,2.39,0.6,2.99,Attack,Denial of Service,Slowloris (HTTP),Raspberry Pi 4B 2GB,ACS712,1
14:53:16.000,169.39,2.35,0.79,3.94,Attack,Denial of Service,Slowloris (HTTP),Raspberry Pi 4B 2GB,ACS712,1
14:53:17.000,170.5,2.37,0.72,3.59,Attack,Denial of Service,Slowloris (HTTP),Raspberry Pi 4B 2GB,ACS712,1
14:53:18.000,171.6,2.36,0.75,3.74,Attack,Denial of Service,Slowloris (HTTP),Raspberry Pi 4B 2GB,ACS712,1
14:53:19.000,172.7,2.35,0.79,3.96,Attack,Denial of Service,Slowloris (HTTP),Raspberry Pi 4B 2GB,ACS712,1
14:53:20.000,173.8,2.37,0.73,3.63,Attack,Denial of Service,Slowloris (HTTP),Raspberry Pi 4B 2GB,ACS712,1
14:53:22.000,174.9,2.38,0.63,3.16,Attack,Denial of Service,Slowloris (HTTP),Raspberry Pi 4B 2GB,ACS712,1
14:53:23.000,176.0,2.39,0.62,3.09,Attack,Denial of Service,Slowloris (HTTP),Raspberry Pi 4B 2GB,ACS712,1
14:53:24.000,177.11,2.38,0.65,3.25,Attack,Denial of Service,Slowloris (HTTP),Raspberry Pi 4B 2GB,ACS712,1
14:53:25.000,178.21,2.38,0.62,3.12,Attack,Denial of Service,Slowloris (HTTP),Raspberry Pi 4B 2GB,ACS712,1
14:53:26.000,179.31,2.38,0.66,3.3,Attack,Denial of Service,Slowloris (HTTP),Raspberry Pi 4B 2GB,ACS712,1
14:53:27.000,180.41,2.38,0.64,3.18,Attack,Denial of Service,Slowloris (HTTP),Raspberry Pi 4B 2GB,ACS712,1
14:53:28.000,181.51,2.37,0.7,3.49,Attack,Denial of Service,Slowloris (HTTP),Raspberry Pi 4B 2GB,ACS712,1
14:53:29.000,182.61,2.39,0.61,3.03,Attack,Denial of Service,Slowloris (HTTP),Raspberry Pi 4B 2GB,ACS712,1
14:53:30.000,183.71,2.36,0.73,3.66,Attack,Denial of Service,Slowloris (HTTP),Raspberry Pi 4B 2GB,ACS712,1
14:53:32.000,184.81,2.37,0.7,3.49,Attack,Denial of Service,Slowloris (HTTP),Raspberry Pi 4B 2GB,ACS712,1
14:53:33.000,185.92,2.39,0.62,3.08,Attack,Denial of Service,Slowloris (HTTP),Raspberry Pi 4B 2GB,ACS712,1
14:53:34.000,187.02,2.36,0.75,3.73,Attack,Denial of Service,Slowloris (HTTP),Raspberry Pi 4B 2GB,ACS712,1
14:53:35.000,188.12,2.38,0.66,3.28,Attack,Denial of Service,Slowloris (HTTP),Raspberry Pi 4B 2GB,ACS712,1
14:53:36.000,189.22,2.38,0.64,3.22,Attack,Denial of Service,Slowloris (HTTP),Raspberry Pi 4B 2GB,ACS712,1
14:53:37.000,190.32,2.36,0.73,3.67,Attack,Denial of Service,Slowloris (HTTP),Raspberry Pi 4B 2GB,ACS712,1
14:53:38.000,191.43,2.37,0.72,3.61,Attack,Denial of Service,Slowloris (HTTP),Raspberry Pi 4B 2GB,ACS712,1
14:53:39.000,192.53,2.38,0.66,3.3,Attack,Denial of Service,Slowloris (HTTP),Raspberry Pi 4B 2GB,ACS712,1
14:53:40.000,193.63,2.37,0.73,3.63,Attack,Denial of Service,Slowloris (HTTP),Raspberry Pi 4B 2GB,ACS712,1
14:53:41.000,194.73,2.39,0.57,2.85,Attack,Denial of Service,Slowloris (HTTP),Raspberry Pi 4B 2GB,ACS712,1
14:53:43.000,195.83,2.4,0.55,2.73,Attack,Denial of Service,Slowloris (HTTP),Raspberry Pi 4B 2GB,ACS712,1
14:53:44.000,196.93,2.38,0.63,3.16,Attack,Denial of Service,Slowloris (HTTP),Raspberry Pi 4B 2GB,ACS712,1
14:53:45.000,198.04,2.39,0.61,3.05,Attack,Denial of Service,Slowloris (HTTP),Raspberry Pi 4B 2GB,ACS712,1
14:53:46.000,199.14,2.41,0.51,2.55,Attack,Denial of Service,Slowloris (HTTP),Raspberry Pi 4B 2GB,ACS712,1
14:53:47.000,200.24,2.4,0.56,2.79,Attack,Denial of Service,Slowloris (HTTP),Raspberry Pi 4B 2GB,ACS712,1
14:53:48.000,201.34,2.39,0.62,3.08,Attack,Denial of Service,Slowloris (HTTP),Raspberry Pi 4B 2GB,ACS712,1
14:53:49.000,202.44,2.38,0.67,3.36,Attack,Denial of Service,Slowloris (HTTP),Raspberry Pi 4B 2GB,ACS712,1
14:53:50.000,203.54,2.37,0.69,3.45,Attack,Denial of Service,Slowloris (HTTP),Raspberry Pi 4B 2GB,ACS712,1
14:53:51.000,204.65,2.37,0.69,3.46,Attack,Denial of Service,Slowloris (HTTP),Raspberry Pi 4B 2GB,ACS712,1
14:53:52.000,205.75,2.4,0.53,2.67,Attack,Denial of Service,Slowloris (HTTP),Raspberry Pi 4B 2GB,ACS712,1
14:53:54.000,206.85,2.39,0.59,2.97,Attack,Denial of Service,Slowloris (HTTP),Raspberry Pi 4B 2GB,ACS712,1
14:53:55.000,207.95,2.4,0.54,2.72,Attack,Denial of Service,Slowloris (HTTP),Raspberry Pi 4B 2GB,ACS712,1
14:53:56.000,209.05,2.39,0.59,2.95,Attack,Denial of Service,Slowloris (HTTP),Raspberry Pi 4B 2GB,ACS712,1
14:53:57.000,210.16,2.39,0.61,3.03,Attack,Denial of Service,Slowloris (HTTP),Raspberry Pi 4B 2GB,ACS712,1
14:53:58.000,211.26,2.38,0.63,3.17,Attack,Denial of Service,Slowloris (HTTP),Raspberry Pi 4B 2GB,ACS712,1
14:53:59.000,212.36,2.41,0.5,2.51,Attack,Denial of Service,Slowloris (HTTP),Raspberry Pi 4B 2GB,ACS712,1
14:54:00.000,213.46,2.39,0.57,2.85,Attack,Denial of Service,Slowloris (HTTP),Raspberry Pi 4B 2GB,ACS712,1
14:54:01.000,214.56,2.4,0.56,2.79,Attack,Denial of Service,Slowloris (HTTP),Raspberry Pi 4B 2GB,ACS712,1
14:54:02.000,215.66,2.4,0.56,2.81,Attack,Denial of Service,Slowloris (HTTP),Raspberry Pi 4B 2GB,ACS712,1
14:54:03.000,216.77,2.37,0.69,3.45,Attack,Denial of Service,Slowloris (HTTP),Raspberry Pi 4B 2GB,ACS712,1
14:54:05.000,217.87,2.39,0.59,2.95,Attack,Denial of Service,Slowloris (HTTP),Raspberry Pi 4B 2GB,ACS712,1
14:54:06.000,218.97,2.39,0.59,2.95,Attack,Denial of Service,Slowloris (HTTP),Raspberry Pi 4B 2GB,ACS712,1
14:54:07.000,220.07,2.39,0.62,3.08,Attack,Denial of Service,Slowloris (HTTP),Raspberry Pi 4B 2GB,ACS712,1
14:54:08.000,221.17,2.41,0.51,2.55,Attack,Denial of Service,Slowloris (HTTP),Raspberry Pi 4B 2GB,ACS712,1
14:54:09.000,222.28,2.39,0.61,3.05,Attack,Denial of Service,Slowloris (HTTP),Raspberry Pi 4B 2GB,ACS712,1
14:54:10.000,223.38,2.39,0.59,2.95,Attack,Denial of Service,Slowloris (HTTP),Raspberry Pi 4B 2GB,ACS712,1
14:54:11.000,224.48,2.41,0.5,2.48,Attack,Denial of Service,Slowloris (HTTP),Raspberry Pi 4B 2GB,ACS712,1
14:54:12.000,225.58,2.4,0.55,2.73,Attack,Denial of Service,Slowloris (HTTP),Raspberry Pi 4B 2GB,ACS712,1
14:54:13.000,226.68,2.4,0.55,2.75,Attack,Denial of Service,Slowloris (HTTP),Raspberry Pi 4B 2GB,ACS712,1
14:54:14.000,227.78,2.39,0.58,2.88,Attack,Denial of Service,Slowloris (HTTP),Raspberry Pi 4B 2GB,ACS712,1
14:54:16.000,228.89,2.39,0.6,3.0,Attack,Denial of Service,Slowloris (HTTP),Raspberry Pi 4B 2GB,ACS712,1
14:54:17.000,229.99,2.39,0.58,2.88,Attack,Denial of Service,Slowloris (HTTP),Raspberry Pi 4B 2GB,ACS712,1
14:54:18.000,231.09,2.39,0.57,2.85,Attack,Denial of Service,Slowloris (HTTP),Raspberry Pi 4B 2GB,ACS712,1
14:54:19.000,232.19,2.41,0.51,2.56,Attack,Denial of Service,Slowloris (HTTP),Raspberry Pi 4B 2GB,ACS712,1
14:54:20.000,233.29,2.39,0.61,3.03,Attack,Denial of Service,Slowloris (HTTP),Raspberry Pi 4B 2GB,ACS712,1
14:54:21.000,234.4,2.39,0.58,2.88,Attack,Denial of Service,Slowloris (HTTP),Raspberry Pi 4B 2GB,ACS712,1
14:54:22.000,235.49,2.4,0.54,2.68,Attack,Denial of Service,Slowloris (HTTP),Raspberry Pi 4B 2GB,ACS712,1
14:54:23.000,236.59,2.39,0.62,3.1,Attack,Denial of Service,Slowloris (HTTP),Raspberry Pi 4B 2GB,ACS712,1
14:54:24.000,237.7,2.39,0.58,2.92,Attack,Denial of Service,Slowloris (HTTP),Raspberry Pi 4B 2GB,ACS712,1
14:54:25.000,238.8,2.39,0.59,2.96,Attack,Denial of Service,Slowloris (HTTP),Raspberry Pi 4B 2GB,ACS712,1
14:54:27.000,239.9,2.38,0.64,3.22,Attack,Denial of Service,Slowloris (HTTP),Raspberry Pi 4B 2GB,ACS712,1
14:54:28.000,241.0,2.39,0.6,3.0,Recovery,Denial of Service,Slowloris (HTTP),Raspberry Pi 4B 2GB,ACS712,1
14:54:29.000,242.1,2.38,0.64,3.21,Recovery,Denial of Service,Slowloris (HTTP),Raspberry Pi 4B 2GB,ACS712,1
14:54:30.000,243.21,2.38,0.64,3.22,Recovery,Denial of Service,Slowloris (HTTP),Raspberry Pi 4B 2GB,ACS712,1
14:54:31.000,244.31,2.38,0.66,3.3,Recovery,Denial of Service,Slowloris (HTTP),Raspberry Pi 4B 2GB,ACS712,1
14:54:32.000,245.41,2.38,0.64,3.18,Recovery,Denial of Service,Slowloris (HTTP),Raspberry Pi 4B 2GB,ACS712,1
14:54:33.000,246.51,2.4,0.56,2.79,Recovery,Denial of Service,Slowloris (HTTP),Raspberry Pi 4B 2GB,ACS712,1
14:54:34.000,247.61,2.36,0.73,3.67,Recovery,Denial of Service,Slowloris (HTTP),Raspberry Pi 4B 2GB,ACS712,1
14:54:35.000,248.71,2.36,0.75,3.74,Recovery,Denial of Service,Slowloris (HTTP),Raspberry Pi 4B 2GB,ACS712,1
14:54:37.000,249.82,2.37,0.7,3.51,Recovery,Denial of Service,Slowloris (HTTP),Raspberry Pi 4B 2GB,ACS712,1
14:54:38.000,250.92,2.39,0.6,3.0,Recovery,Denial of Service,Slowloris (HTTP),Raspberry Pi 4B 2GB,ACS712,1
14:54:39.000,252.02,2.38,0.65,3.25,Recovery,Denial of Service,Slowloris (HTTP),Raspberry Pi 4B 2GB,ACS712,1
14:54:40.000,253.12,2.39,0.59,2.97,Recovery,Denial of Service,Slowloris (HTTP),Raspberry Pi 4B 2GB,ACS712,1
14:54:41.000,254.22,2.4,0.54,2.68,Recovery,Denial of Service,Slowloris (HTTP),Raspberry Pi 4B 2GB,ACS712,1
14:54:42.000,255.32,2.4,0.56,2.81,Recovery,Denial of Service,Slowloris (HTTP),Raspberry Pi 4B 2GB,ACS712,1
14:54:43.000,256.43,2.39,0.62,3.08,Recovery,Denial of Service,Slowloris (HTTP),Raspberry Pi 4B 2GB,ACS712,1
14:54:44.000,257.53,2.39,0.62,3.08,Recovery,Denial of Service,Slowloris (HTTP),Raspberry Pi 4B 2GB,ACS712,1
14:54:45.000,258.63,2.38,0.66,3.32,Recovery,Denial of Service,Slowloris (HTTP),Raspberry Pi 4B 2GB,ACS712,1
14:54:46.000,259.73,2.39,0.59,2.96,Recovery,Denial of Service,Slowloris (HTTP),Raspberry Pi 4B 2GB,ACS712,1
14:54:48.000,260.83,2.4,0.53,2.66,Recovery,Denial of Service,Slowloris (HTTP),Raspberry Pi 4B 2GB,ACS712,1
14:54:49.000,261.94,2.4,0.55,2.76,Recovery,Denial of Service,Slowloris (HTTP),Raspberry Pi 4B 2GB,ACS712,1
14:54:50.000,263.04,2.4,0.52,2.62,Recovery,Denial of Service,Slowloris (HTTP),Raspberry Pi 4B 2GB,ACS712,1
14:54:51.000,264.14,2.39,0.6,3.0,Recovery,Denial of Service,Slowloris (HTTP),Raspberry Pi 4B 2GB,ACS712,1
14:54:52.000,265.24,2.39,0.6,3.0,Recovery,Denial of Service,Slowloris (HTTP),Raspberry Pi 4B 2GB,ACS712,1
14:54:53.000,266.34,2.4,0.52,2.6,Recovery,Denial of Service,Slowloris (HTTP),Raspberry Pi 4B 2GB,ACS712,1
14:54:54.000,267.44,2.41,0.46,2.31,Recovery,Denial of Service,Slowloris (HTTP),Raspberry Pi 4B 2GB,ACS712,1
14:54:55.000,268.55,2.4,0.52,2.62,Recovery,Denial of Service,Slowloris (HTTP),Raspberry Pi 4B 2GB,ACS712,1
14:54:56.000,269.65,2.4,0.54,2.72,Recovery,Denial of Service,Slowloris (HTTP),Raspberry Pi 4B 2GB,ACS712,1
14:54:57.000,270.75,2.41,0.5,2.52,Recovery,Denial of Service,Slowloris (HTTP),Raspberry Pi 4B 2GB,ACS712,1
14:54:59.000,271.85,2.4,0.54,2.68,Recovery,Denial of Service,Slowloris (HTTP),Raspberry Pi 4B 2GB,ACS712,1
14:55:00.000,272.95,2.41,0.48,2.42,Recovery,Denial of Service,Slowloris (HTTP),Raspberry Pi 4B 2GB,ACS712,1
14:55:01.000,274.06,2.4,0.55,2.73,Recovery,Denial of Service,Slowloris (HTTP),Raspberry Pi 4B 2GB,ACS712,1
14:55:02.000,275.16,2.4,0.55,2.77,Recovery,Denial of Service,Slowloris (HTTP),Raspberry Pi 4B 2GB,ACS712,1
14:55:03.000,276.26,2.39,0.61,3.05,Recovery,Denial of Service,Slowloris (HTTP),Raspberry Pi 4B 2GB,ACS712,1
14:55:04.000,277.36,2.39,0.58,2.92,Recovery,Denial of Service,Slowloris (HTTP),Raspberry Pi 4B 2GB,ACS712,1
14:55:05.000,278.46,2.4,0.56,2.79,Recovery,Denial of Service,Slowloris (HTTP),Raspberry Pi 4B 2GB,ACS712,1
14:55:06.000,279.56,2.4,0.53,2.63,Recovery,Denial of Service,Slowloris (HTTP),Raspberry Pi 4B 2GB,ACS712,1
14:55:07.000,280.67,2.4,0.54,2.71,Recovery,Denial of Service,Slowloris (HTTP),Raspberry Pi 4B 2GB,ACS712,1
14:55:08.000,281.77,2.4,0.52,2.6,Recovery,Denial of Service,Slowloris (HTTP),Raspberry Pi 4B 2GB,ACS712,1
14:55:10.000,282.87,2.39,0.6,3.0,Recovery,Denial of Service,Slowloris (HTTP),Raspberry Pi 4B 2GB,ACS712,1
14:55:11.000,283.97,2.4,0.54,2.71,Recovery,Denial of Service,Slowloris (HTTP),Raspberry Pi 4B 2GB,ACS712,1
14:55:12.000,285.07,2.39,0.59,2.93,Recovery,Denial of Service,Slowloris (HTTP),Raspberry Pi 4B 2GB,ACS712,1
14:55:13.000,286.18,2.4,0.56,2.8,Recovery,Denial of Service,Slowloris (HTTP),Raspberry Pi 4B 2GB,ACS712,1
14:55:14.000,287.27,2.4,0.54,2.71,Recovery,Denial of Service,Slowloris (HTTP),Raspberry Pi 4B 2GB,ACS712,1
14:55:15.000,288.37,2.38,0.67,3.37,Recovery,Denial of Service,Slowloris (HTTP),Raspberry Pi 4B 2GB,ACS712,1
14:55:16.000,289.48,2.4,0.56,2.8,Recovery,Denial of Service,Slowloris (HTTP),Raspberry Pi 4B 2GB,ACS712,1
14:55:17.000,290.58,2.4,0.52,2.6,Recovery,Denial of Service,Slowloris (HTTP),Raspberry Pi 4B 2GB,ACS712,1
14:55:18.000,291.68,2.4,0.54,2.71,Recovery,Denial of Service,Slowloris (HTTP),Raspberry Pi 4B 2GB,ACS712,1
14:55:19.000,292.78,2.39,0.61,3.05,Recovery,Denial of Service,Slowloris (HTTP),Raspberry Pi 4B 2GB,ACS712,1
14:55:21.000,293.88,2.38,0.63,3.17,Recovery,Denial of Service,Slowloris (HTTP),Raspberry Pi 4B 2GB,ACS712,1
14:55:22.000,294.99,2.39,0.59,2.95,Recovery,Denial of Service,Slowloris (HTTP),Raspberry Pi 4B 2GB,ACS712,1
14:55:23.000,296.09,2.4,0.54,2.72,Recovery,Denial of Service,Slowloris (HTTP),Raspberry Pi 4B 2GB,ACS712,1
14:55:24.000,297.19,2.4,0.55,2.75,Recovery,Denial of Service,Slowloris (HTTP),Raspberry Pi 4B 2GB,ACS712,1
14:55:25.000,298.29,2.39,0.57,2.85,Recovery,Denial of Service,Slowloris (HTTP),Raspberry Pi 4B 2GB,ACS712,1
14:55:26.000,299.39,2.38,0.67,3.36,Recovery,Denial of Service,Slowloris (HTTP),Raspberry Pi 4B 2GB,ACS712,1
14:55:27.000,300.49,2.39,0.57,2.85,Recovery,Denial of Service,Slowloris (HTTP),Raspberry Pi 4B 2GB,ACS712,1
14:55:28.000,301.6,2.39,0.59,2.97,Recovery,Denial of Service,Slowloris (HTTP),Raspberry Pi 4B 2GB,ACS712,1
14:55:29.000,302.7,2.4,0.57,2.83,Recovery,Denial of Service,Slowloris (HTTP),Raspberry Pi 4B 2GB,ACS712,1
14:55:30.000,303.8,2.39,0.59,2.96,Recovery,Denial of Service,Slowloris (HTTP),Raspberry Pi 4B 2GB,ACS712,1
14:55:32.000,304.9,2.4,0.55,2.73,Recovery,Denial of Service,Slowloris (HTTP),Raspberry Pi 4B 2GB,ACS712,1
14:55:33.000,306.0,2.4,0.52,2.6,Recovery,Denial of Service,Slowloris (HTTP),Raspberry Pi 4B 2GB,ACS712,1
14:55:34.000,307.11,2.4,0.55,2.75,Recovery,Denial of Service,Slowloris (HTTP),Raspberry Pi 4B 2GB,ACS712,1
14:55:35.000,308.21,2.39,0.58,2.92,Recovery,Denial of Service,Slowloris (HTTP),Raspberry Pi 4B 2GB,ACS712,1
14:55:36.000,309.31,2.4,0.52,2.62,Recovery,Denial of Service,Slowloris (HTTP),Raspberry Pi 4B 2GB,ACS712,1
14:55:37.000,310.41,2.4,0.52,2.62,Recovery,Denial of Service,Slowloris (HTTP),Raspberry Pi 4B 2GB,ACS712,1
14:55:38.000,311.51,2.4,0.52,2.59,Recovery,Denial of Service,Slowloris (HTTP),Raspberry Pi 4B 2GB,ACS712,1
14:55:39.000,312.61,2.39,0.57,2.85,Recovery,Denial of Service,Slowloris (HTTP),Raspberry Pi 4B 2GB,ACS712,1
14:55:40.000,313.72,2.4,0.54,2.68,Recovery,Denial of Service,Slowloris (HTTP),Raspberry Pi 4B 2GB,ACS712,1
14:55:42.000,314.82,2.41,0.5,2.48,Recovery,Denial of Service,Slowloris (HTTP),Raspberry Pi 4B 2GB,ACS712,1
14:55:43.000,315.92,2.38,0.62,3.12,Recovery,Denial of Service,Slowloris (HTTP),Raspberry Pi 4B 2GB,ACS712,1
14:55:44.000,317.02,2.4,0.57,2.83,Recovery,Denial of Service,Slowloris (HTTP),Raspberry Pi 4B 2GB,ACS712,1
14:55:45.000,318.12,2.4,0.54,2.71,Recovery,Denial of Service,Slowloris (HTTP),Raspberry Pi 4B 2GB,ACS712,1
14:55:46.000,319.22,2.41,0.5,2.52,Recovery,Denial of Service,Slowloris (HTTP),Raspberry Pi 4B 2GB,ACS712,1
14:55:47.000,320.33,2.4,0.54,2.69,Recovery,Denial of Service,Slowloris (HTTP),Raspberry Pi 4B 2GB,ACS712,1
14:55:48.000,321.43,2.4,0.52,2.62,Recovery,Denial of Service,Slowloris (HTTP),Raspberry Pi 4B 2GB,ACS712,1
14:55:49.000,322.53,2.4,0.55,2.75,Recovery,Denial of Service,Slowloris (HTTP),Raspberry Pi 4B 2GB,ACS712,1
14:55:50.000,323.63,2.4,0.56,2.8,Recovery,Denial of Service,Slowloris (HTTP),Raspberry Pi 4B 2GB,ACS712,1
14:55:51.000,324.73,2.4,0.52,2.59,Recovery,Denial of Service,Slowloris (HTTP),Raspberry Pi 4B 2GB,ACS712,1
14:55:53.000,325.84,2.39,0.58,2.89,Recovery,Denial of Service,Slowloris (HTTP),Raspberry Pi 4B 2GB,ACS712,1
14:55:54.000,326.94,2.4,0.53,2.63,Recovery,Denial of Service,Slowloris (HTTP),Raspberry Pi 4B 2GB,ACS712,1
14:55:55.000,328.04,2.41,0.49,2.43,Recovery,Denial of Service,Slowloris (HTTP),Raspberry Pi 4B 2GB,ACS712,1
14:55:56.000,329.14,2.39,0.61,3.06,Recovery,Denial of Service,Slowloris (HTTP),Raspberry Pi 4B 2GB,ACS712,1
14:55:57.000,330.24,2.38,0.65,3.24,Recovery,Denial of Service,Slowloris (HTTP),Raspberry Pi 4B 2GB,ACS712,1
14:55:58.000,331.34,2.4,0.55,2.75,Recovery,Denial of Service,Slowloris (HTTP),Raspberry Pi 4B 2GB,ACS712,1
14:55:59.000,332.45,2.37,0.69,3.46,Recovery,Denial of Service,Slowloris (HTTP),Raspberry Pi 4B 2GB,ACS712,1
14:56:00.000,333.55,2.39,0.62,3.09,Recovery,Denial of Service,Slowloris (HTTP),Raspberry Pi 4B 2GB,ACS712,1
14:56:01.000,334.65,2.39,0.59,2.93,Recovery,Denial of Service,Slowloris (HTTP),Raspberry Pi 4B 2GB,ACS712,1
14:56:02.000,335.75,2.38,0.63,3.16,Recovery,Denial of Service,Slowloris (HTTP),Raspberry Pi 4B 2GB,ACS712,1
14:56:04.000,336.85,2.4,0.53,2.67,Recovery,Denial of Service,Slowloris (HTTP),Raspberry Pi 4B 2GB,ACS712,1
14:56:05.000,337.95,2.38,0.64,3.22,Recovery,Denial of Service,Slowloris (HTTP),Raspberry Pi 4B 2GB,ACS712,1
14:56:06.000,339.06,2.39,0.61,3.05,Recovery,Denial of Service,Slowloris (HTTP),Raspberry Pi 4B 2GB,ACS712,1
14:56:07.000,340.15,2.4,0.56,2.81,Recovery,Denial of Service,Slowloris (HTTP),Raspberry Pi 4B 2GB,ACS712,1
14:56:08.000,341.26,2.4,0.53,2.67,Recovery,Denial of Service,Slowloris (HTTP),Raspberry Pi 4B 2GB,ACS712,1
14:56:09.000,342.36,2.39,0.61,3.06,Recovery,Denial of Service,Slowloris (HTTP),Raspberry Pi 4B 2GB,ACS712,1
14:56:10.000,343.46,2.39,0.59,2.97,Recovery,Denial of Service,Slowloris (HTTP),Raspberry Pi 4B 2GB,ACS712,1
14:56:11.000,344.56,2.39,0.59,2.96,Recovery,Denial of Service,Slowloris (HTTP),Raspberry Pi 4B 2GB,ACS712,1
14:56:12.000,345.66,2.4,0.55,2.73,Recovery,Denial of Service,Slowloris (HTTP),Raspberry Pi 4B 2GB,ACS712,1
14:56:13.000,346.77,2.4,0.53,2.66,Recovery,Denial of Service,Slowloris (HTTP),Raspberry Pi 4B 2GB,ACS712,1
14:56:15.000,347.87,2.39,0.58,2.88,Recovery,Denial of Service,Slowloris (HTTP),Raspberry Pi 4B 2GB,ACS712,1
14:56:16.000,348.97,2.39,0.59,2.93,Recovery,Denial of Service,Slowloris (HTTP),Raspberry Pi 4B 2GB,ACS712,1
14:56:17.000,350.07,2.4,0.53,2.66,Recovery,Denial of Service,Slowloris (HTTP),Raspberry Pi 4B 2GB,ACS712,1
14:56:18.000,351.17,2.4,0.53,2.64,Recovery,Denial of Service,Slowloris (HTTP),Raspberry Pi 4B 2GB,ACS712,1
14:56:19.000,352.27,2.4,0.52,2.62,Recovery,Denial of Service,Slowloris (HTTP),Raspberry Pi 4B 2GB,ACS712,1
14:56:20.000,353.38,2.4,0.53,2.63,Recovery,Denial of Service,Slowloris (HTTP),Raspberry Pi 4B 2GB,ACS712,1
14:56:21.000,354.48,2.4,0.53,2.67,Recovery,Denial of Service,Slowloris (HTTP),Raspberry Pi 4B 2GB,ACS712,1
14:56:22.000,355.58,2.39,0.57,2.84,Recovery,Denial of Service,Slowloris (HTTP),Raspberry Pi 4B 2GB,ACS712,1
14:56:23.000,356.68,2.39,0.62,3.09,Recovery,Denial of Service,Slowloris (HTTP),Raspberry Pi 4B 2GB,ACS712,1
14:56:24.000,357.78,2.41,0.47,2.35,Recovery,Denial of Service,Slowloris (HTTP),Raspberry Pi 4B 2GB,ACS712,1
14:56:26.000,358.88,2.4,0.55,2.75,Recovery,Denial of Service,Slowloris (HTTP),Raspberry Pi 4B 2GB,ACS712,1
14:56:27.000,359.99,2.39,0.57,2.84,Recovery,Denial of Service,Slowloris (HTTP),Raspberry Pi 4B 2GB,ACS712,1
14:56:28.000,361.09,2.39,0.58,2.88,Recovery,Denial of Service,Slowloris (HTTP),Raspberry Pi 4B 2GB,ACS712,1
14:56:29.000,362.19,2.41,0.46,2.31,Recovery,Denial of Service,Slowloris (HTTP),Raspberry Pi 4B 2GB,ACS712,1
14:56:30.000,363.29,2.39,0.59,2.97,Recovery,Denial of Service,Slowloris (HTTP),Raspberry Pi 4B 2GB,ACS712,1
14:56:31.000,364.39,2.39,0.58,2.92,Recovery,Denial of Service,Slowloris (HTTP),Raspberry Pi 4B 2GB,ACS712,1
14:56:32.000,365.5,2.4,0.52,2.58,Recovery,Denial of Service,Slowloris (HTTP),Raspberry Pi 4B 2GB,ACS712,1
14:56:33.000,366.6,2.39,0.58,2.88,Recovery,Denial of Service,Slowloris (HTTP),Raspberry Pi 4B 2GB,ACS712,1
