Timestamp,CPU Temperature Core #1 (°C),CPU Temperature Core #2 (°C),CPU Temperature Core #3 (°C),CPU Temperature Core #4 (°C),CPU Temperature (°C),CPU Power (W),CPU Power Cores (W),CPU Graphics Power (W),CPU Usage (%),Memory Usage (%),GPU Temperature (°C),GPU Usage (%),GPU Memory Usage (%),Relative Time (s),Mode,Attack Type,Attack,Host,Measurement,Run
00:21:28.000,39.0,46.0,40.0,41.0,46.0,9.5,4.2,0.1,11.8,64.9,44.0,0.0,2.4,0.0,Idle,Cryptojacking,OneZeroMiner (GPU),HP Victus 16-d0417nf,Open Hardware Monitor,1
00:21:30.000,38.0,40.0,39.0,39.0,45.0,10.7,5.4,0.2,24.0,64.7,44.0,0.0,2.4,2.0,Idle,Cryptojacking,OneZeroMiner (GPU),HP Victus 16-d0417nf,Open Hardware Monitor,1
00:21:32.000,39.0,38.0,39.0,39.0,44.0,5.4,1.4,0.1,5.3,64.7,44.0,0.0,2.4,4.0,Idle,Cryptojacking,OneZeroMiner (GPU),HP Victus 16-d0417nf,Open Hardware Monitor,1
00:21:34.000,39.0,39.0,37.0,39.0,45.0,5.0,0.9,0.2,5.8,64.7,44.0,0.0,2.4,6.0,Idle,Cryptojacking,OneZeroMiner (GPU),HP Victus 16-d0417nf,Open Hardware Monitor,1
00:21:36.000,38.0,39.0,37.0,39.0,45.0,5.1,0.8,0.2,4.8,64.7,44.0,0.0,2.4,8.0,Idle,Cryptojacking,OneZeroMiner (GPU),HP Victus 16-d0417nf,Open Hardware Monitor,1
00:21:38.000,38.0,39.0,37.0,38.0,44.0,4.5,1.2,0.1,4.7,64.7,0.0,0.0,2.4,10.0,Idle,Cryptojacking,OneZeroMiner (GPU),HP Victus 16-d0417nf,Open Hardware Monitor,1
00:21:40.000,40.0,39.0,42.0,39.0,44.0,6.1,2.8,0.0,8.4,64.6,44.0,0.0,2.4,12.0,Idle,Cryptojacking,OneZeroMiner (GPU),HP Victus 16-d0417nf,Open Hardware Monitor,1
00:21:42.000,39.0,39.0,37.0,39.0,45.0,4.9,0.8,0.2,3.5,64.6,44.0,0.0,2.4,14.0,Idle,Cryptojacking,OneZeroMiner (GPU),HP Victus 16-d0417nf,Open Hardware Monitor,1
00:21:44.000,39.0,40.0,38.0,38.0,45.0,4.2,1.0,0.1,4.7,64.6,0.0,0.0,2.4,16.0,Idle,Cryptojacking,OneZeroMiner (GPU),HP Victus 16-d0417nf,Open Hardware Monitor,1
00:21:46.000,40.0,40.0,37.0,38.0,45.0,7.2,3.6,0.0,11.3,64.4,45.0,0.0,2.4,18.0,Idle,Cryptojacking,OneZeroMiner (GPU),HP Victus 16-d0417nf,Open Hardware Monitor,1
00:21:48.000,39.0,38.0,37.0,39.0,45.0,5.0,1.0,0.2,4.9,64.4,44.0,0.0,2.4,20.0,Idle,Cryptojacking,OneZeroMiner (GPU),HP Victus 16-d0417nf,Open Hardware Monitor,1
00:21:50.000,39.0,40.0,37.0,38.0,44.0,5.4,1.4,0.1,5.3,64.5,44.0,0.0,2.4,22.0,Idle,Cryptojacking,OneZeroMiner (GPU),HP Victus 16-d0417nf,Open Hardware Monitor,1
00:21:52.000,38.0,38.0,39.0,39.0,45.0,4.8,0.8,0.2,3.7,64.5,44.0,0.0,2.4,24.0,Idle,Cryptojacking,OneZeroMiner (GPU),HP Victus 16-d0417nf,Open Hardware Monitor,1
00:21:54.000,39.0,38.0,37.0,38.0,44.0,4.8,0.8,0.2,4.5,64.5,44.0,0.0,2.4,26.0,Idle,Cryptojacking,OneZeroMiner (GPU),HP Victus 16-d0417nf,Open Hardware Monitor,1
00:21:56.000,38.0,39.0,39.0,38.0,45.0,5.1,0.8,0.2,4.6,64.5,44.0,0.0,2.4,28.0,Idle,Cryptojacking,OneZeroMiner (GPU),HP Victus 16-d0417nf,Open Hardware Monitor,1
00:21:58.000,39.0,39.0,40.0,39.0,45.0,5.9,2.4,0.1,7.7,64.6,44.0,0.0,2.4,30.0,Idle,Cryptojacking,OneZeroMiner (GPU),HP Victus 16-d0417nf,Open Hardware Monitor,1
00:22:00.000,39.0,38.0,37.0,38.0,45.0,6.3,1.8,0.1,6.8,64.5,45.0,0.0,2.4,32.0,Idle,Cryptojacking,OneZeroMiner (GPU),HP Victus 16-d0417nf,Open Hardware Monitor,1
00:22:02.000,39.0,39.0,39.0,38.0,45.0,4.7,0.7,0.2,3.9,64.5,45.0,0.0,2.4,34.0,Idle,Cryptojacking,OneZeroMiner (GPU),HP Victus 16-d0417nf,Open Hardware Monitor,1
00:22:04.000,40.0,41.0,37.0,40.0,45.0,6.2,1.8,0.1,5.6,64.6,44.0,0.0,2.4,36.0,Idle,Cryptojacking,OneZeroMiner (GPU),HP Victus 16-d0417nf,Open Hardware Monitor,1
00:22:06.000,39.0,39.0,39.0,39.0,45.0,4.8,0.7,0.2,3.3,64.5,45.0,0.0,2.4,38.0,Idle,Cryptojacking,OneZeroMiner (GPU),HP Victus 16-d0417nf,Open Hardware Monitor,1
00:22:08.000,39.0,39.0,37.0,38.0,45.0,5.3,1.0,0.2,3.1,64.5,45.0,0.0,2.4,40.0,Idle,Cryptojacking,OneZeroMiner (GPU),HP Victus 16-d0417nf,Open Hardware Monitor,1
00:22:10.000,39.0,40.0,39.0,40.0,45.0,5.7,2.3,0.1,8.7,64.5,0.0,0.0,2.4,42.0,Idle,Cryptojacking,OneZeroMiner (GPU),HP Victus 16-d0417nf,Open Hardware Monitor,1
00:22:12.000,39.0,39.0,37.0,38.0,45.0,4.9,0.7,0.2,3.0,64.5,45.0,0.0,2.4,44.0,Idle,Cryptojacking,OneZeroMiner (GPU),HP Victus 16-d0417nf,Open Hardware Monitor,1
00:22:14.000,38.0,39.0,39.0,38.0,46.0,5.1,0.8,0.2,2.7,64.5,45.0,0.0,2.4,46.0,Idle,Cryptojacking,OneZeroMiner (GPU),HP Victus 16-d0417nf,Open Hardware Monitor,1
00:22:16.000,40.0,39.0,39.0,39.0,45.0,6.0,2.7,0.1,7.0,64.5,0.0,0.0,2.4,48.0,Idle,Cryptojacking,OneZeroMiner (GPU),HP Victus 16-d0417nf,Open Hardware Monitor,1
00:22:18.000,43.0,39.0,40.0,39.0,45.0,5.9,2.0,0.1,5.5,64.4,0.0,0.0,2.4,50.0,Idle,Cryptojacking,OneZeroMiner (GPU),HP Victus 16-d0417nf,Open Hardware Monitor,1
00:22:20.000,39.0,39.0,39.0,38.0,45.0,4.9,0.8,0.2,3.9,64.4,45.0,0.0,2.4,52.0,Idle,Cryptojacking,OneZeroMiner (GPU),HP Victus 16-d0417nf,Open Hardware Monitor,1
00:22:22.000,39.0,39.0,37.0,39.0,46.0,4.9,0.9,0.2,3.4,64.4,45.0,0.0,2.4,54.0,Idle,Cryptojacking,OneZeroMiner (GPU),HP Victus 16-d0417nf,Open Hardware Monitor,1
00:22:24.000,38.0,39.0,37.0,39.0,45.0,4.9,0.9,0.2,2.9,64.4,45.0,0.0,2.4,56.0,Idle,Cryptojacking,OneZeroMiner (GPU),HP Victus 16-d0417nf,Open Hardware Monitor,1
00:22:26.000,38.0,40.0,39.0,39.0,45.0,4.7,0.8,0.2,2.6,64.4,45.0,0.0,2.4,58.0,Idle,Cryptojacking,OneZeroMiner (GPU),HP Victus 16-d0417nf,Open Hardware Monitor,1
00:22:28.000,38.0,40.0,38.0,38.0,46.0,5.3,1.2,0.2,5.5,64.5,45.0,0.0,2.4,60.0,Idle,Cryptojacking,OneZeroMiner (GPU),HP Victus 16-d0417nf,Open Hardware Monitor,1
00:22:30.000,38.0,38.0,38.0,39.0,45.0,4.3,1.2,0.1,7.4,64.5,0.0,0.0,2.4,62.0,Idle,Cryptojacking,OneZeroMiner (GPU),HP Victus 16-d0417nf,Open Hardware Monitor,1
00:22:32.000,39.0,39.0,38.0,38.0,45.0,6.0,2.7,0.1,9.4,64.5,45.0,0.0,2.4,64.0,Idle,Cryptojacking,OneZeroMiner (GPU),HP Victus 16-d0417nf,Open Hardware Monitor,1
00:22:34.000,38.0,39.0,37.0,39.0,46.0,5.7,2.3,0.1,7.3,64.4,45.0,0.0,2.4,66.0,Idle,Cryptojacking,OneZeroMiner (GPU),HP Victus 16-d0417nf,Open Hardware Monitor,1
00:22:36.000,39.0,39.0,39.0,39.0,46.0,4.9,0.8,0.2,4.4,64.4,45.0,0.0,2.4,68.0,Idle,Cryptojacking,OneZeroMiner (GPU),HP Victus 16-d0417nf,Open Hardware Monitor,1
00:22:38.000,40.0,39.0,37.0,38.0,46.0,5.4,1.3,0.1,6.3,64.4,45.0,0.0,2.4,70.0,Idle,Cryptojacking,OneZeroMiner (GPU),HP Victus 16-d0417nf,Open Hardware Monitor,1
00:22:40.000,39.0,39.0,38.0,38.0,47.0,5.1,1.0,0.2,5.9,64.4,45.0,0.0,2.4,72.0,Idle,Cryptojacking,OneZeroMiner (GPU),HP Victus 16-d0417nf,Open Hardware Monitor,1
00:22:42.000,38.0,39.0,38.0,38.0,46.0,5.0,0.8,0.2,3.1,64.4,45.0,0.0,2.4,74.0,Idle,Cryptojacking,OneZeroMiner (GPU),HP Victus 16-d0417nf,Open Hardware Monitor,1
00:22:44.000,38.0,40.0,38.0,39.0,46.0,5.0,0.8,0.2,3.5,64.4,45.0,0.0,2.4,76.0,Idle,Cryptojacking,OneZeroMiner (GPU),HP Victus 16-d0417nf,Open Hardware Monitor,1
00:22:46.000,40.0,39.0,39.0,40.0,45.0,5.9,2.5,0.0,7.2,64.4,0.0,0.0,2.4,78.0,Idle,Cryptojacking,OneZeroMiner (GPU),HP Victus 16-d0417nf,Open Hardware Monitor,1
00:22:48.000,38.0,40.0,38.0,38.0,46.0,4.3,1.1,0.1,3.9,64.4,0.0,0.0,2.4,80.0,Idle,Cryptojacking,OneZeroMiner (GPU),HP Victus 16-d0417nf,Open Hardware Monitor,1
00:22:50.000,41.0,42.0,41.0,40.0,46.0,6.7,3.4,0.0,12.5,64.4,45.0,0.0,2.4,82.0,Idle,Cryptojacking,OneZeroMiner (GPU),HP Victus 16-d0417nf,Open Hardware Monitor,1
00:22:52.000,39.0,40.0,37.0,40.0,46.0,5.9,2.5,0.1,7.8,64.3,45.0,0.0,2.4,84.0,Idle,Cryptojacking,OneZeroMiner (GPU),HP Victus 16-d0417nf,Open Hardware Monitor,1
00:22:54.000,39.0,39.0,37.0,38.0,46.0,5.0,0.8,0.2,5.7,64.3,45.0,0.0,2.4,86.0,Idle,Cryptojacking,OneZeroMiner (GPU),HP Victus 16-d0417nf,Open Hardware Monitor,1
00:22:56.000,42.0,40.0,40.0,39.0,46.0,4.8,0.8,0.2,4.0,64.3,45.0,0.0,2.4,88.0,Idle,Cryptojacking,OneZeroMiner (GPU),HP Victus 16-d0417nf,Open Hardware Monitor,1
00:22:58.000,38.0,39.0,39.0,39.0,46.0,5.0,0.9,0.2,3.4,64.3,45.0,0.0,2.4,90.0,Idle,Cryptojacking,OneZeroMiner (GPU),HP Victus 16-d0417nf,Open Hardware Monitor,1
00:23:00.000,39.0,39.0,40.0,40.0,46.0,5.4,1.2,0.1,6.5,64.3,45.0,0.0,2.4,92.0,Idle,Cryptojacking,OneZeroMiner (GPU),HP Victus 16-d0417nf,Open Hardware Monitor,1
00:23:02.000,39.0,40.0,37.0,39.0,47.0,5.0,0.8,0.2,3.4,64.4,0.0,0.0,2.4,94.0,Idle,Cryptojacking,OneZeroMiner (GPU),HP Victus 16-d0417nf,Open Hardware Monitor,1
00:23:04.000,40.0,39.0,37.0,39.0,46.0,5.1,0.9,0.2,2.9,64.3,45.0,0.0,2.4,96.0,Idle,Cryptojacking,OneZeroMiner (GPU),HP Victus 16-d0417nf,Open Hardware Monitor,1
00:23:06.000,40.0,38.0,38.0,38.0,46.0,5.1,1.0,0.2,3.3,64.4,45.0,0.0,2.4,98.0,Idle,Cryptojacking,OneZeroMiner (GPU),HP Victus 16-d0417nf,Open Hardware Monitor,1
00:23:08.000,39.0,40.0,37.0,38.0,46.0,5.3,0.9,0.2,3.6,64.4,45.0,0.0,2.4,100.0,Idle,Cryptojacking,OneZeroMiner (GPU),HP Victus 16-d0417nf,Open Hardware Monitor,1
00:23:10.000,39.0,39.0,38.0,38.0,46.0,5.6,1.6,0.1,5.5,64.4,45.0,0.0,2.4,102.0,Idle,Cryptojacking,OneZeroMiner (GPU),HP Victus 16-d0417nf,Open Hardware Monitor,1
00:23:12.000,40.0,40.0,37.0,39.0,46.0,4.7,0.7,0.2,2.5,64.3,45.0,0.0,2.4,104.0,Idle,Cryptojacking,OneZeroMiner (GPU),HP Victus 16-d0417nf,Open Hardware Monitor,1
00:23:14.000,38.0,40.0,40.0,38.0,46.0,4.2,1.0,0.1,3.5,64.3,0.0,0.0,2.4,106.0,Idle,Cryptojacking,OneZeroMiner (GPU),HP Victus 16-d0417nf,Open Hardware Monitor,1
00:23:16.000,41.0,39.0,40.0,39.0,46.0,7.2,3.2,0.1,11.9,64.3,45.0,0.0,2.4,108.0,Idle,Cryptojacking,OneZeroMiner (GPU),HP Victus 16-d0417nf,Open Hardware Monitor,1
00:23:18.000,42.0,45.0,44.0,44.0,47.0,10.6,5.0,0.3,14.8,64.7,46.0,0.0,2.4,110.0,Idle,Cryptojacking,OneZeroMiner (GPU),HP Victus 16-d0417nf,Open Hardware Monitor,1
00:23:20.000,40.0,41.0,40.0,39.0,47.0,9.6,4.3,0.2,10.8,65.4,46.0,0.0,2.4,112.0,Idle,Cryptojacking,OneZeroMiner (GPU),HP Victus 16-d0417nf,Open Hardware Monitor,1
00:23:22.000,40.0,40.0,40.0,39.0,47.0,9.2,4.7,0.2,14.0,65.0,0.0,0.0,2.4,114.0,Idle,Cryptojacking,OneZeroMiner (GPU),HP Victus 16-d0417nf,Open Hardware Monitor,1
00:23:24.000,40.0,40.0,40.0,39.0,46.0,7.5,3.5,0.1,11.3,64.8,0.0,0.0,2.4,116.0,Idle,Cryptojacking,OneZeroMiner (GPU),HP Victus 16-d0417nf,Open Hardware Monitor,1
00:23:26.000,40.0,40.0,40.0,39.0,46.0,5.8,1.7,0.1,5.6,64.8,0.0,0.0,2.4,118.0,Idle,Cryptojacking,OneZeroMiner (GPU),HP Victus 16-d0417nf,Open Hardware Monitor,1
00:23:28.000,42.0,42.0,41.0,39.0,46.0,8.1,3.8,0.0,12.4,64.6,0.0,0.0,2.4,120.0,Idle,Cryptojacking,OneZeroMiner (GPU),HP Victus 16-d0417nf,Open Hardware Monitor,1
00:23:30.000,43.0,41.0,40.0,39.0,46.0,7.3,3.5,0.1,9.6,64.6,0.0,0.0,2.4,122.0,Idle,Cryptojacking,OneZeroMiner (GPU),HP Victus 16-d0417nf,Open Hardware Monitor,1
00:23:32.000,40.0,40.0,40.0,40.0,47.0,5.4,1.8,0.0,10.0,64.6,0.0,0.0,2.4,124.0,Idle,Cryptojacking,OneZeroMiner (GPU),HP Victus 16-d0417nf,Open Hardware Monitor,1
00:23:34.000,40.0,40.0,40.0,39.0,47.0,6.5,3.1,0.0,6.2,64.6,46.0,0.0,2.4,126.0,Idle,Cryptojacking,OneZeroMiner (GPU),HP Victus 16-d0417nf,Open Hardware Monitor,1
00:23:36.000,40.0,41.0,40.0,40.0,48.0,6.6,3.0,0.1,9.4,64.6,0.0,0.0,2.4,128.0,Idle,Cryptojacking,OneZeroMiner (GPU),HP Victus 16-d0417nf,Open Hardware Monitor,1
00:23:38.000,40.0,42.0,38.0,40.0,47.0,5.9,1.2,0.1,5.9,64.6,46.0,0.0,2.4,130.0,Idle,Cryptojacking,OneZeroMiner (GPU),HP Victus 16-d0417nf,Open Hardware Monitor,1
00:23:40.000,40.0,42.0,40.0,39.0,47.0,5.3,1.0,0.1,4.3,64.6,46.0,0.0,2.4,132.0,Idle,Cryptojacking,OneZeroMiner (GPU),HP Victus 16-d0417nf,Open Hardware Monitor,1
00:23:42.000,40.0,41.0,40.0,39.0,46.0,5.7,1.2,0.1,5.4,64.6,46.0,0.0,2.4,134.0,Idle,Cryptojacking,OneZeroMiner (GPU),HP Victus 16-d0417nf,Open Hardware Monitor,1
00:23:44.000,42.0,41.0,41.0,40.0,46.0,4.8,0.8,0.2,3.2,64.6,46.0,0.0,2.4,136.0,Idle,Cryptojacking,OneZeroMiner (GPU),HP Victus 16-d0417nf,Open Hardware Monitor,1
00:23:46.000,40.0,41.0,38.0,40.0,46.0,4.9,1.0,0.2,2.1,64.6,46.0,0.0,2.4,138.0,Idle,Cryptojacking,OneZeroMiner (GPU),HP Victus 16-d0417nf,Open Hardware Monitor,1
00:23:48.000,40.0,41.0,39.0,39.0,46.0,5.8,2.4,0.0,9.6,64.5,0.0,0.0,2.4,140.0,Idle,Cryptojacking,OneZeroMiner (GPU),HP Victus 16-d0417nf,Open Hardware Monitor,1
00:23:50.000,40.0,39.0,40.0,38.0,47.0,4.6,0.6,0.2,2.7,64.6,46.0,0.0,2.4,142.0,Idle,Cryptojacking,OneZeroMiner (GPU),HP Victus 16-d0417nf,Open Hardware Monitor,1
00:23:52.000,40.0,40.0,40.0,40.0,47.0,5.1,0.9,0.1,3.8,64.6,46.0,0.0,2.4,144.0,Idle,Cryptojacking,OneZeroMiner (GPU),HP Victus 16-d0417nf,Open Hardware Monitor,1
00:23:54.000,40.0,41.0,40.0,39.0,47.0,4.9,0.9,0.2,4.1,64.6,46.0,0.0,2.4,146.0,Idle,Cryptojacking,OneZeroMiner (GPU),HP Victus 16-d0417nf,Open Hardware Monitor,1
00:23:56.000,40.0,41.0,40.0,39.0,47.0,4.9,0.7,0.2,3.3,64.6,46.0,0.0,2.4,148.0,Idle,Cryptojacking,OneZeroMiner (GPU),HP Victus 16-d0417nf,Open Hardware Monitor,1
00:23:58.000,40.0,40.0,41.0,40.0,48.0,5.6,1.5,0.1,7.7,64.7,46.0,0.0,2.4,150.0,Idle,Cryptojacking,OneZeroMiner (GPU),HP Victus 16-d0417nf,Open Hardware Monitor,1
00:24:00.000,40.0,40.0,40.0,40.0,47.0,4.9,0.7,0.2,5.2,64.6,46.0,0.0,2.4,152.0,Idle,Cryptojacking,OneZeroMiner (GPU),HP Victus 16-d0417nf,Open Hardware Monitor,1
00:24:02.000,40.0,40.0,40.0,40.0,46.0,4.4,1.5,0.1,3.3,64.6,0.0,0.0,2.4,154.0,Idle,Cryptojacking,OneZeroMiner (GPU),HP Victus 16-d0417nf,Open Hardware Monitor,1
00:24:04.000,43.0,41.0,41.0,39.0,46.0,6.3,3.0,0.0,8.1,64.5,46.0,0.0,2.4,156.0,Idle,Cryptojacking,OneZeroMiner (GPU),HP Victus 16-d0417nf,Open Hardware Monitor,1
00:24:06.000,40.0,41.0,40.0,39.0,47.0,5.2,0.9,0.2,3.5,64.5,46.0,0.0,2.4,158.0,Idle,Cryptojacking,OneZeroMiner (GPU),HP Victus 16-d0417nf,Open Hardware Monitor,1
00:24:08.000,40.0,40.0,41.0,40.0,46.0,5.0,0.9,0.2,5.2,64.6,46.0,0.0,2.4,160.0,Idle,Cryptojacking,OneZeroMiner (GPU),HP Victus 16-d0417nf,Open Hardware Monitor,1
00:24:10.000,41.0,41.0,40.0,40.0,47.0,4.7,0.8,0.1,3.3,64.5,0.0,0.0,2.4,162.0,Idle,Cryptojacking,OneZeroMiner (GPU),HP Victus 16-d0417nf,Open Hardware Monitor,1
00:24:12.000,40.0,41.0,41.0,40.0,46.0,5.2,1.0,0.2,3.8,64.5,46.0,0.0,2.4,164.0,Idle,Cryptojacking,OneZeroMiner (GPU),HP Victus 16-d0417nf,Open Hardware Monitor,1
00:24:14.000,40.0,39.0,40.0,41.0,47.0,4.7,0.7,0.2,5.3,64.5,46.0,0.0,2.4,166.0,Idle,Cryptojacking,OneZeroMiner (GPU),HP Victus 16-d0417nf,Open Hardware Monitor,1
00:24:16.000,40.0,40.0,40.0,41.0,47.0,4.9,0.9,0.2,4.4,64.5,46.0,0.0,2.4,168.0,Idle,Cryptojacking,OneZeroMiner (GPU),HP Victus 16-d0417nf,Open Hardware Monitor,1
00:24:18.000,40.0,40.0,40.0,40.0,47.0,6.4,2.7,0.1,8.1,64.5,46.0,0.0,2.4,170.0,Idle,Cryptojacking,OneZeroMiner (GPU),HP Victus 16-d0417nf,Open Hardware Monitor,1
00:24:20.000,39.0,41.0,40.0,40.0,47.0,5.3,1.3,0.1,5.8,64.1,46.0,0.0,2.4,172.0,Idle,Cryptojacking,OneZeroMiner (GPU),HP Victus 16-d0417nf,Open Hardware Monitor,1
00:24:22.000,39.0,40.0,40.0,40.0,47.0,5.2,1.2,0.1,5.2,64.1,46.0,0.0,2.4,174.0,Idle,Cryptojacking,OneZeroMiner (GPU),HP Victus 16-d0417nf,Open Hardware Monitor,1
00:24:24.000,42.0,41.0,41.0,41.0,47.0,7.2,3.0,0.1,9.0,63.9,46.0,0.0,2.4,176.0,Idle,Cryptojacking,OneZeroMiner (GPU),HP Victus 16-d0417nf,Open Hardware Monitor,1
00:24:26.000,40.0,41.0,40.0,41.0,47.0,5.4,1.1,0.2,4.5,64.0,46.0,0.0,2.4,178.0,Idle,Cryptojacking,OneZeroMiner (GPU),HP Victus 16-d0417nf,Open Hardware Monitor,1
00:24:28.000,40.0,40.0,41.0,40.0,47.0,4.9,0.8,0.2,4.2,64.0,46.0,0.0,2.4,180.0,Idle,Cryptojacking,OneZeroMiner (GPU),HP Victus 16-d0417nf,Open Hardware Monitor,1
00:24:30.000,40.0,41.0,40.0,41.0,47.0,6.1,2.5,0.1,8.8,64.0,0.0,0.0,2.4,182.0,Idle,Cryptojacking,OneZeroMiner (GPU),HP Victus 16-d0417nf,Open Hardware Monitor,1
00:24:32.000,40.0,41.0,40.0,40.0,46.0,5.1,0.7,0.2,3.8,64.0,46.0,0.0,2.4,184.0,Idle,Cryptojacking,OneZeroMiner (GPU),HP Victus 16-d0417nf,Open Hardware Monitor,1
00:24:34.000,40.0,41.0,40.0,40.0,47.0,4.9,0.8,0.2,3.7,64.0,46.0,0.0,2.4,186.0,Idle,Cryptojacking,OneZeroMiner (GPU),HP Victus 16-d0417nf,Open Hardware Monitor,1
00:24:36.000,40.0,41.0,40.0,40.0,47.0,5.0,0.7,0.2,3.3,64.0,46.0,0.0,2.4,188.0,Idle,Cryptojacking,OneZeroMiner (GPU),HP Victus 16-d0417nf,Open Hardware Monitor,1
00:24:38.000,40.0,40.0,40.0,40.0,47.0,5.7,1.3,0.1,6.2,64.1,46.0,0.0,2.4,190.0,Idle,Cryptojacking,OneZeroMiner (GPU),HP Victus 16-d0417nf,Open Hardware Monitor,1
00:24:40.000,40.0,40.0,40.0,40.0,47.0,5.7,1.5,0.1,4.2,64.1,46.0,0.0,2.4,192.0,Idle,Cryptojacking,OneZeroMiner (GPU),HP Victus 16-d0417nf,Open Hardware Monitor,1
00:24:42.000,39.0,40.0,40.0,40.0,47.0,4.8,1.3,0.1,4.4,64.1,0.0,0.0,2.4,194.0,Idle,Cryptojacking,OneZeroMiner (GPU),HP Victus 16-d0417nf,Open Hardware Monitor,1
00:24:44.000,39.0,40.0,40.0,40.0,46.0,5.0,0.9,0.2,2.7,64.0,47.0,0.0,2.4,196.0,Idle,Cryptojacking,OneZeroMiner (GPU),HP Victus 16-d0417nf,Open Hardware Monitor,1
00:24:46.000,39.0,39.0,41.0,40.0,47.0,4.9,0.8,0.2,3.4,64.1,46.0,0.0,2.4,198.0,Idle,Cryptojacking,OneZeroMiner (GPU),HP Victus 16-d0417nf,Open Hardware Monitor,1
00:24:48.000,40.0,39.0,41.0,40.0,48.0,4.7,1.3,0.1,4.2,64.1,0.0,0.0,2.4,200.0,Idle,Cryptojacking,OneZeroMiner (GPU),HP Victus 16-d0417nf,Open Hardware Monitor,1
00:24:50.000,43.0,40.0,41.0,40.0,47.0,6.3,3.0,0.0,10.8,64.1,47.0,0.0,2.4,202.0,Idle,Cryptojacking,OneZeroMiner (GPU),HP Victus 16-d0417nf,Open Hardware Monitor,1
00:24:52.000,40.0,40.0,41.0,41.0,47.0,6.1,2.5,0.1,7.3,64.1,46.0,0.0,2.4,204.0,Idle,Cryptojacking,OneZeroMiner (GPU),HP Victus 16-d0417nf,Open Hardware Monitor,1
00:24:54.000,40.0,40.0,41.0,40.0,48.0,4.8,0.8,0.2,3.8,64.1,46.0,0.0,2.4,206.0,Idle,Cryptojacking,OneZeroMiner (GPU),HP Victus 16-d0417nf,Open Hardware Monitor,1
00:24:56.000,40.0,41.0,40.0,40.0,48.0,5.0,0.9,0.2,3.5,64.1,46.0,0.0,2.4,208.0,Idle,Cryptojacking,OneZeroMiner (GPU),HP Victus 16-d0417nf,Open Hardware Monitor,1
00:24:58.000,40.0,41.0,41.0,41.0,48.0,5.0,0.9,0.2,3.1,64.1,46.0,0.0,2.4,210.0,Idle,Cryptojacking,OneZeroMiner (GPU),HP Victus 16-d0417nf,Open Hardware Monitor,1
00:25:00.000,40.0,40.0,40.0,41.0,48.0,5.5,1.5,0.1,6.1,64.1,47.0,0.0,2.4,212.0,Idle,Cryptojacking,OneZeroMiner (GPU),HP Victus 16-d0417nf,Open Hardware Monitor,1
00:25:02.000,40.0,41.0,40.0,40.0,47.0,5.8,2.2,0.1,8.4,64.1,0.0,0.0,2.4,214.0,Idle,Cryptojacking,OneZeroMiner (GPU),HP Victus 16-d0417nf,Open Hardware Monitor,1
00:25:04.000,42.0,41.0,42.0,40.0,47.0,5.0,0.9,0.2,3.0,64.1,47.0,0.0,2.4,216.0,Idle,Cryptojacking,OneZeroMiner (GPU),HP Victus 16-d0417nf,Open Hardware Monitor,1
00:25:06.000,40.0,41.0,40.0,40.0,46.0,5.2,0.9,0.2,2.9,64.1,47.0,0.0,2.4,218.0,Idle,Cryptojacking,OneZeroMiner (GPU),HP Victus 16-d0417nf,Open Hardware Monitor,1
00:25:08.000,40.0,41.0,40.0,40.0,47.0,4.8,0.7,0.2,3.6,64.1,46.0,0.0,2.4,220.0,Idle,Cryptojacking,OneZeroMiner (GPU),HP Victus 16-d0417nf,Open Hardware Monitor,1
00:25:10.000,40.0,40.0,40.0,40.0,47.0,6.0,1.5,0.1,7.1,64.1,47.0,0.0,2.4,222.0,Idle,Cryptojacking,OneZeroMiner (GPU),HP Victus 16-d0417nf,Open Hardware Monitor,1
00:25:12.000,40.0,41.0,40.0,41.0,47.0,6.0,2.6,0.0,9.9,64.1,0.0,0.0,2.4,224.0,Idle,Cryptojacking,OneZeroMiner (GPU),HP Victus 16-d0417nf,Open Hardware Monitor,1
00:25:14.000,46.0,47.0,45.0,46.0,48.0,9.3,4.8,0.1,15.2,64.2,0.0,0.0,2.4,226.0,Idle,Cryptojacking,OneZeroMiner (GPU),HP Victus 16-d0417nf,Open Hardware Monitor,1
00:25:16.000,42.0,42.0,42.0,42.0,47.0,9.2,4.7,0.1,16.0,64.2,47.0,0.0,2.4,228.0,Idle,Cryptojacking,OneZeroMiner (GPU),HP Victus 16-d0417nf,Open Hardware Monitor,1
00:25:18.000,40.0,41.0,41.0,41.0,47.0,7.6,3.4,0.0,11.5,64.6,47.0,0.0,2.4,230.0,Idle,Cryptojacking,OneZeroMiner (GPU),HP Victus 16-d0417nf,Open Hardware Monitor,1
00:25:20.000,40.0,42.0,40.0,41.0,48.0,6.8,1.8,0.1,7.6,64.6,47.0,0.0,2.4,232.0,Idle,Cryptojacking,OneZeroMiner (GPU),HP Victus 16-d0417nf,Open Hardware Monitor,1
00:25:22.000,41.0,41.0,40.0,41.0,47.0,6.4,1.6,0.1,6.5,64.6,47.0,0.0,2.4,234.0,Idle,Cryptojacking,OneZeroMiner (GPU),HP Victus 16-d0417nf,Open Hardware Monitor,1
00:25:24.000,40.0,41.0,40.0,41.0,47.0,6.2,1.5,0.1,6.0,64.6,47.0,0.0,2.4,236.0,Idle,Cryptojacking,OneZeroMiner (GPU),HP Victus 16-d0417nf,Open Hardware Monitor,1
00:25:26.000,42.0,42.0,41.0,41.0,48.0,5.6,1.1,0.1,5.6,64.7,47.0,0.0,2.4,238.0,Idle,Cryptojacking,OneZeroMiner (GPU),HP Victus 16-d0417nf,Open Hardware Monitor,1
00:25:28.000,41.0,41.0,41.0,41.0,47.0,5.9,1.4,0.1,6.1,64.7,47.0,0.0,2.4,240.0,Idle,Cryptojacking,OneZeroMiner (GPU),HP Victus 16-d0417nf,Open Hardware Monitor,1
00:25:30.000,41.0,42.0,41.0,41.0,47.0,6.7,3.1,0.0,13.9,64.6,0.0,0.0,2.4,242.0,Idle,Cryptojacking,OneZeroMiner (GPU),HP Victus 16-d0417nf,Open Hardware Monitor,1
00:25:32.000,41.0,41.0,40.0,40.0,47.0,5.1,1.7,0.0,8.2,64.6,46.0,0.0,2.4,244.0,Idle,Cryptojacking,OneZeroMiner (GPU),HP Victus 16-d0417nf,Open Hardware Monitor,1
00:25:34.000,40.0,41.0,40.0,40.0,47.0,7.1,3.0,0.1,11.4,64.6,46.0,0.0,2.4,246.0,Idle,Cryptojacking,OneZeroMiner (GPU),HP Victus 16-d0417nf,Open Hardware Monitor,1
00:25:36.000,40.0,40.0,40.0,40.0,47.0,5.5,1.6,0.2,6.0,64.6,46.0,0.0,2.4,248.0,Idle,Cryptojacking,OneZeroMiner (GPU),HP Victus 16-d0417nf,Open Hardware Monitor,1
00:25:38.000,40.0,41.0,40.0,40.0,47.0,6.2,2.6,0.0,8.7,64.7,45.0,0.0,2.4,250.0,Idle,Cryptojacking,OneZeroMiner (GPU),HP Victus 16-d0417nf,Open Hardware Monitor,1
00:25:40.000,40.0,41.0,40.0,40.0,47.0,5.7,2.5,0.0,8.6,64.6,45.0,0.0,2.4,252.0,Idle,Cryptojacking,OneZeroMiner (GPU),HP Victus 16-d0417nf,Open Hardware Monitor,1
00:25:42.000,40.0,41.0,40.0,40.0,47.0,5.2,1.5,0.0,5.0,64.6,46.0,0.0,2.4,254.0,Idle,Cryptojacking,OneZeroMiner (GPU),HP Victus 16-d0417nf,Open Hardware Monitor,1
00:25:44.000,41.0,41.0,41.0,41.0,46.0,5.2,1.7,0.0,5.8,64.6,45.0,0.0,2.4,256.0,Idle,Cryptojacking,OneZeroMiner (GPU),HP Victus 16-d0417nf,Open Hardware Monitor,1
00:25:46.000,40.0,41.0,40.0,41.0,47.0,5.0,1.7,0.0,7.0,64.5,45.0,0.0,2.4,258.0,Idle,Cryptojacking,OneZeroMiner (GPU),HP Victus 16-d0417nf,Open Hardware Monitor,1
00:25:48.000,40.0,41.0,40.0,40.0,47.0,5.0,1.5,0.1,5.4,64.6,45.0,0.0,2.4,260.0,Idle,Cryptojacking,OneZeroMiner (GPU),HP Victus 16-d0417nf,Open Hardware Monitor,1
00:25:50.000,46.0,48.0,43.0,46.0,48.0,8.8,4.6,0.0,13.8,64.8,46.0,0.0,2.4,262.0,Idle,Cryptojacking,OneZeroMiner (GPU),HP Victus 16-d0417nf,Open Hardware Monitor,1
00:25:52.000,40.0,40.0,40.0,40.0,46.0,5.4,1.9,0.0,6.1,65.0,45.0,0.0,2.4,264.0,Idle,Cryptojacking,OneZeroMiner (GPU),HP Victus 16-d0417nf,Open Hardware Monitor,1
00:25:54.000,41.0,42.0,40.0,41.0,47.0,7.2,2.5,0.5,9.2,65.0,45.0,0.0,2.4,266.0,Idle,Cryptojacking,OneZeroMiner (GPU),HP Victus 16-d0417nf,Open Hardware Monitor,1
00:25:56.000,42.0,48.0,41.0,44.0,48.0,13.8,8.3,0.1,25.2,65.0,45.0,0.0,2.4,268.0,Idle,Cryptojacking,OneZeroMiner (GPU),HP Victus 16-d0417nf,Open Hardware Monitor,1
00:25:58.000,42.0,42.0,40.0,41.0,47.0,8.5,4.0,0.2,15.5,65.3,45.0,0.0,2.4,270.0,Idle,Cryptojacking,OneZeroMiner (GPU),HP Victus 16-d0417nf,Open Hardware Monitor,1
00:26:00.000,43.0,47.0,42.0,43.0,47.0,10.5,5.9,0.1,17.0,65.5,46.0,0.0,2.4,272.0,Idle,Cryptojacking,OneZeroMiner (GPU),HP Victus 16-d0417nf,Open Hardware Monitor,1
00:26:02.000,40.0,41.0,41.0,41.0,48.0,9.0,4.5,0.2,13.9,66.2,45.0,0.0,2.4,274.0,Idle,Cryptojacking,OneZeroMiner (GPU),HP Victus 16-d0417nf,Open Hardware Monitor,1
00:26:04.000,40.0,41.0,40.0,40.0,48.0,6.8,2.7,0.1,8.4,66.2,45.0,0.0,2.4,276.0,Idle,Cryptojacking,OneZeroMiner (GPU),HP Victus 16-d0417nf,Open Hardware Monitor,1
00:26:06.000,43.0,40.0,42.0,40.0,46.0,5.9,2.6,0.0,9.4,66.2,0.0,0.0,2.4,278.0,Idle,Cryptojacking,OneZeroMiner (GPU),HP Victus 16-d0417nf,Open Hardware Monitor,1
00:26:08.000,43.0,42.0,40.0,41.0,47.0,7.6,3.9,0.0,11.3,66.1,46.0,0.0,2.4,280.0,Idle,Cryptojacking,OneZeroMiner (GPU),HP Victus 16-d0417nf,Open Hardware Monitor,1
00:26:10.000,43.0,41.0,43.0,41.0,46.0,6.6,3.0,0.0,7.4,66.1,46.0,0.0,2.4,282.0,Idle,Cryptojacking,OneZeroMiner (GPU),HP Victus 16-d0417nf,Open Hardware Monitor,1
00:26:12.000,39.0,41.0,40.0,41.0,47.0,5.7,2.2,0.1,8.7,66.1,45.0,0.0,2.4,284.0,Idle,Cryptojacking,OneZeroMiner (GPU),HP Victus 16-d0417nf,Open Hardware Monitor,1
00:26:14.000,40.0,41.0,40.0,39.0,47.0,5.2,1.8,0.1,5.7,65.8,45.0,0.0,2.4,286.0,Idle,Cryptojacking,OneZeroMiner (GPU),HP Victus 16-d0417nf,Open Hardware Monitor,1
00:26:16.000,40.0,40.0,40.0,39.0,46.0,5.3,2.2,0.0,4.6,65.8,45.0,0.0,2.4,288.0,Idle,Cryptojacking,OneZeroMiner (GPU),HP Victus 16-d0417nf,Open Hardware Monitor,1
00:26:18.000,40.0,41.0,40.0,41.0,46.0,5.1,1.4,0.1,7.2,66.1,45.0,0.0,2.4,290.0,Idle,Cryptojacking,OneZeroMiner (GPU),HP Victus 16-d0417nf,Open Hardware Monitor,1
00:26:20.000,41.0,47.0,41.0,43.0,47.0,10.2,5.7,0.0,16.3,66.7,0.0,0.0,2.4,292.0,Idle,Cryptojacking,OneZeroMiner (GPU),HP Victus 16-d0417nf,Open Hardware Monitor,1
00:26:22.000,42.0,48.0,44.0,46.0,47.0,11.6,6.9,0.0,18.1,67.7,0.0,0.0,2.4,294.0,Idle,Cryptojacking,OneZeroMiner (GPU),HP Victus 16-d0417nf,Open Hardware Monitor,1
00:26:24.000,42.0,46.0,42.0,43.0,47.0,13.0,8.2,0.1,23.6,67.9,0.0,0.0,2.4,296.0,Idle,Cryptojacking,OneZeroMiner (GPU),HP Victus 16-d0417nf,Open Hardware Monitor,1
00:26:26.000,41.0,46.0,44.0,43.0,48.0,12.4,7.6,0.0,23.7,68.0,0.0,0.0,2.4,298.0,Idle,Cryptojacking,OneZeroMiner (GPU),HP Victus 16-d0417nf,Open Hardware Monitor,1
00:26:28.000,41.0,48.0,41.0,43.0,48.0,11.3,6.8,0.0,15.4,68.0,0.0,0.0,2.4,300.0,Idle,Cryptojacking,OneZeroMiner (GPU),HP Victus 16-d0417nf,Open Hardware Monitor,1
00:26:30.000,40.0,43.0,41.0,41.0,47.0,7.8,2.9,0.2,12.4,68.0,46.0,0.0,2.4,302.0,Idle,Cryptojacking,OneZeroMiner (GPU),HP Victus 16-d0417nf,Open Hardware Monitor,1
00:26:32.000,42.0,44.0,41.0,42.0,47.0,6.5,2.3,0.1,8.1,68.0,45.0,0.0,2.4,304.0,Idle,Cryptojacking,OneZeroMiner (GPU),HP Victus 16-d0417nf,Open Hardware Monitor,1
00:26:34.000,40.0,41.0,40.0,41.0,47.0,7.3,3.5,0.1,14.2,67.9,0.0,0.0,2.4,306.0,Idle,Cryptojacking,OneZeroMiner (GPU),HP Victus 16-d0417nf,Open Hardware Monitor,1
00:26:36.000,45.0,43.0,45.0,47.0,49.0,8.8,4.9,0.1,16.4,66.7,46.0,0.0,2.4,308.0,Idle,Cryptojacking,OneZeroMiner (GPU),HP Victus 16-d0417nf,Open Hardware Monitor,1
00:26:38.000,40.0,47.0,41.0,43.0,49.0,10.1,5.5,0.0,14.8,65.7,46.0,0.0,2.4,310.0,Idle,Cryptojacking,OneZeroMiner (GPU),HP Victus 16-d0417nf,Open Hardware Monitor,1
00:26:40.000,40.0,41.0,41.0,41.0,47.0,5.5,1.8,0.0,8.3,65.8,45.0,0.0,2.4,312.0,Idle,Cryptojacking,OneZeroMiner (GPU),HP Victus 16-d0417nf,Open Hardware Monitor,1
00:26:42.000,40.0,41.0,40.0,41.0,48.0,8.7,4.4,0.1,5.6,65.8,46.0,0.0,2.4,314.0,Idle,Cryptojacking,OneZeroMiner (GPU),HP Victus 16-d0417nf,Open Hardware Monitor,1
00:26:44.000,40.0,41.0,40.0,41.0,47.0,6.5,2.5,0.1,12.0,65.7,0.0,0.0,2.4,316.0,Idle,Cryptojacking,OneZeroMiner (GPU),HP Victus 16-d0417nf,Open Hardware Monitor,1
00:26:46.000,40.0,42.0,41.0,40.0,47.0,7.9,4.0,0.1,8.7,65.8,46.0,0.0,2.4,318.0,Idle,Cryptojacking,OneZeroMiner (GPU),HP Victus 16-d0417nf,Open Hardware Monitor,1
00:26:48.000,43.0,42.0,42.0,41.0,47.0,8.0,4.0,0.1,14.3,65.7,0.0,0.0,2.4,320.0,Idle,Cryptojacking,OneZeroMiner (GPU),HP Victus 16-d0417nf,Open Hardware Monitor,1
00:26:50.000,40.0,41.0,40.0,41.0,49.0,4.8,1.5,0.1,13.4,65.8,46.0,0.0,2.4,322.0,Idle,Cryptojacking,OneZeroMiner (GPU),HP Victus 16-d0417nf,Open Hardware Monitor,1
00:26:52.000,40.0,43.0,42.0,41.0,47.0,7.4,3.7,0.0,13.0,65.6,0.0,0.0,2.4,324.0,Idle,Cryptojacking,OneZeroMiner (GPU),HP Victus 16-d0417nf,Open Hardware Monitor,1
00:26:54.000,40.0,41.0,40.0,41.0,47.0,8.9,4.7,0.1,9.2,65.7,46.0,0.0,2.4,326.0,Idle,Cryptojacking,OneZeroMiner (GPU),HP Victus 16-d0417nf,Open Hardware Monitor,1
00:26:56.000,41.0,41.0,41.0,41.0,49.0,7.2,3.6,0.1,15.6,65.6,0.0,0.0,2.4,328.0,Idle,Cryptojacking,OneZeroMiner (GPU),HP Victus 16-d0417nf,Open Hardware Monitor,1
00:26:58.000,40.0,42.0,41.0,41.0,47.0,6.9,3.2,0.0,10.1,65.7,46.0,0.0,2.4,330.0,Idle,Cryptojacking,OneZeroMiner (GPU),HP Victus 16-d0417nf,Open Hardware Monitor,1
00:27:00.000,40.0,42.0,40.0,41.0,48.0,8.2,4.1,0.1,13.6,65.6,0.0,0.0,2.4,332.0,Idle,Cryptojacking,OneZeroMiner (GPU),HP Victus 16-d0417nf,Open Hardware Monitor,1
00:27:02.000,43.0,41.0,41.0,40.0,48.0,6.6,3.2,0.0,9.8,65.6,47.0,0.0,2.4,334.0,Idle,Cryptojacking,OneZeroMiner (GPU),HP Victus 16-d0417nf,Open Hardware Monitor,1
00:27:04.000,42.0,43.0,41.0,41.0,47.0,7.2,3.4,0.1,12.0,65.6,46.0,0.0,2.4,336.0,Idle,Cryptojacking,OneZeroMiner (GPU),HP Victus 16-d0417nf,Open Hardware Monitor,1
00:27:06.000,42.0,43.0,43.0,43.0,49.0,10.2,5.7,0.1,19.4,66.1,46.0,0.0,2.4,338.0,Idle,Cryptojacking,OneZeroMiner (GPU),HP Victus 16-d0417nf,Open Hardware Monitor,1
00:27:08.000,42.0,44.0,42.0,42.0,48.0,12.5,7.2,0.1,26.3,66.7,0.0,0.0,2.4,340.0,Idle,Cryptojacking,OneZeroMiner (GPU),HP Victus 16-d0417nf,Open Hardware Monitor,1
00:27:10.000,46.0,43.0,43.0,43.0,49.0,10.8,6.3,0.1,22.5,66.7,46.0,0.0,2.4,342.0,Idle,Cryptojacking,OneZeroMiner (GPU),HP Victus 16-d0417nf,Open Hardware Monitor,1
00:27:12.000,40.0,41.0,41.0,41.0,48.0,9.0,4.7,0.0,18.6,66.8,0.0,0.0,2.4,344.0,Idle,Cryptojacking,OneZeroMiner (GPU),HP Victus 16-d0417nf,Open Hardware Monitor,1
00:27:14.000,42.0,42.0,41.0,41.0,48.0,8.2,4.0,0.0,15.7,66.0,0.0,0.0,2.4,346.0,Idle,Cryptojacking,OneZeroMiner (GPU),HP Victus 16-d0417nf,Open Hardware Monitor,1
00:27:16.000,42.0,42.0,41.0,41.0,49.0,7.9,3.6,0.0,12.1,65.9,46.0,0.0,2.4,348.0,Idle,Cryptojacking,OneZeroMiner (GPU),HP Victus 16-d0417nf,Open Hardware Monitor,1
00:27:18.000,46.0,43.0,45.0,42.0,49.0,10.2,6.1,0.0,18.6,66.3,0.0,0.0,2.4,350.0,Idle,Cryptojacking,OneZeroMiner (GPU),HP Victus 16-d0417nf,Open Hardware Monitor,1
00:27:20.000,42.0,45.0,41.0,43.0,48.0,8.0,3.9,0.1,11.2,66.6,46.0,0.0,2.4,352.0,Idle,Cryptojacking,OneZeroMiner (GPU),HP Victus 16-d0417nf,Open Hardware Monitor,1
00:27:22.000,43.0,45.0,40.0,42.0,49.0,6.8,2.8,0.1,8.8,66.5,46.0,0.0,2.4,354.0,Idle,Cryptojacking,OneZeroMiner (GPU),HP Victus 16-d0417nf,Open Hardware Monitor,1
00:27:24.000,42.0,42.0,41.0,42.0,49.0,8.0,3.9,0.1,11.2,66.6,0.0,0.0,2.4,356.0,Idle,Cryptojacking,OneZeroMiner (GPU),HP Victus 16-d0417nf,Open Hardware Monitor,1
00:27:26.000,41.0,41.0,41.0,41.0,47.0,6.5,2.4,0.1,9.1,66.7,0.0,0.0,2.4,358.0,Idle,Cryptojacking,OneZeroMiner (GPU),HP Victus 16-d0417nf,Open Hardware Monitor,1
00:27:28.000,41.0,41.0,40.0,41.0,49.0,5.8,2.1,0.0,6.4,66.7,46.0,0.0,2.4,360.0,Idle,Cryptojacking,OneZeroMiner (GPU),HP Victus 16-d0417nf,Open Hardware Monitor,1
00:27:30.000,42.0,43.0,42.0,43.0,49.0,6.7,2.6,0.0,9.3,66.7,46.0,0.0,2.4,362.0,Idle,Cryptojacking,OneZeroMiner (GPU),HP Victus 16-d0417nf,Open Hardware Monitor,1
00:27:32.000,42.0,42.0,41.0,41.0,49.0,6.6,3.1,0.0,9.5,66.6,47.0,0.0,2.4,364.0,Idle,Cryptojacking,OneZeroMiner (GPU),HP Victus 16-d0417nf,Open Hardware Monitor,1
00:27:34.000,40.0,42.0,40.0,41.0,49.0,5.7,2.2,0.0,7.4,66.6,0.0,0.0,2.4,366.0,Idle,Cryptojacking,OneZeroMiner (GPU),HP Victus 16-d0417nf,Open Hardware Monitor,1
00:27:36.000,42.0,43.0,41.0,43.0,48.0,7.6,3.2,0.2,10.8,66.5,0.0,0.0,2.4,368.0,Idle,Cryptojacking,OneZeroMiner (GPU),HP Victus 16-d0417nf,Open Hardware Monitor,1
00:27:38.000,41.0,42.0,42.0,42.0,48.0,6.8,2.7,0.1,9.3,66.5,46.0,0.0,2.4,370.0,Idle,Cryptojacking,OneZeroMiner (GPU),HP Victus 16-d0417nf,Open Hardware Monitor,1
00:27:40.000,40.0,41.0,41.0,41.0,48.0,9.1,4.9,0.1,14.4,66.5,0.0,0.0,2.4,372.0,Idle,Cryptojacking,OneZeroMiner (GPU),HP Victus 16-d0417nf,Open Hardware Monitor,1
00:27:42.000,40.0,41.0,41.0,43.0,49.0,6.1,2.3,0.1,6.5,66.3,0.0,0.0,2.4,374.0,Idle,Cryptojacking,OneZeroMiner (GPU),HP Victus 16-d0417nf,Open Hardware Monitor,1
00:27:44.000,42.0,43.0,41.0,42.0,49.0,10.3,5.9,0.0,18.4,66.2,47.0,0.0,2.4,376.0,Idle,Cryptojacking,OneZeroMiner (GPU),HP Victus 16-d0417nf,Open Hardware Monitor,1
00:27:46.000,43.0,45.0,41.0,42.0,48.0,8.9,4.7,0.1,13.9,66.1,0.0,0.0,2.4,378.0,Idle,Cryptojacking,OneZeroMiner (GPU),HP Victus 16-d0417nf,Open Hardware Monitor,1
00:27:48.000,43.0,43.0,41.0,42.0,49.0,8.0,4.0,0.1,12.8,66.2,47.0,0.0,2.4,380.0,Idle,Cryptojacking,OneZeroMiner (GPU),HP Victus 16-d0417nf,Open Hardware Monitor,1
00:27:50.000,41.0,42.0,41.0,41.0,49.0,8.9,4.8,0.2,17.6,66.4,47.0,0.0,2.4,382.0,Idle,Cryptojacking,OneZeroMiner (GPU),HP Victus 16-d0417nf,Open Hardware Monitor,1
00:27:52.000,43.0,45.0,43.0,43.0,49.0,9.8,5.5,0.1,19.5,66.3,0.0,0.0,2.4,384.0,Idle,Cryptojacking,OneZeroMiner (GPU),HP Victus 16-d0417nf,Open Hardware Monitor,1
00:27:54.000,40.0,42.0,42.0,41.0,47.0,7.8,4.1,0.0,10.9,66.4,47.0,0.0,2.4,386.0,Idle,Cryptojacking,OneZeroMiner (GPU),HP Victus 16-d0417nf,Open Hardware Monitor,1
00:27:56.000,41.0,42.0,41.0,43.0,49.0,7.1,3.6,0.0,9.9,66.4,0.0,0.0,2.4,388.0,Idle,Cryptojacking,OneZeroMiner (GPU),HP Victus 16-d0417nf,Open Hardware Monitor,1
00:27:58.000,46.0,47.0,46.0,44.0,48.0,12.1,7.4,0.1,22.8,66.5,47.0,0.0,2.4,390.0,Idle,Cryptojacking,OneZeroMiner (GPU),HP Victus 16-d0417nf,Open Hardware Monitor,1
00:28:00.000,47.0,42.0,42.0,41.0,49.0,9.2,5.4,0.0,15.0,67.1,0.0,0.0,2.4,392.0,Idle,Cryptojacking,OneZeroMiner (GPU),HP Victus 16-d0417nf,Open Hardware Monitor,1
00:28:02.000,46.0,45.0,43.0,45.0,48.0,8.8,5.3,0.0,18.4,66.9,47.0,0.0,2.4,394.0,Idle,Cryptojacking,OneZeroMiner (GPU),HP Victus 16-d0417nf,Open Hardware Monitor,1
00:28:04.000,43.0,42.0,42.0,42.0,49.0,9.1,4.8,0.0,13.1,66.6,47.0,0.0,2.4,396.0,Idle,Cryptojacking,OneZeroMiner (GPU),HP Victus 16-d0417nf,Open Hardware Monitor,1
00:28:06.000,41.0,42.0,41.0,41.0,49.0,7.7,3.5,0.0,10.6,65.9,46.0,0.0,2.4,398.0,Idle,Cryptojacking,OneZeroMiner (GPU),HP Victus 16-d0417nf,Open Hardware Monitor,1
00:28:08.000,48.0,48.0,46.0,46.0,49.0,12.1,7.3,0.2,26.0,66.0,47.0,0.0,2.4,400.0,Idle,Cryptojacking,OneZeroMiner (GPU),HP Victus 16-d0417nf,Open Hardware Monitor,1
00:28:10.000,42.0,42.0,41.0,42.0,49.0,7.3,3.6,0.0,10.7,66.0,47.0,0.0,2.4,402.0,Idle,Cryptojacking,OneZeroMiner (GPU),HP Victus 16-d0417nf,Open Hardware Monitor,1
00:28:12.000,42.0,43.0,41.0,42.0,48.0,7.1,3.4,0.0,10.2,66.0,47.0,0.0,2.4,404.0,Idle,Cryptojacking,OneZeroMiner (GPU),HP Victus 16-d0417nf,Open Hardware Monitor,1
00:28:14.000,42.0,42.0,41.0,41.0,49.0,7.7,3.9,0.0,11.9,65.9,47.0,0.0,2.4,406.0,Idle,Cryptojacking,OneZeroMiner (GPU),HP Victus 16-d0417nf,Open Hardware Monitor,1
00:28:16.000,42.0,42.0,41.0,41.0,49.0,5.7,2.1,0.0,6.7,66.0,46.0,0.0,2.4,408.0,Idle,Cryptojacking,OneZeroMiner (GPU),HP Victus 16-d0417nf,Open Hardware Monitor,1
00:28:18.000,40.0,42.0,41.0,42.0,48.0,6.1,2.4,0.0,7.8,65.6,46.0,0.0,2.4,410.0,Idle,Cryptojacking,OneZeroMiner (GPU),HP Victus 16-d0417nf,Open Hardware Monitor,1
00:28:20.000,42.0,43.0,41.0,42.0,48.0,8.1,3.7,0.0,10.5,65.5,46.0,0.0,2.4,412.0,Idle,Cryptojacking,OneZeroMiner (GPU),HP Victus 16-d0417nf,Open Hardware Monitor,1
00:28:22.000,40.0,41.0,41.0,41.0,49.0,4.5,1.4,0.1,4.7,65.6,46.0,0.0,2.4,414.0,Idle,Cryptojacking,OneZeroMiner (GPU),HP Victus 16-d0417nf,Open Hardware Monitor,1
00:28:24.000,40.0,41.0,42.0,40.0,49.0,4.4,1.5,0.1,3.3,65.5,46.0,0.0,2.4,416.0,Idle,Cryptojacking,OneZeroMiner (GPU),HP Victus 16-d0417nf,Open Hardware Monitor,1
00:28:26.000,41.0,42.0,41.0,42.0,48.0,6.0,2.8,0.0,9.7,65.5,0.0,0.0,2.4,418.0,Idle,Cryptojacking,OneZeroMiner (GPU),HP Victus 16-d0417nf,Open Hardware Monitor,1
00:28:28.000,41.0,41.0,40.0,40.0,47.0,4.5,1.4,0.1,4.1,65.5,46.0,0.0,2.4,420.0,Idle,Cryptojacking,OneZeroMiner (GPU),HP Victus 16-d0417nf,Open Hardware Monitor,1
00:28:30.000,40.0,41.0,41.0,41.0,47.0,4.3,1.2,0.1,4.4,65.5,46.0,0.0,2.4,422.0,Idle,Cryptojacking,OneZeroMiner (GPU),HP Victus 16-d0417nf,Open Hardware Monitor,1
00:28:32.000,41.0,41.0,40.0,41.0,47.0,4.8,1.7,0.1,3.9,65.4,46.0,0.0,2.4,424.0,Idle,Cryptojacking,OneZeroMiner (GPU),HP Victus 16-d0417nf,Open Hardware Monitor,1
00:28:34.000,40.0,40.0,40.0,41.0,47.0,4.2,1.1,0.1,3.7,65.4,46.0,0.0,2.4,426.0,Idle,Cryptojacking,OneZeroMiner (GPU),HP Victus 16-d0417nf,Open Hardware Monitor,1
00:28:36.000,40.0,41.0,40.0,41.0,47.0,4.6,1.4,0.1,5.0,65.4,46.0,0.0,2.4,428.0,Idle,Cryptojacking,OneZeroMiner (GPU),HP Victus 16-d0417nf,Open Hardware Monitor,1
00:28:38.000,41.0,41.0,41.0,41.0,48.0,4.9,1.8,0.0,5.5,65.4,0.0,0.0,2.4,430.0,Idle,Cryptojacking,OneZeroMiner (GPU),HP Victus 16-d0417nf,Open Hardware Monitor,1
00:28:40.000,40.0,41.0,40.0,41.0,47.0,4.3,1.3,0.1,4.7,65.4,0.0,0.0,2.4,432.0,Idle,Cryptojacking,OneZeroMiner (GPU),HP Victus 16-d0417nf,Open Hardware Monitor,1
00:28:42.000,41.0,42.0,41.0,40.0,47.0,4.4,1.5,0.1,6.0,65.4,0.0,0.0,2.4,434.0,Idle,Cryptojacking,OneZeroMiner (GPU),HP Victus 16-d0417nf,Open Hardware Monitor,1
00:28:44.000,40.0,42.0,40.0,41.0,48.0,4.4,1.4,0.1,4.3,65.4,0.0,0.0,2.4,436.0,Idle,Cryptojacking,OneZeroMiner (GPU),HP Victus 16-d0417nf,Open Hardware Monitor,1
00:28:46.000,40.0,40.0,41.0,40.0,47.0,4.2,1.1,0.1,3.4,65.4,46.0,0.0,2.4,438.0,Idle,Cryptojacking,OneZeroMiner (GPU),HP Victus 16-d0417nf,Open Hardware Monitor,1
00:28:48.000,40.0,41.0,41.0,40.0,47.0,4.4,1.4,0.1,4.8,65.4,46.0,0.0,2.4,440.0,Idle,Cryptojacking,OneZeroMiner (GPU),HP Victus 16-d0417nf,Open Hardware Monitor,1
00:28:50.000,40.0,41.0,40.0,41.0,49.0,5.7,2.6,0.0,8.3,65.4,46.0,0.0,2.4,442.0,Idle,Cryptojacking,OneZeroMiner (GPU),HP Victus 16-d0417nf,Open Hardware Monitor,1
00:28:52.000,41.0,41.0,40.0,41.0,47.0,6.1,2.9,0.0,9.1,65.4,46.0,0.0,2.4,444.0,Idle,Cryptojacking,OneZeroMiner (GPU),HP Victus 16-d0417nf,Open Hardware Monitor,1
00:28:54.000,40.0,41.0,39.0,40.0,47.0,4.0,1.0,0.1,5.1,65.4,46.0,0.0,2.4,446.0,Idle,Cryptojacking,OneZeroMiner (GPU),HP Victus 16-d0417nf,Open Hardware Monitor,1
00:28:56.000,40.0,41.0,41.0,40.0,47.0,4.4,1.3,0.1,5.2,65.4,46.0,0.0,2.4,448.0,Idle,Cryptojacking,OneZeroMiner (GPU),HP Victus 16-d0417nf,Open Hardware Monitor,1
00:28:58.000,40.0,42.0,40.0,40.0,48.0,4.5,1.4,0.1,5.5,65.4,45.0,0.0,2.4,450.0,Attack,Cryptojacking,OneZeroMiner (GPU),HP Victus 16-d0417nf,Open Hardware Monitor,1
00:29:00.000,40.0,42.0,41.0,41.0,48.0,4.0,1.0,0.1,4.6,65.4,0.0,0.0,2.4,452.0,Attack,Cryptojacking,OneZeroMiner (GPU),HP Victus 16-d0417nf,Open Hardware Monitor,1
00:29:02.000,40.0,41.0,40.0,41.0,47.0,4.4,1.4,0.1,4.0,65.4,45.0,0.0,2.4,454.0,Attack,Cryptojacking,OneZeroMiner (GPU),HP Victus 16-d0417nf,Open Hardware Monitor,1
00:29:04.000,40.0,40.0,40.0,41.0,47.0,4.2,1.4,0.1,4.1,65.4,0.0,0.0,2.4,456.0,Attack,Cryptojacking,OneZeroMiner (GPU),HP Victus 16-d0417nf,Open Hardware Monitor,1
00:29:06.000,40.0,44.0,41.0,41.0,48.0,6.3,2.8,0.0,8.3,65.4,46.0,0.0,2.4,458.0,Attack,Cryptojacking,OneZeroMiner (GPU),HP Victus 16-d0417nf,Open Hardware Monitor,1
00:29:08.000,40.0,40.0,40.0,40.0,48.0,4.0,1.1,0.1,3.7,65.4,45.0,0.0,2.4,460.0,Attack,Cryptojacking,OneZeroMiner (GPU),HP Victus 16-d0417nf,Open Hardware Monitor,1
00:29:10.000,39.0,41.0,40.0,40.0,47.0,4.3,1.3,0.1,4.1,65.4,0.0,0.0,2.4,462.0,Attack,Cryptojacking,OneZeroMiner (GPU),HP Victus 16-d0417nf,Open Hardware Monitor,1
00:29:12.000,43.0,41.0,40.0,40.0,47.0,6.3,3.0,0.0,12.1,65.4,46.0,0.0,2.4,464.0,Attack,Cryptojacking,OneZeroMiner (GPU),HP Victus 16-d0417nf,Open Hardware Monitor,1
00:29:14.000,41.0,41.0,40.0,41.0,48.0,5.2,1.7,0.0,7.2,65.4,45.0,0.0,2.4,466.0,Attack,Cryptojacking,OneZeroMiner (GPU),HP Victus 16-d0417nf,Open Hardware Monitor,1
00:29:16.000,40.0,42.0,41.0,40.0,48.0,7.3,3.3,0.1,11.4,65.6,45.0,0.0,2.4,468.0,Attack,Cryptojacking,OneZeroMiner (GPU),HP Victus 16-d0417nf,Open Hardware Monitor,1
00:29:18.000,42.0,41.0,40.0,41.0,47.0,5.3,1.8,0.0,7.0,65.7,0.0,0.0,2.4,470.0,Attack,Cryptojacking,OneZeroMiner (GPU),HP Victus 16-d0417nf,Open Hardware Monitor,1
00:29:20.000,40.0,40.0,40.0,41.0,48.0,5.3,1.9,0.0,7.4,65.5,45.0,0.0,2.4,472.0,Attack,Cryptojacking,OneZeroMiner (GPU),HP Victus 16-d0417nf,Open Hardware Monitor,1
00:29:22.000,46.0,44.0,43.0,42.0,49.0,11.5,6.8,0.0,17.6,65.7,45.0,0.0,2.4,474.0,Attack,Cryptojacking,OneZeroMiner (GPU),HP Victus 16-d0417nf,Open Hardware Monitor,1
00:29:24.000,40.0,43.0,41.0,41.0,47.0,6.5,3.0,0.0,9.0,65.7,46.0,0.0,2.4,476.0,Attack,Cryptojacking,OneZeroMiner (GPU),HP Victus 16-d0417nf,Open Hardware Monitor,1
00:29:26.000,40.0,41.0,40.0,41.0,48.0,5.6,2.0,0.0,7.2,65.7,46.0,0.0,2.4,478.0,Attack,Cryptojacking,OneZeroMiner (GPU),HP Victus 16-d0417nf,Open Hardware Monitor,1
00:29:28.000,40.0,42.0,40.0,41.0,47.0,5.3,1.7,0.0,6.3,65.7,45.0,0.0,2.4,480.0,Attack,Cryptojacking,OneZeroMiner (GPU),HP Victus 16-d0417nf,Open Hardware Monitor,1
00:29:30.000,41.0,42.0,40.0,41.0,48.0,6.5,2.6,0.1,9.5,65.8,45.0,0.0,2.4,482.0,Attack,Cryptojacking,OneZeroMiner (GPU),HP Victus 16-d0417nf,Open Hardware Monitor,1
00:29:32.000,40.0,42.0,40.0,41.0,48.0,6.1,2.4,0.0,9.1,66.0,45.0,0.0,2.4,484.0,Attack,Cryptojacking,OneZeroMiner (GPU),HP Victus 16-d0417nf,Open Hardware Monitor,1
00:29:34.000,43.0,48.0,45.0,43.0,48.0,8.7,4.7,0.1,13.3,65.8,46.0,0.0,2.4,486.0,Attack,Cryptojacking,OneZeroMiner (GPU),HP Victus 16-d0417nf,Open Hardware Monitor,1
00:29:36.000,45.0,41.0,41.0,41.0,48.0,9.0,5.3,0.0,18.0,66.6,46.0,0.0,2.4,488.0,Attack,Cryptojacking,OneZeroMiner (GPU),HP Victus 16-d0417nf,Open Hardware Monitor,1
00:29:38.000,41.0,44.0,40.0,42.0,47.0,7.2,3.8,0.0,12.1,66.8,45.0,0.0,2.4,490.0,Attack,Cryptojacking,OneZeroMiner (GPU),HP Victus 16-d0417nf,Open Hardware Monitor,1
00:29:40.000,43.0,43.0,41.0,42.0,48.0,8.7,5.1,0.0,20.7,67.1,46.0,0.0,2.4,492.0,Attack,Cryptojacking,OneZeroMiner (GPU),HP Victus 16-d0417nf,Open Hardware Monitor,1
00:29:42.000,42.0,43.0,40.0,42.0,48.0,5.4,2.0,0.1,6.1,67.1,46.0,0.0,2.4,494.0,Attack,Cryptojacking,OneZeroMiner (GPU),HP Victus 16-d0417nf,Open Hardware Monitor,1
00:29:44.000,40.0,41.0,41.0,41.0,48.0,5.7,1.3,0.1,4.7,67.7,46.0,100.0,85.3,496.0,Attack,Cryptojacking,OneZeroMiner (GPU),HP Victus 16-d0417nf,Open Hardware Monitor,1
00:29:46.000,41.0,42.0,41.0,41.0,48.0,5.9,1.5,0.1,7.3,67.7,47.0,100.0,85.3,498.0,Attack,Cryptojacking,OneZeroMiner (GPU),HP Victus 16-d0417nf,Open Hardware Monitor,1
00:29:48.000,41.0,42.0,41.0,41.0,48.0,7.1,2.3,0.1,9.2,67.8,47.0,100.0,85.3,500.0,Attack,Cryptojacking,OneZeroMiner (GPU),HP Victus 16-d0417nf,Open Hardware Monitor,1
00:29:50.000,42.0,43.0,40.0,41.0,48.0,6.6,1.8,0.1,8.1,67.9,47.0,100.0,85.3,502.0,Attack,Cryptojacking,OneZeroMiner (GPU),HP Victus 16-d0417nf,Open Hardware Monitor,1
00:29:52.000,45.0,45.0,42.0,41.0,47.0,8.1,3.4,0.2,12.0,67.8,47.0,100.0,85.3,504.0,Attack,Cryptojacking,OneZeroMiner (GPU),HP Victus 16-d0417nf,Open Hardware Monitor,1
00:29:54.000,44.0,48.0,43.0,43.0,48.0,7.7,3.2,0.1,9.6,67.8,47.0,100.0,85.3,506.0,Attack,Cryptojacking,OneZeroMiner (GPU),HP Victus 16-d0417nf,Open Hardware Monitor,1
00:29:56.000,45.0,45.0,41.0,43.0,49.0,6.5,1.9,0.1,7.7,68.0,47.0,100.0,85.3,508.0,Attack,Cryptojacking,OneZeroMiner (GPU),HP Victus 16-d0417nf,Open Hardware Monitor,1
00:29:58.000,42.0,46.0,44.0,47.0,49.0,10.4,5.2,0.1,14.8,67.9,47.0,100.0,85.3,510.0,Attack,Cryptojacking,OneZeroMiner (GPU),HP Victus 16-d0417nf,Open Hardware Monitor,1
00:30:00.000,46.0,45.0,43.0,43.0,49.0,10.0,5.7,0.0,15.1,68.5,48.0,100.0,85.3,512.0,Attack,Cryptojacking,OneZeroMiner (GPU),HP Victus 16-d0417nf,Open Hardware Monitor,1
00:30:02.000,42.0,43.0,42.0,43.0,50.0,10.7,6.4,0.1,22.5,68.7,48.0,100.0,85.3,514.0,Attack,Cryptojacking,OneZeroMiner (GPU),HP Victus 16-d0417nf,Open Hardware Monitor,1
00:30:04.000,43.0,44.0,42.0,42.0,49.0,11.7,6.4,0.0,8.9,69.2,48.0,100.0,85.3,516.0,Attack,Cryptojacking,OneZeroMiner (GPU),HP Victus 16-d0417nf,Open Hardware Monitor,1
00:30:06.000,47.0,50.0,49.0,44.0,50.0,12.6,7.4,0.1,36.3,69.1,48.0,100.0,85.3,518.0,Attack,Cryptojacking,OneZeroMiner (GPU),HP Victus 16-d0417nf,Open Hardware Monitor,1
00:30:08.000,45.0,50.0,43.0,47.0,50.0,13.4,8.8,0.1,26.3,69.2,48.0,100.0,85.3,520.0,Attack,Cryptojacking,OneZeroMiner (GPU),HP Victus 16-d0417nf,Open Hardware Monitor,1
00:30:10.000,46.0,47.0,45.0,46.0,49.0,14.5,9.6,0.2,28.6,69.7,49.0,100.0,85.3,522.0,Attack,Cryptojacking,OneZeroMiner (GPU),HP Victus 16-d0417nf,Open Hardware Monitor,1
00:30:12.000,48.0,50.0,47.0,51.0,50.0,12.8,7.6,0.0,37.4,70.2,49.0,100.0,85.3,524.0,Attack,Cryptojacking,OneZeroMiner (GPU),HP Victus 16-d0417nf,Open Hardware Monitor,1
00:30:14.000,48.0,50.0,46.0,50.0,50.0,14.7,9.5,0.1,40.6,69.8,49.0,100.0,85.3,526.0,Attack,Cryptojacking,OneZeroMiner (GPU),HP Victus 16-d0417nf,Open Hardware Monitor,1
00:30:16.000,50.0,50.0,47.0,49.0,52.0,13.2,8.9,0.0,46.8,70.1,49.0,100.0,85.3,528.0,Attack,Cryptojacking,OneZeroMiner (GPU),HP Victus 16-d0417nf,Open Hardware Monitor,1
00:30:18.000,46.0,49.0,47.0,51.0,50.0,12.8,8.4,0.0,29.7,70.6,49.0,100.0,85.3,530.0,Attack,Cryptojacking,OneZeroMiner (GPU),HP Victus 16-d0417nf,Open Hardware Monitor,1
00:30:20.000,48.0,49.0,47.0,52.0,52.0,16.6,11.0,0.2,41.6,71.1,49.0,100.0,85.3,532.0,Attack,Cryptojacking,OneZeroMiner (GPU),HP Victus 16-d0417nf,Open Hardware Monitor,1
00:30:22.000,47.0,50.0,48.0,51.0,51.0,14.8,10.5,0.0,47.9,70.6,50.0,100.0,85.3,534.0,Attack,Cryptojacking,OneZeroMiner (GPU),HP Victus 16-d0417nf,Open Hardware Monitor,1
00:30:24.000,46.0,50.0,47.0,52.0,51.0,14.8,10.1,0.3,40.7,71.0,50.0,100.0,85.3,536.0,Attack,Cryptojacking,OneZeroMiner (GPU),HP Victus 16-d0417nf,Open Hardware Monitor,1
00:30:26.000,46.0,48.0,45.0,46.0,51.0,15.2,9.8,0.1,36.5,72.0,50.0,100.0,85.3,538.0,Attack,Cryptojacking,OneZeroMiner (GPU),HP Victus 16-d0417nf,Open Hardware Monitor,1
00:30:28.000,45.0,53.0,46.0,50.0,52.0,13.5,8.3,0.1,35.9,71.0,50.0,100.0,85.3,540.0,Attack,Cryptojacking,OneZeroMiner (GPU),HP Victus 16-d0417nf,Open Hardware Monitor,1
00:30:30.000,48.0,52.0,48.0,52.0,53.0,15.2,11.0,0.1,39.4,71.3,50.0,100.0,85.3,542.0,Attack,Cryptojacking,OneZeroMiner (GPU),HP Victus 16-d0417nf,Open Hardware Monitor,1
00:30:32.000,47.0,50.0,49.0,49.0,51.0,14.6,9.8,0.0,38.5,71.9,50.0,100.0,85.3,544.0,Attack,Cryptojacking,OneZeroMiner (GPU),HP Victus 16-d0417nf,Open Hardware Monitor,1
00:30:34.000,49.0,53.0,50.0,49.0,52.0,13.6,8.4,0.0,27.9,71.5,50.0,100.0,85.3,546.0,Attack,Cryptojacking,OneZeroMiner (GPU),HP Victus 16-d0417nf,Open Hardware Monitor,1
00:30:36.000,50.0,53.0,50.0,48.0,51.0,15.5,11.1,0.0,42.3,70.9,51.0,100.0,85.3,548.0,Attack,Cryptojacking,OneZeroMiner (GPU),HP Victus 16-d0417nf,Open Hardware Monitor,1
00:30:38.000,49.0,52.0,49.0,50.0,52.0,13.6,9.5,0.0,37.4,71.5,51.0,100.0,85.3,550.0,Attack,Cryptojacking,OneZeroMiner (GPU),HP Victus 16-d0417nf,Open Hardware Monitor,1
00:30:40.000,51.0,55.0,50.0,52.0,55.0,15.9,10.3,0.1,38.9,72.2,51.0,100.0,85.3,552.0,Attack,Cryptojacking,OneZeroMiner (GPU),HP Victus 16-d0417nf,Open Hardware Monitor,1
00:30:42.000,50.0,53.0,50.0,51.0,52.0,14.3,9.4,0.0,34.7,71.2,51.0,100.0,85.3,554.0,Attack,Cryptojacking,OneZeroMiner (GPU),HP Victus 16-d0417nf,Open Hardware Monitor,1
00:30:44.000,49.0,54.0,50.0,53.0,53.0,14.3,10.3,0.0,39.6,71.3,51.0,100.0,85.3,556.0,Attack,Cryptojacking,OneZeroMiner (GPU),HP Victus 16-d0417nf,Open Hardware Monitor,1
00:30:46.000,47.0,52.0,48.0,49.0,52.0,13.5,9.1,0.0,36.2,71.4,51.0,100.0,85.3,558.0,Attack,Cryptojacking,OneZeroMiner (GPU),HP Victus 16-d0417nf,Open Hardware Monitor,1
00:30:48.000,47.0,53.0,46.0,48.0,52.0,13.9,8.7,0.0,32.4,72.2,51.0,100.0,85.3,560.0,Attack,Cryptojacking,OneZeroMiner (GPU),HP Victus 16-d0417nf,Open Hardware Monitor,1
00:30:50.000,49.0,53.0,49.0,54.0,53.0,15.3,10.8,0.1,38.0,70.8,51.0,100.0,85.3,562.0,Attack,Cryptojacking,OneZeroMiner (GPU),HP Victus 16-d0417nf,Open Hardware Monitor,1
00:30:52.000,48.0,53.0,47.0,52.0,53.0,15.2,11.1,0.1,40.2,71.5,51.0,100.0,85.3,564.0,Attack,Cryptojacking,OneZeroMiner (GPU),HP Victus 16-d0417nf,Open Hardware Monitor,1
00:30:54.000,49.0,55.0,51.0,57.0,56.0,15.4,10.4,0.1,39.1,72.2,51.0,100.0,85.3,566.0,Attack,Cryptojacking,OneZeroMiner (GPU),HP Victus 16-d0417nf,Open Hardware Monitor,1
00:30:56.000,50.0,53.0,49.0,51.0,52.0,13.0,7.9,0.0,24.4,71.7,52.0,100.0,85.3,568.0,Attack,Cryptojacking,OneZeroMiner (GPU),HP Victus 16-d0417nf,Open Hardware Monitor,1
00:30:58.000,51.0,54.0,50.0,53.0,54.0,14.4,10.4,0.1,36.2,71.1,52.0,100.0,85.3,570.0,Attack,Cryptojacking,OneZeroMiner (GPU),HP Victus 16-d0417nf,Open Hardware Monitor,1
00:31:00.000,50.0,53.0,49.0,49.0,53.0,13.7,9.8,0.0,38.9,71.6,52.0,100.0,85.3,572.0,Attack,Cryptojacking,OneZeroMiner (GPU),HP Victus 16-d0417nf,Open Hardware Monitor,1
00:31:02.000,48.0,55.0,49.0,50.0,54.0,14.9,9.4,0.1,37.2,72.4,52.0,100.0,85.3,574.0,Attack,Cryptojacking,OneZeroMiner (GPU),HP Victus 16-d0417nf,Open Hardware Monitor,1
00:31:04.000,48.0,54.0,50.0,53.0,53.0,14.4,10.0,0.0,36.7,70.6,52.0,100.0,85.3,576.0,Attack,Cryptojacking,OneZeroMiner (GPU),HP Victus 16-d0417nf,Open Hardware Monitor,1
00:31:06.000,51.0,54.0,52.0,50.0,54.0,13.1,9.2,0.0,36.1,71.3,52.0,100.0,85.3,578.0,Attack,Cryptojacking,OneZeroMiner (GPU),HP Victus 16-d0417nf,Open Hardware Monitor,1
00:31:08.000,50.0,54.0,51.0,54.0,55.0,16.0,11.3,0.0,37.1,71.6,52.0,100.0,85.3,580.0,Attack,Cryptojacking,OneZeroMiner (GPU),HP Victus 16-d0417nf,Open Hardware Monitor,1
00:31:10.000,50.0,51.0,49.0,51.0,52.0,15.0,9.8,0.0,32.5,71.4,52.0,100.0,85.3,582.0,Attack,Cryptojacking,OneZeroMiner (GPU),HP Victus 16-d0417nf,Open Hardware Monitor,1
00:31:12.000,48.0,56.0,51.0,50.0,55.0,14.6,10.6,0.0,39.1,71.0,52.0,100.0,85.3,584.0,Attack,Cryptojacking,OneZeroMiner (GPU),HP Victus 16-d0417nf,Open Hardware Monitor,1
00:31:14.000,47.0,54.0,49.0,52.0,55.0,13.8,9.9,0.0,36.1,71.3,52.0,100.0,85.3,586.0,Attack,Cryptojacking,OneZeroMiner (GPU),HP Victus 16-d0417nf,Open Hardware Monitor,1
00:31:16.000,53.0,53.0,48.0,49.0,53.0,16.2,10.6,0.1,33.7,72.2,52.0,100.0,85.3,588.0,Attack,Cryptojacking,OneZeroMiner (GPU),HP Victus 16-d0417nf,Open Hardware Monitor,1
00:31:18.000,50.0,55.0,50.0,56.0,55.0,15.5,10.7,0.0,41.3,70.5,51.0,100.0,85.3,590.0,Attack,Cryptojacking,OneZeroMiner (GPU),HP Victus 16-d0417nf,Open Hardware Monitor,1
00:31:20.000,48.0,52.0,50.0,54.0,52.0,14.8,10.7,0.0,38.6,71.3,52.0,100.0,85.3,592.0,Attack,Cryptojacking,OneZeroMiner (GPU),HP Victus 16-d0417nf,Open Hardware Monitor,1
00:31:22.000,48.0,53.0,51.0,48.0,52.0,13.9,9.8,0.0,37.1,71.6,51.0,100.0,85.3,594.0,Attack,Cryptojacking,OneZeroMiner (GPU),HP Victus 16-d0417nf,Open Hardware Monitor,1
00:31:24.000,48.0,54.0,49.0,48.0,53.0,11.1,6.2,0.0,26.2,72.3,51.0,100.0,85.3,596.0,Attack,Cryptojacking,OneZeroMiner (GPU),HP Victus 16-d0417nf,Open Hardware Monitor,1
00:31:26.000,50.0,49.0,51.0,54.0,52.0,13.4,9.7,0.0,37.5,70.6,51.0,100.0,85.3,598.0,Attack,Cryptojacking,OneZeroMiner (GPU),HP Victus 16-d0417nf,Open Hardware Monitor,1
00:31:28.000,49.0,54.0,47.0,50.0,54.0,14.5,10.2,0.0,42.7,70.4,51.0,100.0,85.3,600.0,Attack,Cryptojacking,OneZeroMiner (GPU),HP Victus 16-d0417nf,Open Hardware Monitor,1
00:31:30.000,50.0,53.0,49.0,53.0,54.0,15.6,10.0,0.1,34.6,71.2,51.0,100.0,85.3,602.0,Attack,Cryptojacking,OneZeroMiner (GPU),HP Victus 16-d0417nf,Open Hardware Monitor,1
00:31:32.000,49.0,53.0,50.0,53.0,53.0,12.0,7.0,0.0,20.6,70.5,51.0,100.0,85.3,604.0,Attack,Cryptojacking,OneZeroMiner (GPU),HP Victus 16-d0417nf,Open Hardware Monitor,1
00:31:34.000,50.0,53.0,51.0,52.0,53.0,13.9,10.2,0.0,37.2,70.2,51.0,100.0,85.3,606.0,Attack,Cryptojacking,OneZeroMiner (GPU),HP Victus 16-d0417nf,Open Hardware Monitor,1
00:31:36.000,48.0,52.0,49.0,50.0,53.0,16.2,11.7,0.0,45.2,70.4,51.0,100.0,85.3,608.0,Attack,Cryptojacking,OneZeroMiner (GPU),HP Victus 16-d0417nf,Open Hardware Monitor,1
00:31:38.000,50.0,54.0,48.0,48.0,52.0,15.4,10.0,0.0,34.1,71.4,51.0,100.0,85.3,610.0,Attack,Cryptojacking,OneZeroMiner (GPU),HP Victus 16-d0417nf,Open Hardware Monitor,1
00:31:40.000,52.0,54.0,52.0,52.0,52.0,14.3,9.5,0.0,29.3,69.8,51.0,100.0,85.3,612.0,Attack,Cryptojacking,OneZeroMiner (GPU),HP Victus 16-d0417nf,Open Hardware Monitor,1
00:31:42.000,50.0,53.0,51.0,52.0,54.0,14.8,10.7,0.0,38.5,70.5,51.0,100.0,85.3,614.0,Attack,Cryptojacking,OneZeroMiner (GPU),HP Victus 16-d0417nf,Open Hardware Monitor,1
00:31:44.000,52.0,52.0,51.0,49.0,51.0,13.5,9.3,0.0,36.0,70.9,51.0,100.0,85.3,616.0,Attack,Cryptojacking,OneZeroMiner (GPU),HP Victus 16-d0417nf,Open Hardware Monitor,1
00:31:46.000,47.0,49.0,47.0,47.0,51.0,12.2,7.2,0.0,24.9,71.5,51.0,100.0,85.3,618.0,Attack,Cryptojacking,OneZeroMiner (GPU),HP Victus 16-d0417nf,Open Hardware Monitor,1
00:31:48.000,52.0,51.0,50.0,48.0,52.0,14.2,9.9,0.0,37.6,70.0,51.0,100.0,85.3,620.0,Attack,Cryptojacking,OneZeroMiner (GPU),HP Victus 16-d0417nf,Open Hardware Monitor,1
00:31:50.000,50.0,53.0,50.0,48.0,52.0,14.2,10.3,0.0,36.9,70.6,51.0,100.0,85.3,622.0,Attack,Cryptojacking,OneZeroMiner (GPU),HP Victus 16-d0417nf,Open Hardware Monitor,1
00:31:52.000,50.0,52.0,50.0,52.0,54.0,16.8,11.3,0.0,43.1,71.2,51.0,100.0,85.3,624.0,Attack,Cryptojacking,OneZeroMiner (GPU),HP Victus 16-d0417nf,Open Hardware Monitor,1
00:31:54.000,47.0,52.0,47.0,47.0,52.0,9.7,5.0,0.0,15.5,71.0,51.0,100.0,85.3,626.0,Attack,Cryptojacking,OneZeroMiner (GPU),HP Victus 16-d0417nf,Open Hardware Monitor,1
00:31:56.000,47.0,53.0,50.0,52.0,53.0,13.6,9.8,0.0,35.8,69.9,51.0,100.0,85.3,628.0,Attack,Cryptojacking,OneZeroMiner (GPU),HP Victus 16-d0417nf,Open Hardware Monitor,1
00:31:58.000,48.0,52.0,49.0,52.0,51.0,13.0,9.0,0.0,35.9,70.4,51.0,100.0,85.3,630.0,Attack,Cryptojacking,OneZeroMiner (GPU),HP Victus 16-d0417nf,Open Hardware Monitor,1
00:32:00.000,48.0,53.0,50.0,51.0,54.0,15.1,9.5,0.1,34.8,71.3,51.0,100.0,85.3,632.0,Attack,Cryptojacking,OneZeroMiner (GPU),HP Victus 16-d0417nf,Open Hardware Monitor,1
00:32:02.000,50.0,50.0,52.0,51.0,52.0,12.9,7.9,0.0,24.5,70.3,51.0,100.0,85.3,634.0,Attack,Cryptojacking,OneZeroMiner (GPU),HP Victus 16-d0417nf,Open Hardware Monitor,1
00:32:04.000,49.0,53.0,50.0,52.0,53.0,13.8,10.0,0.0,37.5,70.3,51.0,100.0,85.3,636.0,Attack,Cryptojacking,OneZeroMiner (GPU),HP Victus 16-d0417nf,Open Hardware Monitor,1
00:32:06.000,47.0,50.0,48.0,51.0,52.0,12.8,8.9,0.0,35.9,70.4,51.0,100.0,85.3,638.0,Attack,Cryptojacking,OneZeroMiner (GPU),HP Victus 16-d0417nf,Open Hardware Monitor,1
00:32:08.000,50.0,52.0,49.0,48.0,53.0,17.1,11.4,0.0,45.6,71.2,51.0,100.0,85.3,640.0,Attack,Cryptojacking,OneZeroMiner (GPU),HP Victus 16-d0417nf,Open Hardware Monitor,1
00:32:10.000,47.0,50.0,50.0,50.0,52.0,14.7,10.2,0.0,36.3,69.9,51.0,100.0,85.3,642.0,Attack,Cryptojacking,OneZeroMiner (GPU),HP Victus 16-d0417nf,Open Hardware Monitor,1
00:32:12.000,46.0,52.0,49.0,52.0,54.0,14.0,10.1,0.0,36.3,70.7,51.0,100.0,85.3,644.0,Attack,Cryptojacking,OneZeroMiner (GPU),HP Victus 16-d0417nf,Open Hardware Monitor,1
00:32:14.000,49.0,50.0,47.0,49.0,50.0,12.9,8.5,0.0,36.1,71.0,51.0,100.0,85.3,646.0,Attack,Cryptojacking,OneZeroMiner (GPU),HP Victus 16-d0417nf,Open Hardware Monitor,1
00:32:16.000,47.0,49.0,45.0,47.0,51.0,11.5,6.5,0.0,25.6,71.1,51.0,100.0,85.3,648.0,Attack,Cryptojacking,OneZeroMiner (GPU),HP Victus 16-d0417nf,Open Hardware Monitor,1
00:32:18.000,52.0,53.0,50.0,52.0,52.0,13.5,9.5,0.0,37.5,69.9,51.0,100.0,85.3,650.0,Attack,Cryptojacking,OneZeroMiner (GPU),HP Victus 16-d0417nf,Open Hardware Monitor,1
00:32:20.000,49.0,53.0,50.0,52.0,53.0,14.2,10.4,0.0,37.6,70.6,51.0,100.0,85.3,652.0,Attack,Cryptojacking,OneZeroMiner (GPU),HP Victus 16-d0417nf,Open Hardware Monitor,1
00:32:22.000,50.0,55.0,49.0,50.0,55.0,16.6,11.2,0.0,42.7,71.2,51.0,100.0,85.3,654.0,Attack,Cryptojacking,OneZeroMiner (GPU),HP Victus 16-d0417nf,Open Hardware Monitor,1
00:32:24.000,49.0,49.0,49.0,49.0,52.0,11.0,6.3,0.0,20.4,70.6,51.0,100.0,85.3,656.0,Attack,Cryptojacking,OneZeroMiner (GPU),HP Victus 16-d0417nf,Open Hardware Monitor,1
00:32:26.000,52.0,52.0,47.0,52.0,52.0,15.2,11.2,0.0,38.6,70.2,51.0,100.0,85.3,658.0,Attack,Cryptojacking,OneZeroMiner (GPU),HP Victus 16-d0417nf,Open Hardware Monitor,1
00:32:28.000,49.0,53.0,47.0,48.0,53.0,13.4,9.4,0.0,35.6,70.5,51.0,100.0,85.3,660.0,Attack,Cryptojacking,OneZeroMiner (GPU),HP Victus 16-d0417nf,Open Hardware Monitor,1
00:32:30.000,48.0,52.0,50.0,49.0,51.0,14.2,8.8,0.0,32.6,71.3,51.0,100.0,85.3,662.0,Attack,Cryptojacking,OneZeroMiner (GPU),HP Victus 16-d0417nf,Open Hardware Monitor,1
00:32:32.000,50.0,50.0,49.0,51.0,51.0,13.9,9.1,0.0,31.1,69.8,51.0,100.0,85.3,664.0,Attack,Cryptojacking,OneZeroMiner (GPU),HP Victus 16-d0417nf,Open Hardware Monitor,1
00:32:34.000,50.0,51.0,47.0,51.0,52.0,14.0,10.2,0.0,37.1,70.3,51.0,100.0,85.3,666.0,Attack,Cryptojacking,OneZeroMiner (GPU),HP Victus 16-d0417nf,Open Hardware Monitor,1
00:32:36.000,49.0,53.0,47.0,51.0,53.0,14.0,9.4,0.0,39.0,70.6,51.0,100.0,85.3,668.0,Attack,Cryptojacking,OneZeroMiner (GPU),HP Victus 16-d0417nf,Open Hardware Monitor,1
00:32:38.000,47.0,51.0,46.0,52.0,52.0,16.5,11.0,0.0,36.9,70.8,51.0,100.0,85.3,670.0,Attack,Cryptojacking,OneZeroMiner (GPU),HP Victus 16-d0417nf,Open Hardware Monitor,1
00:32:40.000,50.0,51.0,50.0,52.0,52.0,14.3,9.9,0.0,37.1,69.7,51.0,100.0,85.3,672.0,Attack,Cryptojacking,OneZeroMiner (GPU),HP Victus 16-d0417nf,Open Hardware Monitor,1
00:32:42.000,47.0,52.0,50.0,52.0,53.0,13.7,9.7,0.0,36.6,70.6,51.0,100.0,85.3,674.0,Attack,Cryptojacking,OneZeroMiner (GPU),HP Victus 16-d0417nf,Open Hardware Monitor,1
00:32:44.000,49.0,50.0,49.0,48.0,51.0,13.8,9.2,0.0,35.0,71.1,51.0,100.0,85.3,676.0,Attack,Cryptojacking,OneZeroMiner (GPU),HP Victus 16-d0417nf,Open Hardware Monitor,1
00:32:46.000,50.0,53.0,48.0,48.0,51.0,12.5,7.7,0.0,26.3,70.7,51.0,100.0,85.3,678.0,Attack,Cryptojacking,OneZeroMiner (GPU),HP Victus 16-d0417nf,Open Hardware Monitor,1
00:32:48.000,49.0,53.0,50.0,49.0,53.0,13.0,9.1,0.0,36.7,70.1,51.0,100.0,85.3,680.0,Attack,Cryptojacking,OneZeroMiner (GPU),HP Victus 16-d0417nf,Open Hardware Monitor,1
00:32:50.000,49.0,50.0,51.0,52.0,52.0,15.8,11.1,0.2,44.9,70.7,51.0,100.0,85.3,682.0,Attack,Cryptojacking,OneZeroMiner (GPU),HP Victus 16-d0417nf,Open Hardware Monitor,1
00:32:52.000,52.0,49.0,48.0,49.0,53.0,16.3,10.8,0.0,42.3,71.6,51.0,100.0,85.3,684.0,Attack,Cryptojacking,OneZeroMiner (GPU),HP Victus 16-d0417nf,Open Hardware Monitor,1
00:32:54.000,50.0,50.0,52.0,52.0,52.0,13.8,8.8,0.0,33.2,70.7,51.0,100.0,85.3,686.0,Attack,Cryptojacking,OneZeroMiner (GPU),HP Victus 16-d0417nf,Open Hardware Monitor,1
00:32:56.000,50.0,53.0,47.0,51.0,53.0,13.1,9.4,0.0,36.5,70.4,51.0,100.0,85.3,688.0,Attack,Cryptojacking,OneZeroMiner (GPU),HP Victus 16-d0417nf,Open Hardware Monitor,1
00:32:58.000,49.0,53.0,50.0,49.0,53.0,14.0,9.2,0.0,35.3,70.7,51.0,100.0,85.3,690.0,Attack,Cryptojacking,OneZeroMiner (GPU),HP Victus 16-d0417nf,Open Hardware Monitor,1
00:33:00.000,48.0,53.0,47.0,49.0,53.0,14.2,8.9,0.1,29.1,71.0,51.0,100.0,85.3,692.0,Attack,Cryptojacking,OneZeroMiner (GPU),HP Victus 16-d0417nf,Open Hardware Monitor,1
00:33:02.000,52.0,54.0,50.0,52.0,55.0,16.1,11.0,0.0,38.0,70.1,51.0,100.0,85.3,694.0,Attack,Cryptojacking,OneZeroMiner (GPU),HP Victus 16-d0417nf,Open Hardware Monitor,1
00:33:04.000,47.0,53.0,50.0,52.0,51.0,13.2,9.4,0.0,36.9,70.6,51.0,100.0,85.3,696.0,Attack,Cryptojacking,OneZeroMiner (GPU),HP Victus 16-d0417nf,Open Hardware Monitor,1
00:33:06.000,49.0,54.0,47.0,49.0,53.0,14.4,9.6,0.0,34.8,71.1,51.0,100.0,85.3,698.0,Attack,Cryptojacking,OneZeroMiner (GPU),HP Victus 16-d0417nf,Open Hardware Monitor,1
00:33:08.000,48.0,47.0,47.0,48.0,51.0,13.1,8.4,0.0,26.1,71.1,51.0,100.0,85.3,700.0,Attack,Cryptojacking,OneZeroMiner (GPU),HP Victus 16-d0417nf,Open Hardware Monitor,1
00:33:10.000,51.0,53.0,49.0,52.0,53.0,14.1,9.8,0.0,36.6,70.2,51.0,100.0,85.3,702.0,Attack,Cryptojacking,OneZeroMiner (GPU),HP Victus 16-d0417nf,Open Hardware Monitor,1
00:33:12.000,49.0,54.0,51.0,51.0,54.0,16.2,11.4,0.0,42.9,70.8,51.0,100.0,85.3,704.0,Attack,Cryptojacking,OneZeroMiner (GPU),HP Victus 16-d0417nf,Open Hardware Monitor,1
00:33:14.000,47.0,52.0,50.0,48.0,51.0,13.4,8.8,0.0,30.4,70.6,51.0,100.0,85.3,706.0,Attack,Cryptojacking,OneZeroMiner (GPU),HP Victus 16-d0417nf,Open Hardware Monitor,1
00:33:16.000,47.0,50.0,47.0,48.0,51.0,13.0,8.4,0.0,24.1,70.8,51.0,100.0,85.3,708.0,Attack,Cryptojacking,OneZeroMiner (GPU),HP Victus 16-d0417nf,Open Hardware Monitor,1
00:33:18.000,47.0,49.0,51.0,52.0,52.0,12.8,8.8,0.0,37.7,70.1,51.0,100.0,85.3,710.0,Attack,Cryptojacking,OneZeroMiner (GPU),HP Victus 16-d0417nf,Open Hardware Monitor,1
00:33:20.000,47.0,53.0,47.0,51.0,53.0,14.8,10.3,0.0,37.0,70.7,51.0,100.0,85.3,712.0,Attack,Cryptojacking,OneZeroMiner (GPU),HP Victus 16-d0417nf,Open Hardware Monitor,1
00:33:22.000,50.0,48.0,49.0,48.0,51.0,14.2,9.2,0.0,33.6,71.0,51.0,100.0,85.3,714.0,Attack,Cryptojacking,OneZeroMiner (GPU),HP Victus 16-d0417nf,Open Hardware Monitor,1
00:33:24.000,48.0,53.0,49.0,51.0,52.0,12.2,7.9,0.0,26.6,70.8,51.0,100.0,85.3,716.0,Attack,Cryptojacking,OneZeroMiner (GPU),HP Victus 16-d0417nf,Open Hardware Monitor,1
00:33:26.000,50.0,52.0,47.0,49.0,52.0,13.1,9.2,0.0,36.1,70.5,51.0,100.0,85.3,718.0,Attack,Cryptojacking,OneZeroMiner (GPU),HP Victus 16-d0417nf,Open Hardware Monitor,1
00:33:28.000,47.0,53.0,49.0,52.0,52.0,12.1,7.8,0.0,29.9,70.9,51.0,100.0,85.3,720.0,Attack,Cryptojacking,OneZeroMiner (GPU),HP Victus 16-d0417nf,Open Hardware Monitor,1
00:33:30.000,52.0,53.0,51.0,49.0,53.0,13.3,8.1,0.0,30.1,71.0,51.0,100.0,85.3,722.0,Attack,Cryptojacking,OneZeroMiner (GPU),HP Victus 16-d0417nf,Open Hardware Monitor,1
00:33:32.000,50.0,53.0,49.0,51.0,53.0,15.1,10.5,0.0,32.5,70.2,51.0,100.0,85.3,724.0,Attack,Cryptojacking,OneZeroMiner (GPU),HP Victus 16-d0417nf,Open Hardware Monitor,1
00:33:34.000,49.0,52.0,48.0,52.0,52.0,15.0,10.3,0.0,39.7,70.9,51.0,100.0,85.3,726.0,Attack,Cryptojacking,OneZeroMiner (GPU),HP Victus 16-d0417nf,Open Hardware Monitor,1
00:33:36.000,50.0,53.0,51.0,52.0,52.0,16.9,11.6,0.0,43.8,70.8,51.0,100.0,85.3,728.0,Attack,Cryptojacking,OneZeroMiner (GPU),HP Victus 16-d0417nf,Open Hardware Monitor,1
00:33:38.000,49.0,50.0,50.0,49.0,52.0,14.0,9.0,0.0,31.4,71.0,51.0,100.0,85.3,730.0,Attack,Cryptojacking,OneZeroMiner (GPU),HP Victus 16-d0417nf,Open Hardware Monitor,1
00:33:40.000,49.0,53.0,51.0,48.0,52.0,13.7,9.3,0.0,36.2,70.2,51.0,100.0,85.3,732.0,Attack,Cryptojacking,OneZeroMiner (GPU),HP Victus 16-d0417nf,Open Hardware Monitor,1
00:33:42.000,46.0,50.0,50.0,53.0,53.0,12.7,8.7,0.0,33.6,70.8,51.0,100.0,85.3,734.0,Attack,Cryptojacking,OneZeroMiner (GPU),HP Victus 16-d0417nf,Open Hardware Monitor,1
00:33:44.000,50.0,53.0,51.0,51.0,52.0,13.4,8.9,0.0,37.6,70.6,51.0,100.0,85.3,736.0,Attack,Cryptojacking,OneZeroMiner (GPU),HP Victus 16-d0417nf,Open Hardware Monitor,1
00:33:46.000,48.0,50.0,48.0,48.0,53.0,14.4,9.7,0.0,36.6,70.8,51.0,100.0,85.3,738.0,Attack,Cryptojacking,OneZeroMiner (GPU),HP Victus 16-d0417nf,Open Hardware Monitor,1
00:33:48.000,50.0,49.0,51.0,55.0,53.0,13.5,8.9,0.0,37.1,70.5,51.0,100.0,85.3,740.0,Attack,Cryptojacking,OneZeroMiner (GPU),HP Victus 16-d0417nf,Open Hardware Monitor,1
00:33:50.000,49.0,50.0,50.0,52.0,53.0,14.1,9.7,0.0,32.2,70.6,51.0,100.0,85.3,742.0,Attack,Cryptojacking,OneZeroMiner (GPU),HP Victus 16-d0417nf,Open Hardware Monitor,1
00:33:52.000,50.0,50.0,51.0,49.0,52.0,13.4,8.9,0.1,31.3,71.2,51.0,100.0,85.3,744.0,Attack,Cryptojacking,OneZeroMiner (GPU),HP Victus 16-d0417nf,Open Hardware Monitor,1
00:33:54.000,50.0,53.0,52.0,55.0,55.0,13.9,9.0,0.0,34.1,71.0,51.0,100.0,85.3,746.0,Attack,Cryptojacking,OneZeroMiner (GPU),HP Victus 16-d0417nf,Open Hardware Monitor,1
00:33:56.000,50.0,52.0,48.0,49.0,51.0,13.5,9.3,0.0,35.5,70.8,51.0,100.0,85.3,748.0,Attack,Cryptojacking,OneZeroMiner (GPU),HP Victus 16-d0417nf,Open Hardware Monitor,1
00:33:58.000,49.0,53.0,51.0,52.0,52.0,14.2,9.5,0.0,35.5,70.7,51.0,100.0,85.3,750.0,Attack,Cryptojacking,OneZeroMiner (GPU),HP Victus 16-d0417nf,Open Hardware Monitor,1
00:34:00.000,50.0,52.0,51.0,48.0,53.0,15.9,10.6,0.0,33.7,71.0,51.0,100.0,85.3,752.0,Attack,Cryptojacking,OneZeroMiner (GPU),HP Victus 16-d0417nf,Open Hardware Monitor,1
00:34:02.000,49.0,52.0,50.0,52.0,52.0,14.3,9.4,0.1,33.3,70.7,51.0,100.0,85.3,754.0,Attack,Cryptojacking,OneZeroMiner (GPU),HP Victus 16-d0417nf,Open Hardware Monitor,1
00:34:04.000,48.0,52.0,51.0,52.0,52.0,16.8,12.0,0.0,44.0,70.4,51.0,100.0,85.3,756.0,Attack,Cryptojacking,OneZeroMiner (GPU),HP Victus 16-d0417nf,Open Hardware Monitor,1
00:34:06.000,50.0,47.0,47.0,50.0,52.0,14.5,10.2,0.0,33.1,70.7,51.0,100.0,85.3,758.0,Attack,Cryptojacking,OneZeroMiner (GPU),HP Victus 16-d0417nf,Open Hardware Monitor,1
00:34:08.000,49.0,53.0,47.0,49.0,53.0,13.5,8.9,0.0,32.4,70.9,51.0,100.0,85.3,760.0,Attack,Cryptojacking,OneZeroMiner (GPU),HP Victus 16-d0417nf,Open Hardware Monitor,1
00:34:10.000,48.0,53.0,49.0,48.0,52.0,14.0,9.6,0.0,34.7,70.5,51.0,100.0,85.3,762.0,Attack,Cryptojacking,OneZeroMiner (GPU),HP Victus 16-d0417nf,Open Hardware Monitor,1
00:34:12.000,49.0,52.0,50.0,51.0,52.0,14.8,10.1,0.0,36.5,70.8,51.0,100.0,85.3,764.0,Attack,Cryptojacking,OneZeroMiner (GPU),HP Victus 16-d0417nf,Open Hardware Monitor,1
00:34:14.000,50.0,49.0,49.0,51.0,51.0,16.0,10.7,0.0,36.7,70.9,51.0,100.0,85.3,766.0,Attack,Cryptojacking,OneZeroMiner (GPU),HP Victus 16-d0417nf,Open Hardware Monitor,1
00:34:16.000,50.0,53.0,50.0,52.0,55.0,14.4,9.4,0.0,32.1,70.6,51.0,100.0,85.3,768.0,Attack,Cryptojacking,OneZeroMiner (GPU),HP Victus 16-d0417nf,Open Hardware Monitor,1
00:34:18.000,52.0,53.0,51.0,53.0,53.0,14.0,9.9,0.0,36.5,70.4,51.0,100.0,85.3,770.0,Attack,Cryptojacking,OneZeroMiner (GPU),HP Victus 16-d0417nf,Open Hardware Monitor,1
00:34:20.000,50.0,53.0,50.0,51.0,53.0,13.7,9.4,0.0,33.3,71.2,51.0,100.0,85.3,772.0,Attack,Cryptojacking,OneZeroMiner (GPU),HP Victus 16-d0417nf,Open Hardware Monitor,1
00:34:22.000,48.0,52.0,50.0,51.0,53.0,14.1,9.4,0.0,31.0,70.6,52.0,100.0,85.3,774.0,Attack,Cryptojacking,OneZeroMiner (GPU),HP Victus 16-d0417nf,Open Hardware Monitor,1
00:34:24.000,50.0,53.0,49.0,52.0,54.0,14.8,10.2,0.0,37.5,70.1,51.0,100.0,85.3,776.0,Attack,Cryptojacking,OneZeroMiner (GPU),HP Victus 16-d0417nf,Open Hardware Monitor,1
00:34:26.000,51.0,54.0,49.0,51.0,52.0,14.5,9.9,0.0,36.4,70.7,52.0,100.0,85.3,778.0,Attack,Cryptojacking,OneZeroMiner (GPU),HP Victus 16-d0417nf,Open Hardware Monitor,1
00:34:28.000,51.0,53.0,50.0,52.0,53.0,17.4,12.0,0.0,42.7,70.7,52.0,100.0,85.3,780.0,Attack,Cryptojacking,OneZeroMiner (GPU),HP Victus 16-d0417nf,Open Hardware Monitor,1
00:34:30.000,52.0,49.0,51.0,50.0,51.0,15.4,10.7,0.0,36.9,70.4,52.0,100.0,85.3,782.0,Attack,Cryptojacking,OneZeroMiner (GPU),HP Victus 16-d0417nf,Open Hardware Monitor,1
00:34:32.000,50.0,53.0,48.0,49.0,53.0,13.6,9.7,0.0,36.3,70.5,52.0,100.0,85.3,784.0,Attack,Cryptojacking,OneZeroMiner (GPU),HP Victus 16-d0417nf,Open Hardware Monitor,1
00:34:34.000,48.0,52.0,50.0,50.0,52.0,13.9,9.4,0.0,32.8,71.2,52.0,100.0,85.3,786.0,Attack,Cryptojacking,OneZeroMiner (GPU),HP Victus 16-d0417nf,Open Hardware Monitor,1
00:34:36.000,49.0,53.0,49.0,50.0,53.0,14.2,9.0,0.0,34.4,70.9,52.0,100.0,85.3,788.0,Attack,Cryptojacking,OneZeroMiner (GPU),HP Victus 16-d0417nf,Open Hardware Monitor,1
00:34:38.000,52.0,53.0,50.0,48.0,53.0,15.1,10.5,0.0,39.7,70.3,52.0,100.0,85.3,790.0,Attack,Cryptojacking,OneZeroMiner (GPU),HP Victus 16-d0417nf,Open Hardware Monitor,1
00:34:40.000,50.0,53.0,49.0,52.0,53.0,14.7,10.0,0.0,36.8,70.7,52.0,100.0,85.3,792.0,Attack,Cryptojacking,OneZeroMiner (GPU),HP Victus 16-d0417nf,Open Hardware Monitor,1
00:34:42.000,49.0,53.0,47.0,49.0,53.0,14.7,9.5,0.0,34.3,70.9,52.0,100.0,85.3,794.0,Attack,Cryptojacking,OneZeroMiner (GPU),HP Victus 16-d0417nf,Open Hardware Monitor,1
00:34:44.000,49.0,54.0,51.0,52.0,53.0,14.8,9.9,0.0,36.5,70.4,51.0,100.0,85.3,796.0,Attack,Cryptojacking,OneZeroMiner (GPU),HP Victus 16-d0417nf,Open Hardware Monitor,1
00:34:46.000,50.0,53.0,47.0,48.0,52.0,13.2,9.2,0.0,36.4,70.4,51.0,100.0,85.3,798.0,Attack,Cryptojacking,OneZeroMiner (GPU),HP Victus 16-d0417nf,Open Hardware Monitor,1
00:34:48.000,49.0,52.0,48.0,53.0,54.0,13.8,9.6,0.0,33.2,70.7,52.0,100.0,85.3,800.0,Attack,Cryptojacking,OneZeroMiner (GPU),HP Victus 16-d0417nf,Open Hardware Monitor,1
00:34:50.000,50.0,53.0,48.0,47.0,54.0,14.2,9.6,0.0,34.1,71.1,52.0,100.0,85.3,802.0,Attack,Cryptojacking,OneZeroMiner (GPU),HP Victus 16-d0417nf,Open Hardware Monitor,1
00:34:52.000,49.0,51.0,50.0,51.0,53.0,13.5,9.3,0.0,29.6,70.5,52.0,100.0,85.3,804.0,Attack,Cryptojacking,OneZeroMiner (GPU),HP Victus 16-d0417nf,Open Hardware Monitor,1
00:34:54.000,50.0,50.0,52.0,53.0,53.0,16.8,11.6,0.0,43.9,70.7,52.0,100.0,85.3,806.0,Attack,Cryptojacking,OneZeroMiner (GPU),HP Victus 16-d0417nf,Open Hardware Monitor,1
00:34:56.000,53.0,53.0,49.0,52.0,52.0,14.0,9.1,0.0,35.2,71.0,52.0,100.0,85.3,808.0,Recovery,Cryptojacking,OneZeroMiner (GPU),HP Victus 16-d0417nf,Open Hardware Monitor,1
00:34:58.000,52.0,52.0,51.0,49.0,53.0,14.4,9.4,0.1,36.8,70.5,52.0,100.0,85.3,810.0,Recovery,Cryptojacking,OneZeroMiner (GPU),HP Victus 16-d0417nf,Open Hardware Monitor,1
00:35:00.000,51.0,52.0,51.0,49.0,53.0,13.1,9.1,0.0,37.1,70.5,52.0,100.0,85.3,812.0,Recovery,Cryptojacking,OneZeroMiner (GPU),HP Victus 16-d0417nf,Open Hardware Monitor,1
00:35:02.000,50.0,54.0,51.0,52.0,53.0,13.8,9.4,0.0,33.1,70.5,52.0,100.0,85.3,814.0,Recovery,Cryptojacking,OneZeroMiner (GPU),HP Victus 16-d0417nf,Open Hardware Monitor,1
00:35:04.000,47.0,50.0,49.0,52.0,52.0,14.0,9.2,0.0,36.1,71.2,52.0,100.0,85.3,816.0,Recovery,Cryptojacking,OneZeroMiner (GPU),HP Victus 16-d0417nf,Open Hardware Monitor,1
00:35:06.000,48.0,54.0,52.0,52.0,52.0,13.8,9.5,0.0,36.3,70.0,52.0,100.0,85.3,818.0,Recovery,Cryptojacking,OneZeroMiner (GPU),HP Victus 16-d0417nf,Open Hardware Monitor,1
00:35:08.000,47.0,48.0,51.0,49.0,52.0,14.1,9.7,0.0,31.6,70.8,52.0,100.0,85.3,820.0,Recovery,Cryptojacking,OneZeroMiner (GPU),HP Victus 16-d0417nf,Open Hardware Monitor,1
00:35:10.000,50.0,50.0,52.0,50.0,52.0,14.6,9.7,0.0,45.1,70.9,52.0,100.0,85.3,822.0,Recovery,Cryptojacking,OneZeroMiner (GPU),HP Victus 16-d0417nf,Open Hardware Monitor,1
00:35:12.000,52.0,51.0,50.0,53.0,55.0,16.7,11.3,0.0,36.4,70.3,52.0,100.0,85.3,824.0,Recovery,Cryptojacking,OneZeroMiner (GPU),HP Victus 16-d0417nf,Open Hardware Monitor,1
00:35:14.000,49.0,53.0,52.0,54.0,54.0,16.7,12.0,0.2,44.7,70.6,52.0,100.0,85.3,826.0,Recovery,Cryptojacking,OneZeroMiner (GPU),HP Victus 16-d0417nf,Open Hardware Monitor,1
00:35:16.000,48.0,53.0,50.0,49.0,53.0,14.6,9.9,0.1,39.8,70.4,52.0,100.0,85.3,828.0,Recovery,Cryptojacking,OneZeroMiner (GPU),HP Victus 16-d0417nf,Open Hardware Monitor,1
00:35:18.000,52.0,50.0,50.0,51.0,52.0,14.3,8.8,0.1,33.7,71.2,52.0,100.0,85.3,830.0,Recovery,Cryptojacking,OneZeroMiner (GPU),HP Victus 16-d0417nf,Open Hardware Monitor,1
00:35:20.000,48.0,53.0,48.0,52.0,53.0,14.4,9.4,0.1,34.7,69.3,52.0,100.0,85.3,832.0,Recovery,Cryptojacking,OneZeroMiner (GPU),HP Victus 16-d0417nf,Open Hardware Monitor,1
00:35:22.000,48.0,53.0,47.0,49.0,52.0,11.6,7.4,0.1,28.0,67.7,51.0,0.0,2.4,834.0,Recovery,Cryptojacking,OneZeroMiner (GPU),HP Victus 16-d0417nf,Open Hardware Monitor,1
00:35:24.000,46.0,47.0,46.0,47.0,51.0,11.0,6.8,0.1,15.0,66.2,0.0,0.0,2.4,836.0,Recovery,Cryptojacking,OneZeroMiner (GPU),HP Victus 16-d0417nf,Open Hardware Monitor,1
00:35:26.000,45.0,45.0,45.0,46.0,51.0,5.8,1.9,0.0,5.5,66.0,50.0,0.0,2.4,838.0,Recovery,Cryptojacking,OneZeroMiner (GPU),HP Victus 16-d0417nf,Open Hardware Monitor,1
00:35:28.000,44.0,45.0,45.0,44.0,51.0,5.8,2.1,0.1,8.5,66.1,50.0,0.0,2.4,840.0,Recovery,Cryptojacking,OneZeroMiner (GPU),HP Victus 16-d0417nf,Open Hardware Monitor,1
00:35:30.000,43.0,46.0,43.0,44.0,51.0,6.4,2.9,0.0,9.2,66.0,50.0,0.0,2.4,842.0,Recovery,Cryptojacking,OneZeroMiner (GPU),HP Victus 16-d0417nf,Open Hardware Monitor,1
00:35:32.000,44.0,45.0,43.0,43.0,51.0,4.6,1.4,0.1,3.8,65.8,49.0,0.0,2.4,844.0,Recovery,Cryptojacking,OneZeroMiner (GPU),HP Victus 16-d0417nf,Open Hardware Monitor,1
00:35:34.000,43.0,45.0,43.0,43.0,50.0,5.4,2.0,0.1,8.4,65.7,49.0,0.0,2.4,846.0,Recovery,Cryptojacking,OneZeroMiner (GPU),HP Victus 16-d0417nf,Open Hardware Monitor,1
00:35:36.000,43.0,46.0,43.0,43.0,50.0,4.4,1.3,0.1,4.4,65.5,49.0,0.0,2.4,848.0,Recovery,Cryptojacking,OneZeroMiner (GPU),HP Victus 16-d0417nf,Open Hardware Monitor,1
00:35:38.000,43.0,44.0,43.0,43.0,50.0,4.2,1.1,0.1,3.9,65.4,49.0,0.0,2.4,850.0,Recovery,Cryptojacking,OneZeroMiner (GPU),HP Victus 16-d0417nf,Open Hardware Monitor,1
00:35:40.000,43.0,47.0,42.0,43.0,50.0,4.2,1.2,0.1,5.4,65.4,48.0,0.0,2.4,852.0,Recovery,Cryptojacking,OneZeroMiner (GPU),HP Victus 16-d0417nf,Open Hardware Monitor,1
00:35:42.000,43.0,43.0,42.0,43.0,49.0,5.7,2.5,0.0,9.6,65.3,0.0,0.0,2.4,854.0,Recovery,Cryptojacking,OneZeroMiner (GPU),HP Victus 16-d0417nf,Open Hardware Monitor,1
00:35:44.000,43.0,42.0,43.0,42.0,49.0,5.3,1.9,0.1,9.0,65.4,48.0,0.0,2.4,856.0,Recovery,Cryptojacking,OneZeroMiner (GPU),HP Victus 16-d0417nf,Open Hardware Monitor,1
00:35:46.000,41.0,42.0,43.0,42.0,49.0,4.5,1.5,0.1,6.4,65.3,48.0,0.0,2.4,858.0,Recovery,Cryptojacking,OneZeroMiner (GPU),HP Victus 16-d0417nf,Open Hardware Monitor,1
00:35:48.000,42.0,43.0,42.0,41.0,50.0,4.6,1.4,0.1,5.2,65.3,47.0,0.0,2.4,860.0,Recovery,Cryptojacking,OneZeroMiner (GPU),HP Victus 16-d0417nf,Open Hardware Monitor,1
00:35:50.000,42.0,42.0,42.0,41.0,49.0,4.3,1.3,0.1,9.3,65.2,47.0,0.0,2.4,862.0,Recovery,Cryptojacking,OneZeroMiner (GPU),HP Victus 16-d0417nf,Open Hardware Monitor,1
00:35:52.000,42.0,42.0,41.0,43.0,50.0,4.3,1.3,0.1,4.4,65.2,47.0,0.0,2.4,864.0,Recovery,Cryptojacking,OneZeroMiner (GPU),HP Victus 16-d0417nf,Open Hardware Monitor,1
00:35:54.000,43.0,42.0,44.0,42.0,49.0,5.7,2.4,0.1,8.2,65.2,0.0,0.0,2.4,866.0,Recovery,Cryptojacking,OneZeroMiner (GPU),HP Victus 16-d0417nf,Open Hardware Monitor,1
00:35:56.000,41.0,42.0,40.0,42.0,50.0,5.0,1.7,0.1,6.5,65.1,47.0,0.0,2.4,868.0,Recovery,Cryptojacking,OneZeroMiner (GPU),HP Victus 16-d0417nf,Open Hardware Monitor,1
00:35:58.000,41.0,41.0,41.0,42.0,50.0,4.1,1.0,0.1,3.7,65.1,47.0,0.0,2.4,870.0,Recovery,Cryptojacking,OneZeroMiner (GPU),HP Victus 16-d0417nf,Open Hardware Monitor,1
00:36:00.000,40.0,41.0,41.0,40.0,47.0,4.2,1.2,0.1,5.6,65.1,0.0,0.0,2.4,872.0,Recovery,Cryptojacking,OneZeroMiner (GPU),HP Victus 16-d0417nf,Open Hardware Monitor,1
00:36:02.000,40.0,42.0,42.0,41.0,49.0,3.8,0.9,0.1,4.5,65.1,47.0,0.0,2.4,874.0,Recovery,Cryptojacking,OneZeroMiner (GPU),HP Victus 16-d0417nf,Open Hardware Monitor,1
00:36:04.000,42.0,42.0,41.0,41.0,48.0,5.4,2.0,0.0,7.5,65.1,46.0,0.0,2.4,876.0,Recovery,Cryptojacking,OneZeroMiner (GPU),HP Victus 16-d0417nf,Open Hardware Monitor,1
00:36:06.000,41.0,41.0,41.0,41.0,49.0,4.3,1.2,0.1,5.9,65.0,0.0,0.0,2.4,878.0,Recovery,Cryptojacking,OneZeroMiner (GPU),HP Victus 16-d0417nf,Open Hardware Monitor,1
00:36:08.000,43.0,42.0,41.0,41.0,49.0,6.1,2.8,0.0,10.3,65.0,47.0,0.0,2.4,880.0,Recovery,Cryptojacking,OneZeroMiner (GPU),HP Victus 16-d0417nf,Open Hardware Monitor,1
00:36:10.000,40.0,41.0,41.0,42.0,47.0,5.6,2.3,0.0,8.4,65.0,47.0,0.0,2.4,882.0,Recovery,Cryptojacking,OneZeroMiner (GPU),HP Victus 16-d0417nf,Open Hardware Monitor,1
00:36:12.000,40.0,41.0,41.0,41.0,47.0,4.7,1.3,0.1,5.6,65.0,46.0,0.0,2.4,884.0,Recovery,Cryptojacking,OneZeroMiner (GPU),HP Victus 16-d0417nf,Open Hardware Monitor,1
00:36:14.000,46.0,48.0,41.0,42.0,46.0,5.2,1.8,0.1,6.0,65.0,46.0,0.0,2.4,886.0,Recovery,Cryptojacking,OneZeroMiner (GPU),HP Victus 16-d0417nf,Open Hardware Monitor,1
00:36:16.000,40.0,41.0,40.0,40.0,47.0,4.4,1.4,0.1,4.7,65.0,46.0,0.0,2.4,888.0,Recovery,Cryptojacking,OneZeroMiner (GPU),HP Victus 16-d0417nf,Open Hardware Monitor,1
00:36:18.000,40.0,41.0,40.0,40.0,49.0,4.2,1.1,0.1,3.5,65.0,45.0,0.0,2.4,890.0,Recovery,Cryptojacking,OneZeroMiner (GPU),HP Victus 16-d0417nf,Open Hardware Monitor,1
00:36:20.000,40.0,41.0,40.0,40.0,48.0,4.0,1.1,0.1,4.7,64.9,0.0,0.0,2.4,892.0,Recovery,Cryptojacking,OneZeroMiner (GPU),HP Victus 16-d0417nf,Open Hardware Monitor,1
00:36:22.000,40.0,40.0,41.0,40.0,47.0,6.3,3.0,0.0,10.1,64.8,46.0,0.0,2.4,894.0,Recovery,Cryptojacking,OneZeroMiner (GPU),HP Victus 16-d0417nf,Open Hardware Monitor,1
00:36:24.000,40.0,41.0,40.0,39.0,47.0,6.5,3.1,0.0,8.4,64.8,0.0,0.0,2.4,896.0,Recovery,Cryptojacking,OneZeroMiner (GPU),HP Victus 16-d0417nf,Open Hardware Monitor,1
00:36:26.000,40.0,40.0,41.0,40.0,47.0,4.4,1.4,0.1,4.8,64.8,45.0,0.0,2.4,898.0,Recovery,Cryptojacking,OneZeroMiner (GPU),HP Victus 16-d0417nf,Open Hardware Monitor,1
00:36:28.000,40.0,40.0,40.0,40.0,47.0,6.3,2.9,0.0,9.3,64.4,0.0,0.0,2.4,900.0,Recovery,Cryptojacking,OneZeroMiner (GPU),HP Victus 16-d0417nf,Open Hardware Monitor,1
00:36:30.000,40.0,41.0,40.0,40.0,47.0,6.1,2.7,0.0,9.1,64.4,46.0,0.0,2.4,902.0,Recovery,Cryptojacking,OneZeroMiner (GPU),HP Victus 16-d0417nf,Open Hardware Monitor,1
00:36:32.000,40.0,40.0,40.0,40.0,47.0,6.0,2.8,0.0,9.9,64.4,0.0,0.0,2.4,904.0,Recovery,Cryptojacking,OneZeroMiner (GPU),HP Victus 16-d0417nf,Open Hardware Monitor,1
00:36:34.000,42.0,41.0,40.0,40.0,47.0,6.5,3.1,0.0,9.5,64.5,46.0,0.0,2.4,906.0,Recovery,Cryptojacking,OneZeroMiner (GPU),HP Victus 16-d0417nf,Open Hardware Monitor,1
00:36:36.000,40.0,40.0,41.0,40.0,46.0,6.0,2.7,0.0,11.6,64.5,46.0,0.0,2.4,908.0,Recovery,Cryptojacking,OneZeroMiner (GPU),HP Victus 16-d0417nf,Open Hardware Monitor,1
00:36:38.000,43.0,40.0,41.0,40.0,46.0,4.9,1.9,0.0,5.5,64.6,46.0,0.0,2.4,910.0,Recovery,Cryptojacking,OneZeroMiner (GPU),HP Victus 16-d0417nf,Open Hardware Monitor,1
00:36:40.000,39.0,41.0,40.0,39.0,47.0,4.2,1.2,0.1,4.0,64.5,45.0,0.0,2.4,912.0,Recovery,Cryptojacking,OneZeroMiner (GPU),HP Victus 16-d0417nf,Open Hardware Monitor,1
00:36:42.000,38.0,40.0,40.0,40.0,49.0,4.3,1.3,0.1,4.2,64.5,45.0,0.0,2.4,914.0,Recovery,Cryptojacking,OneZeroMiner (GPU),HP Victus 16-d0417nf,Open Hardware Monitor,1
00:36:44.000,40.0,39.0,40.0,39.0,47.0,4.5,1.4,0.1,7.2,64.5,44.0,0.0,2.4,916.0,Recovery,Cryptojacking,OneZeroMiner (GPU),HP Victus 16-d0417nf,Open Hardware Monitor,1
00:36:46.000,40.0,40.0,40.0,40.0,46.0,4.4,1.5,0.1,6.7,64.4,0.0,0.0,2.4,918.0,Recovery,Cryptojacking,OneZeroMiner (GPU),HP Victus 16-d0417nf,Open Hardware Monitor,1
00:36:48.000,42.0,40.0,41.0,40.0,47.0,6.0,2.8,0.0,9.6,64.5,45.0,0.0,2.4,920.0,Recovery,Cryptojacking,OneZeroMiner (GPU),HP Victus 16-d0417nf,Open Hardware Monitor,1
00:36:50.000,39.0,39.0,40.0,38.0,46.0,6.0,2.8,0.0,8.2,64.5,0.0,0.0,2.4,922.0,Recovery,Cryptojacking,OneZeroMiner (GPU),HP Victus 16-d0417nf,Open Hardware Monitor,1
00:36:52.000,40.0,39.0,40.0,40.0,46.0,6.6,3.3,0.0,11.0,64.4,45.0,0.0,2.4,924.0,Recovery,Cryptojacking,OneZeroMiner (GPU),HP Victus 16-d0417nf,Open Hardware Monitor,1
00:36:54.000,39.0,40.0,40.0,39.0,45.0,4.4,1.2,0.1,8.0,64.5,44.0,0.0,2.4,926.0,Recovery,Cryptojacking,OneZeroMiner (GPU),HP Victus 16-d0417nf,Open Hardware Monitor,1
00:36:56.000,39.0,39.0,40.0,40.0,45.0,4.5,1.4,0.1,4.4,64.5,44.0,0.0,2.4,928.0,Recovery,Cryptojacking,OneZeroMiner (GPU),HP Victus 16-d0417nf,Open Hardware Monitor,1
00:36:58.000,38.0,39.0,40.0,39.0,46.0,4.2,1.2,0.1,5.3,64.5,44.0,0.0,2.4,930.0,Recovery,Cryptojacking,OneZeroMiner (GPU),HP Victus 16-d0417nf,Open Hardware Monitor,1
00:37:00.000,39.0,40.0,40.0,39.0,46.0,5.9,2.7,0.0,9.5,64.5,44.0,0.0,2.4,932.0,Recovery,Cryptojacking,OneZeroMiner (GPU),HP Victus 16-d0417nf,Open Hardware Monitor,1
00:37:02.000,40.0,42.0,39.0,40.0,46.0,4.2,1.2,0.1,5.1,64.5,44.0,0.0,2.4,934.0,Recovery,Cryptojacking,OneZeroMiner (GPU),HP Victus 16-d0417nf,Open Hardware Monitor,1
00:37:04.000,39.0,39.0,38.0,39.0,46.0,4.7,1.4,0.1,4.8,64.5,44.0,0.0,2.4,936.0,Recovery,Cryptojacking,OneZeroMiner (GPU),HP Victus 16-d0417nf,Open Hardware Monitor,1
00:37:06.000,39.0,40.0,40.0,38.0,46.0,5.9,2.6,0.0,10.3,64.5,44.0,0.0,2.4,938.0,Recovery,Cryptojacking,OneZeroMiner (GPU),HP Victus 16-d0417nf,Open Hardware Monitor,1
00:37:08.000,40.0,40.0,40.0,39.0,45.0,4.2,1.2,0.1,7.1,64.5,44.0,0.0,2.4,940.0,Recovery,Cryptojacking,OneZeroMiner (GPU),HP Victus 16-d0417nf,Open Hardware Monitor,1
00:37:10.000,39.0,40.0,40.0,39.0,45.0,4.3,1.2,0.1,7.0,64.5,43.0,0.0,2.4,942.0,Recovery,Cryptojacking,OneZeroMiner (GPU),HP Victus 16-d0417nf,Open Hardware Monitor,1
00:37:12.000,38.0,40.0,39.0,39.0,46.0,4.3,1.3,0.1,4.1,64.5,44.0,0.0,2.4,944.0,Recovery,Cryptojacking,OneZeroMiner (GPU),HP Victus 16-d0417nf,Open Hardware Monitor,1
00:37:14.000,39.0,40.0,40.0,39.0,45.0,4.5,1.4,0.1,5.8,64.5,0.0,0.0,2.4,946.0,Recovery,Cryptojacking,OneZeroMiner (GPU),HP Victus 16-d0417nf,Open Hardware Monitor,1
00:37:16.000,38.0,39.0,37.0,39.0,45.0,4.1,1.2,0.1,5.4,64.5,43.0,0.0,2.4,948.0,Recovery,Cryptojacking,OneZeroMiner (GPU),HP Victus 16-d0417nf,Open Hardware Monitor,1
00:37:18.000,39.0,40.0,39.0,38.0,45.0,4.2,1.2,0.1,4.4,64.5,43.0,0.0,2.4,950.0,Recovery,Cryptojacking,OneZeroMiner (GPU),HP Victus 16-d0417nf,Open Hardware Monitor,1
00:37:20.000,38.0,39.0,38.0,38.0,44.0,4.9,1.8,0.1,6.6,64.5,43.0,0.0,2.4,952.0,Recovery,Cryptojacking,OneZeroMiner (GPU),HP Victus 16-d0417nf,Open Hardware Monitor,1
00:37:22.000,38.0,39.0,38.0,38.0,45.0,4.4,1.4,0.1,5.1,64.4,0.0,0.0,2.4,954.0,Recovery,Cryptojacking,OneZeroMiner (GPU),HP Victus 16-d0417nf,Open Hardware Monitor,1
00:37:24.000,38.0,39.0,38.0,38.0,45.0,4.6,1.4,0.1,4.9,64.4,43.0,0.0,2.4,956.0,Recovery,Cryptojacking,OneZeroMiner (GPU),HP Victus 16-d0417nf,Open Hardware Monitor,1
00:37:26.000,37.0,38.0,39.0,38.0,45.0,4.2,1.2,0.1,4.0,64.4,43.0,0.0,2.4,958.0,Recovery,Cryptojacking,OneZeroMiner (GPU),HP Victus 16-d0417nf,Open Hardware Monitor,1
00:37:28.000,39.0,39.0,38.0,38.0,45.0,4.3,1.3,0.1,5.8,64.4,0.0,0.0,2.4,960.0,Recovery,Cryptojacking,OneZeroMiner (GPU),HP Victus 16-d0417nf,Open Hardware Monitor,1
00:37:30.000,37.0,38.0,37.0,39.0,46.0,4.4,1.4,0.1,6.5,64.4,0.0,0.0,2.4,962.0,Recovery,Cryptojacking,OneZeroMiner (GPU),HP Victus 16-d0417nf,Open Hardware Monitor,1
00:37:32.000,39.0,40.0,40.0,39.0,45.0,6.0,2.8,0.0,9.4,64.4,0.0,0.0,2.4,964.0,Recovery,Cryptojacking,OneZeroMiner (GPU),HP Victus 16-d0417nf,Open Hardware Monitor,1
00:37:34.000,38.0,38.0,37.0,39.0,46.0,4.2,1.1,0.1,6.8,64.4,0.0,0.0,2.4,966.0,Recovery,Cryptojacking,OneZeroMiner (GPU),HP Victus 16-d0417nf,Open Hardware Monitor,1
00:37:36.000,39.0,39.0,39.0,38.0,45.0,4.2,1.2,0.1,3.5,64.4,43.0,0.0,2.4,968.0,Recovery,Cryptojacking,OneZeroMiner (GPU),HP Victus 16-d0417nf,Open Hardware Monitor,1
00:37:38.000,38.0,38.0,37.0,38.0,46.0,4.3,1.4,0.1,5.9,64.4,43.0,0.0,2.4,970.0,Recovery,Cryptojacking,OneZeroMiner (GPU),HP Victus 16-d0417nf,Open Hardware Monitor,1
00:37:40.000,38.0,38.0,37.0,38.0,44.0,4.2,1.2,0.1,4.5,64.4,43.0,0.0,2.4,972.0,Recovery,Cryptojacking,OneZeroMiner (GPU),HP Victus 16-d0417nf,Open Hardware Monitor,1
00:37:42.000,38.0,38.0,39.0,40.0,44.0,4.3,1.2,0.1,5.2,64.4,43.0,0.0,2.4,974.0,Recovery,Cryptojacking,OneZeroMiner (GPU),HP Victus 16-d0417nf,Open Hardware Monitor,1
00:37:44.000,37.0,40.0,37.0,38.0,44.0,4.4,1.3,0.1,5.7,64.4,43.0,0.0,2.4,976.0,Recovery,Cryptojacking,OneZeroMiner (GPU),HP Victus 16-d0417nf,Open Hardware Monitor,1
00:37:46.000,38.0,39.0,37.0,39.0,44.0,4.6,1.7,0.1,4.6,64.3,0.0,0.0,2.4,978.0,Recovery,Cryptojacking,OneZeroMiner (GPU),HP Victus 16-d0417nf,Open Hardware Monitor,1
00:37:48.000,38.0,40.0,37.0,38.0,45.0,6.5,3.2,0.0,8.7,64.3,43.0,0.0,2.4,980.0,Recovery,Cryptojacking,OneZeroMiner (GPU),HP Victus 16-d0417nf,Open Hardware Monitor,1
00:37:50.000,38.0,40.0,37.0,39.0,45.0,6.3,3.1,0.0,8.5,64.3,0.0,0.0,2.4,982.0,Recovery,Cryptojacking,OneZeroMiner (GPU),HP Victus 16-d0417nf,Open Hardware Monitor,1
00:37:52.000,38.0,39.0,39.0,38.0,44.0,3.9,0.9,0.1,2.7,64.3,43.0,0.0,2.4,984.0,Recovery,Cryptojacking,OneZeroMiner (GPU),HP Victus 16-d0417nf,Open Hardware Monitor,1
00:37:54.000,37.0,39.0,37.0,38.0,44.0,4.3,1.2,0.1,3.6,64.3,43.0,0.0,2.4,986.0,Recovery,Cryptojacking,OneZeroMiner (GPU),HP Victus 16-d0417nf,Open Hardware Monitor,1
00:37:56.000,38.0,38.0,39.0,38.0,45.0,6.1,2.8,0.0,12.5,64.3,43.0,0.0,2.4,988.0,Recovery,Cryptojacking,OneZeroMiner (GPU),HP Victus 16-d0417nf,Open Hardware Monitor,1
00:37:58.000,39.0,41.0,37.0,39.0,44.0,4.6,1.6,0.1,4.4,64.3,43.0,0.0,2.4,990.0,Recovery,Cryptojacking,OneZeroMiner (GPU),HP Victus 16-d0417nf,Open Hardware Monitor,1
00:38:00.000,40.0,39.0,41.0,38.0,45.0,4.2,1.3,0.1,5.0,64.3,0.0,0.0,2.4,992.0,Recovery,Cryptojacking,OneZeroMiner (GPU),HP Victus 16-d0417nf,Open Hardware Monitor,1
00:38:02.000,39.0,39.0,38.0,38.0,45.0,4.0,1.1,0.1,4.4,64.3,42.0,0.0,2.4,994.0,Recovery,Cryptojacking,OneZeroMiner (GPU),HP Victus 16-d0417nf,Open Hardware Monitor,1
00:38:04.000,41.0,38.0,37.0,39.0,44.0,4.6,1.3,0.1,4.6,64.3,42.0,0.0,2.4,996.0,Recovery,Cryptojacking,OneZeroMiner (GPU),HP Victus 16-d0417nf,Open Hardware Monitor,1
00:38:06.000,39.0,39.0,37.0,40.0,44.0,5.4,2.2,0.1,8.3,64.3,42.0,0.0,2.4,998.0,Recovery,Cryptojacking,OneZeroMiner (GPU),HP Victus 16-d0417nf,Open Hardware Monitor,1
00:38:08.000,40.0,39.0,39.0,38.0,45.0,6.5,3.2,0.0,9.5,64.3,43.0,0.0,2.4,1000.0,Recovery,Cryptojacking,OneZeroMiner (GPU),HP Victus 16-d0417nf,Open Hardware Monitor,1
00:38:10.000,37.0,39.0,37.0,39.0,45.0,5.7,2.6,0.0,8.2,64.3,43.0,0.0,2.4,1002.0,Recovery,Cryptojacking,OneZeroMiner (GPU),HP Victus 16-d0417nf,Open Hardware Monitor,1
00:38:12.000,38.0,38.0,36.0,38.0,45.0,4.1,1.2,0.1,4.7,64.3,42.0,0.0,2.4,1004.0,Recovery,Cryptojacking,OneZeroMiner (GPU),HP Victus 16-d0417nf,Open Hardware Monitor,1
00:38:14.000,39.0,39.0,37.0,37.0,44.0,4.3,1.1,0.1,3.0,64.3,42.0,0.0,2.4,1006.0,Recovery,Cryptojacking,OneZeroMiner (GPU),HP Victus 16-d0417nf,Open Hardware Monitor,1
00:38:16.000,38.0,38.0,37.0,38.0,44.0,4.8,1.7,0.0,4.3,64.3,42.0,0.0,2.4,1008.0,Recovery,Cryptojacking,OneZeroMiner (GPU),HP Victus 16-d0417nf,Open Hardware Monitor,1
00:38:18.000,38.0,38.0,37.0,39.0,44.0,4.3,1.3,0.1,5.2,64.4,42.0,0.0,2.4,1010.0,Recovery,Cryptojacking,OneZeroMiner (GPU),HP Victus 16-d0417nf,Open Hardware Monitor,1
00:38:20.000,38.0,37.0,36.0,38.0,44.0,4.1,1.2,0.1,5.3,64.3,42.0,0.0,2.4,1012.0,Recovery,Cryptojacking,OneZeroMiner (GPU),HP Victus 16-d0417nf,Open Hardware Monitor,1
00:38:22.000,37.0,39.0,37.0,38.0,44.0,6.2,3.0,0.0,8.9,64.3,0.0,0.0,2.4,1014.0,Recovery,Cryptojacking,OneZeroMiner (GPU),HP Victus 16-d0417nf,Open Hardware Monitor,1
00:38:24.000,37.0,37.0,37.0,36.0,45.0,4.3,1.3,0.1,4.9,64.3,42.0,0.0,2.4,1016.0,Recovery,Cryptojacking,OneZeroMiner (GPU),HP Victus 16-d0417nf,Open Hardware Monitor,1
00:38:26.000,36.0,39.0,37.0,36.0,44.0,4.3,1.4,0.1,7.1,64.3,42.0,0.0,2.4,1018.0,Recovery,Cryptojacking,OneZeroMiner (GPU),HP Victus 16-d0417nf,Open Hardware Monitor,1
00:38:28.000,37.0,37.0,37.0,37.0,44.0,4.3,1.2,0.1,3.9,64.3,42.0,0.0,2.4,1020.0,Recovery,Cryptojacking,OneZeroMiner (GPU),HP Victus 16-d0417nf,Open Hardware Monitor,1
00:38:30.000,37.0,38.0,36.0,36.0,44.0,4.0,1.1,0.1,3.6,64.3,42.0,0.0,2.4,1022.0,Recovery,Cryptojacking,OneZeroMiner (GPU),HP Victus 16-d0417nf,Open Hardware Monitor,1
00:38:32.000,36.0,39.0,36.0,36.0,44.0,4.2,1.2,0.1,6.1,64.3,42.0,0.0,2.4,1024.0,Recovery,Cryptojacking,OneZeroMiner (GPU),HP Victus 16-d0417nf,Open Hardware Monitor,1
00:38:34.000,37.0,38.0,37.0,38.0,44.0,6.6,3.3,0.0,11.5,64.3,42.0,0.0,2.4,1026.0,Recovery,Cryptojacking,OneZeroMiner (GPU),HP Victus 16-d0417nf,Open Hardware Monitor,1
00:38:36.000,37.0,37.0,37.0,37.0,44.0,5.1,2.0,0.1,6.0,64.3,42.0,0.0,2.4,1028.0,Recovery,Cryptojacking,OneZeroMiner (GPU),HP Victus 16-d0417nf,Open Hardware Monitor,1
00:38:38.000,37.0,37.0,37.0,36.0,44.0,4.4,1.4,0.1,3.6,64.3,42.0,0.0,2.4,1030.0,Recovery,Cryptojacking,OneZeroMiner (GPU),HP Victus 16-d0417nf,Open Hardware Monitor,1
00:38:40.000,37.0,38.0,37.0,36.0,44.0,4.2,1.3,0.1,4.8,64.3,41.0,0.0,2.4,1032.0,Recovery,Cryptojacking,OneZeroMiner (GPU),HP Victus 16-d0417nf,Open Hardware Monitor,1
00:38:42.000,36.0,38.0,38.0,36.0,43.0,4.2,1.2,0.1,5.0,64.4,42.0,0.0,2.4,1034.0,Recovery,Cryptojacking,OneZeroMiner (GPU),HP Victus 16-d0417nf,Open Hardware Monitor,1
00:38:44.000,37.0,38.0,36.0,36.0,44.0,4.4,1.3,0.1,3.7,64.3,41.0,0.0,2.4,1036.0,Recovery,Cryptojacking,OneZeroMiner (GPU),HP Victus 16-d0417nf,Open Hardware Monitor,1
00:38:46.000,38.0,38.0,36.0,36.0,44.0,5.7,2.6,0.0,9.6,64.3,0.0,0.0,2.4,1038.0,Recovery,Cryptojacking,OneZeroMiner (GPU),HP Victus 16-d0417nf,Open Hardware Monitor,1
00:38:48.000,36.0,37.0,36.0,36.0,44.0,4.3,1.4,0.1,5.0,64.3,0.0,0.0,2.4,1040.0,Recovery,Cryptojacking,OneZeroMiner (GPU),HP Victus 16-d0417nf,Open Hardware Monitor,1
00:38:50.000,37.0,39.0,37.0,36.0,44.0,5.9,2.8,0.0,9.5,64.3,42.0,0.0,2.4,1042.0,Recovery,Cryptojacking,OneZeroMiner (GPU),HP Victus 16-d0417nf,Open Hardware Monitor,1
00:38:52.000,38.0,38.0,37.0,36.0,44.0,5.6,2.5,0.0,9.4,64.3,0.0,0.0,2.4,1044.0,Recovery,Cryptojacking,OneZeroMiner (GPU),HP Victus 16-d0417nf,Open Hardware Monitor,1
00:38:54.000,37.0,38.0,37.0,36.0,44.0,3.8,1.0,0.1,4.9,64.3,0.0,0.0,2.4,1046.0,Recovery,Cryptojacking,OneZeroMiner (GPU),HP Victus 16-d0417nf,Open Hardware Monitor,1
00:38:56.000,37.0,37.0,37.0,36.0,44.0,3.9,1.0,0.1,5.1,64.3,41.0,0.0,2.4,1048.0,Recovery,Cryptojacking,OneZeroMiner (GPU),HP Victus 16-d0417nf,Open Hardware Monitor,1
00:38:58.000,37.0,38.0,36.0,36.0,44.0,4.3,1.3,0.1,3.9,64.3,42.0,0.0,2.4,1050.0,Recovery,Cryptojacking,OneZeroMiner (GPU),HP Victus 16-d0417nf,Open Hardware Monitor,1
00:39:00.000,37.0,39.0,36.0,36.0,44.0,4.1,1.2,0.1,4.2,64.3,41.0,0.0,2.4,1052.0,Recovery,Cryptojacking,OneZeroMiner (GPU),HP Victus 16-d0417nf,Open Hardware Monitor,1
00:39:02.000,36.0,39.0,37.0,36.0,43.0,4.1,1.1,0.1,4.3,64.3,41.0,0.0,2.4,1054.0,Recovery,Cryptojacking,OneZeroMiner (GPU),HP Victus 16-d0417nf,Open Hardware Monitor,1
00:39:04.000,37.0,38.0,37.0,36.0,43.0,4.3,1.3,0.1,6.1,64.3,41.0,0.0,2.4,1056.0,Recovery,Cryptojacking,OneZeroMiner (GPU),HP Victus 16-d0417nf,Open Hardware Monitor,1
00:39:06.000,36.0,38.0,36.0,35.0,43.0,4.7,1.7,0.1,5.9,64.3,0.0,0.0,2.4,1058.0,Recovery,Cryptojacking,OneZeroMiner (GPU),HP Victus 16-d0417nf,Open Hardware Monitor,1
00:39:08.000,36.0,38.0,40.0,36.0,45.0,6.4,3.0,0.0,9.0,64.4,42.0,0.0,2.4,1060.0,Recovery,Cryptojacking,OneZeroMiner (GPU),HP Victus 16-d0417nf,Open Hardware Monitor,1
00:39:10.000,36.0,37.0,36.0,36.0,44.0,3.9,1.0,0.0,4.1,64.3,41.0,0.0,2.4,1062.0,Recovery,Cryptojacking,OneZeroMiner (GPU),HP Victus 16-d0417nf,Open Hardware Monitor,1
00:39:12.000,34.0,38.0,36.0,36.0,43.0,4.2,1.2,0.0,3.9,64.4,41.0,0.0,2.4,1064.0,Recovery,Cryptojacking,OneZeroMiner (GPU),HP Victus 16-d0417nf,Open Hardware Monitor,1
00:39:14.000,38.0,38.0,36.0,36.0,44.0,5.1,2.0,0.0,7.0,64.3,0.0,0.0,2.4,1066.0,Recovery,Cryptojacking,OneZeroMiner (GPU),HP Victus 16-d0417nf,Open Hardware Monitor,1
00:39:16.000,37.0,37.0,37.0,36.0,43.0,4.2,1.2,0.1,5.1,64.3,41.0,0.0,2.4,1068.0,Recovery,Cryptojacking,OneZeroMiner (GPU),HP Victus 16-d0417nf,Open Hardware Monitor,1
00:39:18.000,35.0,37.0,35.0,35.0,43.0,4.2,1.2,0.1,4.8,64.3,41.0,0.0,2.4,1070.0,Recovery,Cryptojacking,OneZeroMiner (GPU),HP Victus 16-d0417nf,Open Hardware Monitor,1
00:39:20.000,35.0,37.0,36.0,36.0,43.0,4.3,1.2,0.1,5.4,64.3,41.0,0.0,2.4,1072.0,Recovery,Cryptojacking,OneZeroMiner (GPU),HP Victus 16-d0417nf,Open Hardware Monitor,1
00:39:22.000,36.0,37.0,36.0,36.0,43.0,4.1,1.2,0.1,4.7,64.3,41.0,0.0,2.4,1074.0,Recovery,Cryptojacking,OneZeroMiner (GPU),HP Victus 16-d0417nf,Open Hardware Monitor,1
00:39:24.000,37.0,37.0,36.0,36.0,44.0,4.3,1.3,0.1,4.7,64.3,41.0,0.0,2.4,1076.0,Recovery,Cryptojacking,OneZeroMiner (GPU),HP Victus 16-d0417nf,Open Hardware Monitor,1
00:39:26.000,37.0,37.0,36.0,36.0,43.0,4.1,1.2,0.1,5.7,64.3,0.0,0.0,2.4,1078.0,Recovery,Cryptojacking,OneZeroMiner (GPU),HP Victus 16-d0417nf,Open Hardware Monitor,1
00:39:28.000,37.0,37.0,36.0,36.0,43.0,9.9,5.7,0.0,21.4,64.7,42.0,0.0,2.4,1080.0,Recovery,Cryptojacking,OneZeroMiner (GPU),HP Victus 16-d0417nf,Open Hardware Monitor,1
00:39:30.000,39.0,41.0,37.0,38.0,44.0,12.6,7.5,0.0,27.8,65.0,42.0,0.0,2.4,1082.0,Recovery,Cryptojacking,OneZeroMiner (GPU),HP Victus 16-d0417nf,Open Hardware Monitor,1
00:39:32.000,38.0,38.0,37.0,36.0,44.0,12.6,8.1,0.0,28.8,65.4,41.0,0.0,2.4,1084.0,Recovery,Cryptojacking,OneZeroMiner (GPU),HP Victus 16-d0417nf,Open Hardware Monitor,1
00:39:34.000,40.0,38.0,37.0,36.0,43.0,8.1,4.0,0.0,12.0,65.4,41.0,0.0,2.4,1086.0,Recovery,Cryptojacking,OneZeroMiner (GPU),HP Victus 16-d0417nf,Open Hardware Monitor,1
00:39:36.000,38.0,39.0,38.0,39.0,44.0,12.1,7.2,0.0,21.7,65.9,41.0,0.0,2.4,1088.0,Recovery,Cryptojacking,OneZeroMiner (GPU),HP Victus 16-d0417nf,Open Hardware Monitor,1
00:39:38.000,38.0,38.0,37.0,37.0,44.0,9.1,4.4,0.0,12.6,66.1,41.0,0.0,2.4,1090.0,Recovery,Cryptojacking,OneZeroMiner (GPU),HP Victus 16-d0417nf,Open Hardware Monitor,1
00:39:40.000,36.0,39.0,36.0,38.0,43.0,7.4,2.8,0.0,9.1,66.1,41.0,0.0,2.4,1092.0,Recovery,Cryptojacking,OneZeroMiner (GPU),HP Victus 16-d0417nf,Open Hardware Monitor,1
00:39:42.000,38.0,39.0,36.0,36.0,44.0,8.8,4.4,0.0,12.2,66.0,0.0,0.0,2.4,1094.0,Recovery,Cryptojacking,OneZeroMiner (GPU),HP Victus 16-d0417nf,Open Hardware Monitor,1
00:39:44.000,38.0,40.0,38.0,39.0,44.0,7.3,2.6,0.0,9.4,66.0,41.0,0.0,2.4,1096.0,Recovery,Cryptojacking,OneZeroMiner (GPU),HP Victus 16-d0417nf,Open Hardware Monitor,1
00:39:46.000,38.0,38.0,37.0,38.0,44.0,7.8,3.0,0.0,10.3,65.9,41.0,0.0,2.4,1098.0,Recovery,Cryptojacking,OneZeroMiner (GPU),HP Victus 16-d0417nf,Open Hardware Monitor,1
00:39:48.000,37.0,39.0,36.0,37.0,45.0,7.0,2.4,0.0,8.3,65.9,41.0,0.0,2.4,1100.0,Recovery,Cryptojacking,OneZeroMiner (GPU),HP Victus 16-d0417nf,Open Hardware Monitor,1
00:39:50.000,39.0,40.0,36.0,38.0,44.0,9.6,5.3,0.0,13.7,66.1,41.0,0.0,2.4,1102.0,Recovery,Cryptojacking,OneZeroMiner (GPU),HP Victus 16-d0417nf,Open Hardware Monitor,1
00:39:52.000,41.0,38.0,37.0,38.0,43.0,9.5,5.2,0.0,13.7,66.0,0.0,0.0,2.4,1104.0,Recovery,Cryptojacking,OneZeroMiner (GPU),HP Victus 16-d0417nf,Open Hardware Monitor,1
00:39:54.000,39.0,39.0,37.0,38.0,45.0,9.2,4.9,0.0,14.1,66.1,41.0,0.0,2.4,1106.0,Recovery,Cryptojacking,OneZeroMiner (GPU),HP Victus 16-d0417nf,Open Hardware Monitor,1
00:39:56.000,37.0,45.0,38.0,40.0,45.0,11.8,7.0,0.0,22.1,66.2,41.0,0.0,2.4,1108.0,Recovery,Cryptojacking,OneZeroMiner (GPU),HP Victus 16-d0417nf,Open Hardware Monitor,1
00:39:58.000,40.0,41.0,37.0,38.0,43.0,9.7,5.1,0.0,13.9,66.2,41.0,0.0,2.4,1110.0,Recovery,Cryptojacking,OneZeroMiner (GPU),HP Victus 16-d0417nf,Open Hardware Monitor,1
00:40:00.000,39.0,40.0,37.0,39.0,44.0,12.5,7.7,0.0,24.4,66.5,42.0,0.0,2.4,1112.0,Recovery,Cryptojacking,OneZeroMiner (GPU),HP Victus 16-d0417nf,Open Hardware Monitor,1
00:40:02.000,40.0,40.0,40.0,43.0,44.0,14.8,9.1,0.2,32.1,66.3,42.0,0.0,2.4,1114.0,Recovery,Cryptojacking,OneZeroMiner (GPU),HP Victus 16-d0417nf,Open Hardware Monitor,1
00:40:04.000,40.0,45.0,41.0,42.0,44.0,12.9,7.6,0.0,26.3,66.3,0.0,0.0,2.4,1116.0,Recovery,Cryptojacking,OneZeroMiner (GPU),HP Victus 16-d0417nf,Open Hardware Monitor,1
