Timestamp,Power (W),Relative Time (s),Mode,Attack Type,Attack,Host,Measurement,Run
01:00:00.000,18.7,0.0,Idle,Cryptojacking,CoinIMP (CPU) (100%),Apple MacBook Pro i7 2013,Kuman KW47,1
01:00:05.000,20.3,5.0,Idle,Cryptojacking,CoinIMP (CPU) (100%),Apple MacBook Pro i7 2013,Kuman KW47,1
01:00:10.000,19.0,10.0,Idle,Cryptojacking,CoinIMP (CPU) (100%),Apple MacBook Pro i7 2013,Kuman KW47,1
01:00:15.000,20.9,15.0,Idle,Cryptojacking,CoinIMP (CPU) (100%),Apple MacBook Pro i7 2013,Kuman KW47,1
01:00:20.000,19.0,20.0,Idle,Cryptojacking,CoinIMP (CPU) (100%),Apple MacBook Pro i7 2013,Kuman KW47,1
01:00:25.000,18.4,25.0,Idle,Cryptojacking,CoinIMP (CPU) (100%),Apple MacBook Pro i7 2013,Kuman KW47,1
01:00:30.000,18.4,30.0,Idle,Cryptojacking,CoinIMP (CPU) (100%),Apple MacBook Pro i7 2013,Kuman KW47,1
01:00:35.000,19.0,35.0,Idle,Cryptojacking,CoinIMP (CPU) (100%),Apple MacBook Pro i7 2013,Kuman KW47,1
01:00:40.000,19.0,40.0,Idle,Cryptojacking,CoinIMP (CPU) (100%),Apple MacBook Pro i7 2013,Kuman KW47,1
01:00:45.000,18.7,45.0,Idle,Cryptojacking,CoinIMP (CPU) (100%),Apple MacBook Pro i7 2013,Kuman KW47,1
01:00:50.000,18.7,50.0,Idle,Cryptojacking,CoinIMP (CPU) (100%),Apple MacBook Pro i7 2013,Kuman KW47,1
01:00:55.000,18.7,55.0,Idle,Cryptojacking,CoinIMP (CPU) (100%),Apple MacBook Pro i7 2013,Kuman KW47,1
01:01:00.000,18.7,60.0,Idle,Cryptojacking,CoinIMP (CPU) (100%),Apple MacBook Pro i7 2013,Kuman KW47,1
01:01:05.000,20.3,65.0,Idle,Cryptojacking,CoinIMP (CPU) (100%),Apple MacBook Pro i7 2013,Kuman KW47,1
01:01:10.000,19.3,70.0,Idle,Cryptojacking,CoinIMP (CPU) (100%),Apple MacBook Pro i7 2013,Kuman KW47,1
01:01:15.000,19.3,75.0,Idle,Cryptojacking,CoinIMP (CPU) (100%),Apple MacBook Pro i7 2013,Kuman KW47,1
01:01:20.000,18.4,80.0,Idle,Cryptojacking,CoinIMP (CPU) (100%),Apple MacBook Pro i7 2013,Kuman KW47,1
01:01:25.000,18.4,85.0,Idle,Cryptojacking,CoinIMP (CPU) (100%),Apple MacBook Pro i7 2013,Kuman KW47,1
01:01:30.000,19.0,90.0,Idle,Cryptojacking,CoinIMP (CPU) (100%),Apple MacBook Pro i7 2013,Kuman KW47,1
01:01:35.000,19.3,95.0,Idle,Cryptojacking,CoinIMP (CPU) (100%),Apple MacBook Pro i7 2013,Kuman KW47,1
01:01:40.000,19.0,100.0,Idle,Cryptojacking,CoinIMP (CPU) (100%),Apple MacBook Pro i7 2013,Kuman KW47,1
01:01:45.000,18.4,105.0,Idle,Cryptojacking,CoinIMP (CPU) (100%),Apple MacBook Pro i7 2013,Kuman KW47,1
01:01:50.000,18.7,110.0,Idle,Cryptojacking,CoinIMP (CPU) (100%),Apple MacBook Pro i7 2013,Kuman KW47,1
01:01:55.000,18.7,115.0,Idle,Cryptojacking,CoinIMP (CPU) (100%),Apple MacBook Pro i7 2013,Kuman KW47,1
01:02:00.000,19.0,120.0,Idle,Cryptojacking,CoinIMP (CPU) (100%),Apple MacBook Pro i7 2013,Kuman KW47,1
01:02:05.000,18.7,125.0,Idle,Cryptojacking,CoinIMP (CPU) (100%),Apple MacBook Pro i7 2013,Kuman KW47,1
01:02:10.000,19.3,130.0,Idle,Cryptojacking,CoinIMP (CPU) (100%),Apple MacBook Pro i7 2013,Kuman KW47,1
01:02:15.000,19.6,135.0,Idle,Cryptojacking,CoinIMP (CPU) (100%),Apple MacBook Pro i7 2013,Kuman KW47,1
01:02:20.000,18.7,140.0,Idle,Cryptojacking,CoinIMP (CPU) (100%),Apple MacBook Pro i7 2013,Kuman KW47,1
01:02:25.000,18.4,145.0,Idle,Cryptojacking,CoinIMP (CPU) (100%),Apple MacBook Pro i7 2013,Kuman KW47,1
01:02:30.000,19.0,150.0,Idle,Cryptojacking,CoinIMP (CPU) (100%),Apple MacBook Pro i7 2013,Kuman KW47,1
01:02:35.000,18.7,155.0,Idle,Cryptojacking,CoinIMP (CPU) (100%),Apple MacBook Pro i7 2013,Kuman KW47,1
01:02:40.000,19.0,160.0,Idle,Cryptojacking,CoinIMP (CPU) (100%),Apple MacBook Pro i7 2013,Kuman KW47,1
01:02:45.000,20.0,165.0,Idle,Cryptojacking,CoinIMP (CPU) (100%),Apple MacBook Pro i7 2013,Kuman KW47,1
01:02:50.000,18.7,170.0,Idle,Cryptojacking,CoinIMP (CPU) (100%),Apple MacBook Pro i7 2013,Kuman KW47,1
01:02:55.000,19.3,175.0,Idle,Cryptojacking,CoinIMP (CPU) (100%),Apple MacBook Pro i7 2013,Kuman KW47,1
01:03:00.000,20.6,180.0,Idle_browser_open,Cryptojacking,CoinIMP (CPU) (100%),Apple MacBook Pro i7 2013,Kuman KW47,1
01:03:05.000,40.6,185.0,Idle_browser_open,Cryptojacking,CoinIMP (CPU) (100%),Apple MacBook Pro i7 2013,Kuman KW47,1
01:03:10.000,20.6,190.0,Idle_browser_open,Cryptojacking,CoinIMP (CPU) (100%),Apple MacBook Pro i7 2013,Kuman KW47,1
01:03:15.000,20.9,195.0,Idle_browser_open,Cryptojacking,CoinIMP (CPU) (100%),Apple MacBook Pro i7 2013,Kuman KW47,1
01:03:20.000,18.4,200.0,Idle_browser_open,Cryptojacking,CoinIMP (CPU) (100%),Apple MacBook Pro i7 2013,Kuman KW47,1
01:03:25.000,17.8,205.0,Idle_browser_open,Cryptojacking,CoinIMP (CPU) (100%),Apple MacBook Pro i7 2013,Kuman KW47,1
01:03:30.000,16.9,210.0,Idle_browser_open,Cryptojacking,CoinIMP (CPU) (100%),Apple MacBook Pro i7 2013,Kuman KW47,1
01:03:35.000,17.2,215.0,Idle_browser_open,Cryptojacking,CoinIMP (CPU) (100%),Apple MacBook Pro i7 2013,Kuman KW47,1
01:03:40.000,16.9,220.0,Idle_browser_open,Cryptojacking,CoinIMP (CPU) (100%),Apple MacBook Pro i7 2013,Kuman KW47,1
01:03:45.000,17.2,225.0,Idle_browser_open,Cryptojacking,CoinIMP (CPU) (100%),Apple MacBook Pro i7 2013,Kuman KW47,1
01:03:50.000,17.8,230.0,Idle_browser_open,Cryptojacking,CoinIMP (CPU) (100%),Apple MacBook Pro i7 2013,Kuman KW47,1
01:03:55.000,17.2,235.0,Idle_browser_open,Cryptojacking,CoinIMP (CPU) (100%),Apple MacBook Pro i7 2013,Kuman KW47,1
01:04:00.000,16.6,240.0,Idle_browser_open,Cryptojacking,CoinIMP (CPU) (100%),Apple MacBook Pro i7 2013,Kuman KW47,1
01:04:05.000,16.9,245.0,Idle_browser_open,Cryptojacking,CoinIMP (CPU) (100%),Apple MacBook Pro i7 2013,Kuman KW47,1
01:04:10.000,17.8,250.0,Idle_browser_open,Cryptojacking,CoinIMP (CPU) (100%),Apple MacBook Pro i7 2013,Kuman KW47,1
01:04:15.000,19.0,255.0,Idle_browser_open,Cryptojacking,CoinIMP (CPU) (100%),Apple MacBook Pro i7 2013,Kuman KW47,1
01:04:20.000,17.2,260.0,Idle_browser_open,Cryptojacking,CoinIMP (CPU) (100%),Apple MacBook Pro i7 2013,Kuman KW47,1
01:04:25.000,16.9,265.0,Idle_browser_open,Cryptojacking,CoinIMP (CPU) (100%),Apple MacBook Pro i7 2013,Kuman KW47,1
01:04:30.000,16.0,270.0,Idle_browser_open,Cryptojacking,CoinIMP (CPU) (100%),Apple MacBook Pro i7 2013,Kuman KW47,1
01:04:35.000,16.6,275.0,Idle_browser_open,Cryptojacking,CoinIMP (CPU) (100%),Apple MacBook Pro i7 2013,Kuman KW47,1
01:04:40.000,16.6,280.0,Idle_browser_open,Cryptojacking,CoinIMP (CPU) (100%),Apple MacBook Pro i7 2013,Kuman KW47,1
01:04:45.000,18.1,285.0,Idle_browser_open,Cryptojacking,CoinIMP (CPU) (100%),Apple MacBook Pro i7 2013,Kuman KW47,1
01:04:50.000,17.2,290.0,Idle_browser_open,Cryptojacking,CoinIMP (CPU) (100%),Apple MacBook Pro i7 2013,Kuman KW47,1
01:04:55.000,16.9,295.0,Idle_browser_open,Cryptojacking,CoinIMP (CPU) (100%),Apple MacBook Pro i7 2013,Kuman KW47,1
01:05:00.000,20.0,300.0,Attack,Cryptojacking,CoinIMP (CPU) (100%),Apple MacBook Pro i7 2013,Kuman KW47,1
01:05:05.000,24.5,305.0,Attack,Cryptojacking,CoinIMP (CPU) (100%),Apple MacBook Pro i7 2013,Kuman KW47,1
01:05:10.000,59.6,310.0,Attack,Cryptojacking,CoinIMP (CPU) (100%),Apple MacBook Pro i7 2013,Kuman KW47,1
01:05:15.000,60.6,315.0,Attack,Cryptojacking,CoinIMP (CPU) (100%),Apple MacBook Pro i7 2013,Kuman KW47,1
01:05:20.000,61.2,320.0,Attack,Cryptojacking,CoinIMP (CPU) (100%),Apple MacBook Pro i7 2013,Kuman KW47,1
01:05:25.000,61.5,325.0,Attack,Cryptojacking,CoinIMP (CPU) (100%),Apple MacBook Pro i7 2013,Kuman KW47,1
01:05:30.000,61.8,330.0,Attack,Cryptojacking,CoinIMP (CPU) (100%),Apple MacBook Pro i7 2013,Kuman KW47,1
01:05:35.000,62.1,335.0,Attack,Cryptojacking,CoinIMP (CPU) (100%),Apple MacBook Pro i7 2013,Kuman KW47,1
01:05:40.000,62.7,340.0,Attack,Cryptojacking,CoinIMP (CPU) (100%),Apple MacBook Pro i7 2013,Kuman KW47,1
01:05:45.000,63.0,345.0,Attack,Cryptojacking,CoinIMP (CPU) (100%),Apple MacBook Pro i7 2013,Kuman KW47,1
01:05:50.000,63.3,350.0,Attack,Cryptojacking,CoinIMP (CPU) (100%),Apple MacBook Pro i7 2013,Kuman KW47,1
01:05:55.000,63.6,355.0,Attack,Cryptojacking,CoinIMP (CPU) (100%),Apple MacBook Pro i7 2013,Kuman KW47,1
01:06:00.000,63.9,360.0,Attack,Cryptojacking,CoinIMP (CPU) (100%),Apple MacBook Pro i7 2013,Kuman KW47,1
01:06:05.000,64.5,365.0,Attack,Cryptojacking,CoinIMP (CPU) (100%),Apple MacBook Pro i7 2013,Kuman KW47,1
01:06:10.000,64.2,370.0,Attack,Cryptojacking,CoinIMP (CPU) (100%),Apple MacBook Pro i7 2013,Kuman KW47,1
01:06:15.000,64.5,375.0,Attack,Cryptojacking,CoinIMP (CPU) (100%),Apple MacBook Pro i7 2013,Kuman KW47,1
01:06:20.000,64.8,380.0,Attack,Cryptojacking,CoinIMP (CPU) (100%),Apple MacBook Pro i7 2013,Kuman KW47,1
01:06:25.000,64.2,385.0,Attack,Cryptojacking,CoinIMP (CPU) (100%),Apple MacBook Pro i7 2013,Kuman KW47,1
01:06:30.000,64.8,390.0,Attack,Cryptojacking,CoinIMP (CPU) (100%),Apple MacBook Pro i7 2013,Kuman KW47,1
01:06:35.000,64.2,395.0,Attack,Cryptojacking,CoinIMP (CPU) (100%),Apple MacBook Pro i7 2013,Kuman KW47,1
01:06:40.000,64.8,400.0,Attack,Cryptojacking,CoinIMP (CPU) (100%),Apple MacBook Pro i7 2013,Kuman KW47,1
01:06:45.000,64.8,405.0,Attack,Cryptojacking,CoinIMP (CPU) (100%),Apple MacBook Pro i7 2013,Kuman KW47,1
01:06:50.000,65.1,410.0,Attack,Cryptojacking,CoinIMP (CPU) (100%),Apple MacBook Pro i7 2013,Kuman KW47,1
01:06:55.000,65.1,415.0,Attack,Cryptojacking,CoinIMP (CPU) (100%),Apple MacBook Pro i7 2013,Kuman KW47,1
01:07:00.000,64.8,420.0,Attack,Cryptojacking,CoinIMP (CPU) (100%),Apple MacBook Pro i7 2013,Kuman KW47,1
01:07:05.000,65.1,425.0,Attack,Cryptojacking,CoinIMP (CPU) (100%),Apple MacBook Pro i7 2013,Kuman KW47,1
01:07:10.000,64.8,430.0,Attack,Cryptojacking,CoinIMP (CPU) (100%),Apple MacBook Pro i7 2013,Kuman KW47,1
01:07:15.000,64.8,435.0,Attack,Cryptojacking,CoinIMP (CPU) (100%),Apple MacBook Pro i7 2013,Kuman KW47,1
01:07:20.000,64.8,440.0,Attack,Cryptojacking,CoinIMP (CPU) (100%),Apple MacBook Pro i7 2013,Kuman KW47,1
01:07:25.000,65.1,445.0,Attack,Cryptojacking,CoinIMP (CPU) (100%),Apple MacBook Pro i7 2013,Kuman KW47,1
01:07:30.000,65.1,450.0,Attack,Cryptojacking,CoinIMP (CPU) (100%),Apple MacBook Pro i7 2013,Kuman KW47,1
01:07:35.000,64.8,455.0,Attack,Cryptojacking,CoinIMP (CPU) (100%),Apple MacBook Pro i7 2013,Kuman KW47,1
01:07:40.000,64.8,460.0,Attack,Cryptojacking,CoinIMP (CPU) (100%),Apple MacBook Pro i7 2013,Kuman KW47,1
01:07:45.000,65.1,465.0,Attack,Cryptojacking,CoinIMP (CPU) (100%),Apple MacBook Pro i7 2013,Kuman KW47,1
01:07:50.000,65.4,470.0,Attack,Cryptojacking,CoinIMP (CPU) (100%),Apple MacBook Pro i7 2013,Kuman KW47,1
01:07:55.000,65.1,475.0,Attack,Cryptojacking,CoinIMP (CPU) (100%),Apple MacBook Pro i7 2013,Kuman KW47,1
01:08:00.000,65.4,480.0,Attack,Cryptojacking,CoinIMP (CPU) (100%),Apple MacBook Pro i7 2013,Kuman KW47,1
01:08:05.000,65.1,485.0,Attack,Cryptojacking,CoinIMP (CPU) (100%),Apple MacBook Pro i7 2013,Kuman KW47,1
01:08:10.000,64.8,490.0,Attack,Cryptojacking,CoinIMP (CPU) (100%),Apple MacBook Pro i7 2013,Kuman KW47,1
01:08:15.000,64.5,495.0,Attack,Cryptojacking,CoinIMP (CPU) (100%),Apple MacBook Pro i7 2013,Kuman KW47,1
01:08:20.000,65.1,500.0,Attack,Cryptojacking,CoinIMP (CPU) (100%),Apple MacBook Pro i7 2013,Kuman KW47,1
01:08:25.000,65.1,505.0,Attack,Cryptojacking,CoinIMP (CPU) (100%),Apple MacBook Pro i7 2013,Kuman KW47,1
01:08:30.000,65.1,510.0,Attack,Cryptojacking,CoinIMP (CPU) (100%),Apple MacBook Pro i7 2013,Kuman KW47,1
01:08:35.000,64.8,515.0,Attack,Cryptojacking,CoinIMP (CPU) (100%),Apple MacBook Pro i7 2013,Kuman KW47,1
01:08:40.000,64.8,520.0,Attack,Cryptojacking,CoinIMP (CPU) (100%),Apple MacBook Pro i7 2013,Kuman KW47,1
01:08:45.000,65.4,525.0,Attack,Cryptojacking,CoinIMP (CPU) (100%),Apple MacBook Pro i7 2013,Kuman KW47,1
01:08:50.000,64.8,530.0,Attack,Cryptojacking,CoinIMP (CPU) (100%),Apple MacBook Pro i7 2013,Kuman KW47,1
01:08:55.000,65.4,535.0,Attack,Cryptojacking,CoinIMP (CPU) (100%),Apple MacBook Pro i7 2013,Kuman KW47,1
01:09:00.000,65.1,540.0,Attack,Cryptojacking,CoinIMP (CPU) (100%),Apple MacBook Pro i7 2013,Kuman KW47,1
01:09:05.000,65.1,545.0,Attack,Cryptojacking,CoinIMP (CPU) (100%),Apple MacBook Pro i7 2013,Kuman KW47,1
01:09:10.000,65.1,550.0,Attack,Cryptojacking,CoinIMP (CPU) (100%),Apple MacBook Pro i7 2013,Kuman KW47,1
01:09:15.000,64.8,555.0,Attack,Cryptojacking,CoinIMP (CPU) (100%),Apple MacBook Pro i7 2013,Kuman KW47,1
01:09:20.000,65.4,560.0,Attack,Cryptojacking,CoinIMP (CPU) (100%),Apple MacBook Pro i7 2013,Kuman KW47,1
01:09:25.000,65.4,565.0,Attack,Cryptojacking,CoinIMP (CPU) (100%),Apple MacBook Pro i7 2013,Kuman KW47,1
01:09:30.000,64.8,570.0,Attack,Cryptojacking,CoinIMP (CPU) (100%),Apple MacBook Pro i7 2013,Kuman KW47,1
01:09:35.000,64.8,575.0,Attack,Cryptojacking,CoinIMP (CPU) (100%),Apple MacBook Pro i7 2013,Kuman KW47,1
01:09:40.000,64.8,580.0,Attack,Cryptojacking,CoinIMP (CPU) (100%),Apple MacBook Pro i7 2013,Kuman KW47,1
01:09:45.000,65.1,585.0,Attack,Cryptojacking,CoinIMP (CPU) (100%),Apple MacBook Pro i7 2013,Kuman KW47,1
01:09:50.000,64.8,590.0,Attack,Cryptojacking,CoinIMP (CPU) (100%),Apple MacBook Pro i7 2013,Kuman KW47,1
01:09:55.000,65.4,595.0,Attack,Cryptojacking,CoinIMP (CPU) (100%),Apple MacBook Pro i7 2013,Kuman KW47,1
01:10:00.000,65.1,600.0,Recovery,Cryptojacking,CoinIMP (CPU) (100%),Apple MacBook Pro i7 2013,Kuman KW47,1
01:10:05.000,30.3,605.0,Recovery,Cryptojacking,CoinIMP (CPU) (100%),Apple MacBook Pro i7 2013,Kuman KW47,1
01:10:10.000,19.6,610.0,Recovery,Cryptojacking,CoinIMP (CPU) (100%),Apple MacBook Pro i7 2013,Kuman KW47,1
01:10:15.000,20.0,615.0,Recovery,Cryptojacking,CoinIMP (CPU) (100%),Apple MacBook Pro i7 2013,Kuman KW47,1
01:10:20.000,19.6,620.0,Recovery,Cryptojacking,CoinIMP (CPU) (100%),Apple MacBook Pro i7 2013,Kuman KW47,1
01:10:25.000,18.7,625.0,Recovery,Cryptojacking,CoinIMP (CPU) (100%),Apple MacBook Pro i7 2013,Kuman KW47,1
01:10:30.000,19.0,630.0,Recovery,Cryptojacking,CoinIMP (CPU) (100%),Apple MacBook Pro i7 2013,Kuman KW47,1
01:10:35.000,18.4,635.0,Recovery,Cryptojacking,CoinIMP (CPU) (100%),Apple MacBook Pro i7 2013,Kuman KW47,1
01:10:40.000,19.0,640.0,Recovery,Cryptojacking,CoinIMP (CPU) (100%),Apple MacBook Pro i7 2013,Kuman KW47,1
01:10:45.000,17.5,645.0,Recovery,Cryptojacking,CoinIMP (CPU) (100%),Apple MacBook Pro i7 2013,Kuman KW47,1
01:10:50.000,18.1,650.0,Recovery,Cryptojacking,CoinIMP (CPU) (100%),Apple MacBook Pro i7 2013,Kuman KW47,1
01:10:55.000,18.4,655.0,Recovery,Cryptojacking,CoinIMP (CPU) (100%),Apple MacBook Pro i7 2013,Kuman KW47,1
01:11:00.000,18.4,660.0,Recovery,Cryptojacking,CoinIMP (CPU) (100%),Apple MacBook Pro i7 2013,Kuman KW47,1
01:11:05.000,17.2,665.0,Recovery,Cryptojacking,CoinIMP (CPU) (100%),Apple MacBook Pro i7 2013,Kuman KW47,1
01:11:10.000,16.9,670.0,Recovery,Cryptojacking,CoinIMP (CPU) (100%),Apple MacBook Pro i7 2013,Kuman KW47,1
01:11:15.000,17.5,675.0,Recovery,Cryptojacking,CoinIMP (CPU) (100%),Apple MacBook Pro i7 2013,Kuman KW47,1
01:11:20.000,17.8,680.0,Recovery,Cryptojacking,CoinIMP (CPU) (100%),Apple MacBook Pro i7 2013,Kuman KW47,1
01:11:25.000,19.0,685.0,Recovery,Cryptojacking,CoinIMP (CPU) (100%),Apple MacBook Pro i7 2013,Kuman KW47,1
01:11:30.000,19.3,690.0,Recovery,Cryptojacking,CoinIMP (CPU) (100%),Apple MacBook Pro i7 2013,Kuman KW47,1
01:11:35.000,16.9,695.0,Recovery,Cryptojacking,CoinIMP (CPU) (100%),Apple MacBook Pro i7 2013,Kuman KW47,1
01:11:40.000,17.5,700.0,Recovery,Cryptojacking,CoinIMP (CPU) (100%),Apple MacBook Pro i7 2013,Kuman KW47,1
01:11:45.000,18.1,705.0,Recovery,Cryptojacking,CoinIMP (CPU) (100%),Apple MacBook Pro i7 2013,Kuman KW47,1
01:11:50.000,17.5,710.0,Recovery,Cryptojacking,CoinIMP (CPU) (100%),Apple MacBook Pro i7 2013,Kuman KW47,1
01:11:55.000,18.4,715.0,Recovery,Cryptojacking,CoinIMP (CPU) (100%),Apple MacBook Pro i7 2013,Kuman KW47,1
01:12:00.000,16.9,720.0,Recovery,Cryptojacking,CoinIMP (CPU) (100%),Apple MacBook Pro i7 2013,Kuman KW47,1
01:12:05.000,17.5,725.0,Recovery,Cryptojacking,CoinIMP (CPU) (100%),Apple MacBook Pro i7 2013,Kuman KW47,1
01:12:10.000,17.8,730.0,Recovery,Cryptojacking,CoinIMP (CPU) (100%),Apple MacBook Pro i7 2013,Kuman KW47,1
01:12:15.000,18.7,735.0,Recovery,Cryptojacking,CoinIMP (CPU) (100%),Apple MacBook Pro i7 2013,Kuman KW47,1
01:12:20.000,17.2,740.0,Recovery,Cryptojacking,CoinIMP (CPU) (100%),Apple MacBook Pro i7 2013,Kuman KW47,1
01:12:25.000,17.2,745.0,Recovery,Cryptojacking,CoinIMP (CPU) (100%),Apple MacBook Pro i7 2013,Kuman KW47,1
01:12:30.000,16.6,750.0,Recovery,Cryptojacking,CoinIMP (CPU) (100%),Apple MacBook Pro i7 2013,Kuman KW47,1
01:12:35.000,17.5,755.0,Recovery,Cryptojacking,CoinIMP (CPU) (100%),Apple MacBook Pro i7 2013,Kuman KW47,1
01:12:40.000,18.1,760.0,Recovery,Cryptojacking,CoinIMP (CPU) (100%),Apple MacBook Pro i7 2013,Kuman KW47,1
01:12:45.000,17.5,765.0,Recovery,Cryptojacking,CoinIMP (CPU) (100%),Apple MacBook Pro i7 2013,Kuman KW47,1
01:12:50.000,17.8,770.0,Recovery,Cryptojacking,CoinIMP (CPU) (100%),Apple MacBook Pro i7 2013,Kuman KW47,1
01:12:55.000,16.9,775.0,Recovery,Cryptojacking,CoinIMP (CPU) (100%),Apple MacBook Pro i7 2013,Kuman KW47,1
01:13:00.000,18.1,780.0,Recovery,Cryptojacking,CoinIMP (CPU) (100%),Apple MacBook Pro i7 2013,Kuman KW47,1
01:13:05.000,18.1,785.0,Recovery,Cryptojacking,CoinIMP (CPU) (100%),Apple MacBook Pro i7 2013,Kuman KW47,1
01:13:10.000,17.5,790.0,Recovery,Cryptojacking,CoinIMP (CPU) (100%),Apple MacBook Pro i7 2013,Kuman KW47,1
01:13:15.000,20.0,795.0,Recovery,Cryptojacking,CoinIMP (CPU) (100%),Apple MacBook Pro i7 2013,Kuman KW47,1
01:13:20.000,17.8,800.0,Recovery,Cryptojacking,CoinIMP (CPU) (100%),Apple MacBook Pro i7 2013,Kuman KW47,1
01:13:25.000,18.4,805.0,Recovery,Cryptojacking,CoinIMP (CPU) (100%),Apple MacBook Pro i7 2013,Kuman KW47,1
01:13:30.000,18.7,810.0,Recovery,Cryptojacking,CoinIMP (CPU) (100%),Apple MacBook Pro i7 2013,Kuman KW47,1
01:13:35.000,17.5,815.0,Recovery,Cryptojacking,CoinIMP (CPU) (100%),Apple MacBook Pro i7 2013,Kuman KW47,1
01:13:40.000,17.5,820.0,Recovery,Cryptojacking,CoinIMP (CPU) (100%),Apple MacBook Pro i7 2013,Kuman KW47,1
01:13:45.000,17.2,825.0,Recovery,Cryptojacking,CoinIMP (CPU) (100%),Apple MacBook Pro i7 2013,Kuman KW47,1
01:13:50.000,17.5,830.0,Recovery,Cryptojacking,CoinIMP (CPU) (100%),Apple MacBook Pro i7 2013,Kuman KW47,1
01:13:55.000,18.1,835.0,Recovery,Cryptojacking,CoinIMP (CPU) (100%),Apple MacBook Pro i7 2013,Kuman KW47,1
01:14:00.000,17.2,840.0,Recovery,Cryptojacking,CoinIMP (CPU) (100%),Apple MacBook Pro i7 2013,Kuman KW47,1
01:14:05.000,17.8,845.0,Recovery,Cryptojacking,CoinIMP (CPU) (100%),Apple MacBook Pro i7 2013,Kuman KW47,1
01:14:10.000,16.6,850.0,Recovery,Cryptojacking,CoinIMP (CPU) (100%),Apple MacBook Pro i7 2013,Kuman KW47,1
01:14:15.000,17.5,855.0,Recovery,Cryptojacking,CoinIMP (CPU) (100%),Apple MacBook Pro i7 2013,Kuman KW47,1
01:14:20.000,17.8,860.0,Recovery,Cryptojacking,CoinIMP (CPU) (100%),Apple MacBook Pro i7 2013,Kuman KW47,1
01:14:25.000,18.1,865.0,Recovery,Cryptojacking,CoinIMP (CPU) (100%),Apple MacBook Pro i7 2013,Kuman KW47,1
01:14:30.000,16.9,870.0,Recovery,Cryptojacking,CoinIMP (CPU) (100%),Apple MacBook Pro i7 2013,Kuman KW47,1
01:14:35.000,16.6,875.0,Recovery,Cryptojacking,CoinIMP (CPU) (100%),Apple MacBook Pro i7 2013,Kuman KW47,1
01:14:40.000,17.5,880.0,Recovery,Cryptojacking,CoinIMP (CPU) (100%),Apple MacBook Pro i7 2013,Kuman KW47,1
01:14:45.000,18.1,885.0,Recovery,Cryptojacking,CoinIMP (CPU) (100%),Apple MacBook Pro i7 2013,Kuman KW47,1
01:14:50.000,16.9,890.0,Recovery,Cryptojacking,CoinIMP (CPU) (100%),Apple MacBook Pro i7 2013,Kuman KW47,1
01:14:55.000,18.1,895.0,Recovery,Cryptojacking,CoinIMP (CPU) (100%),Apple MacBook Pro i7 2013,Kuman KW47,1
01:15:00.000,17.2,900.0,Recovery,Cryptojacking,CoinIMP (CPU) (100%),Apple MacBook Pro i7 2013,Kuman KW47,1
